Country Name,Country ISO3,Year,Indicator Name,Indicator Code,Value
#country+name,#country+code,#date+year,#indicator+name,#indicator+code,#indicator+value+num
Cote d'Ivoire,CIV,2022,Agricultural land (% of land area),AG.LND.AGRI.ZS,84.1568125786164
Cote d'Ivoire,CIV,2021,Agricultural land (% of land area),AG.LND.AGRI.ZS,84.3928672955975
Cote d'Ivoire,CIV,2020,Agricultural land (% of land area),AG.LND.AGRI.ZS,82.6258229559748
Cote d'Ivoire,CIV,2019,Agricultural land (% of land area),AG.LND.AGRI.ZS,81.5248
Cote d'Ivoire,CIV,2018,Agricultural land (% of land area),AG.LND.AGRI.ZS,81.3420738993711
Cote d'Ivoire,CIV,2017,Agricultural land (% of land area),AG.LND.AGRI.ZS,77.7044808176101
Cote d'Ivoire,CIV,2016,Agricultural land (% of land area),AG.LND.AGRI.ZS,75.4266364779874
Cote d'Ivoire,CIV,2015,Agricultural land (% of land area),AG.LND.AGRI.ZS,76.9368119496855
Cote d'Ivoire,CIV,2014,Agricultural land (% of land area),AG.LND.AGRI.ZS,72.5917201257862
Cote d'Ivoire,CIV,2013,Agricultural land (% of land area),AG.LND.AGRI.ZS,70.8868805031447
Cote d'Ivoire,CIV,2012,Agricultural land (% of land area),AG.LND.AGRI.ZS,68.963858490566
Cote d'Ivoire,CIV,2011,Agricultural land (% of land area),AG.LND.AGRI.ZS,66.200179245283
Cote d'Ivoire,CIV,2010,Agricultural land (% of land area),AG.LND.AGRI.ZS,65.7358081761006
Cote d'Ivoire,CIV,2009,Agricultural land (% of land area),AG.LND.AGRI.ZS,65.6981257861635
Cote d'Ivoire,CIV,2008,Agricultural land (% of land area),AG.LND.AGRI.ZS,65.7955125786164
Cote d'Ivoire,CIV,2007,Agricultural land (% of land area),AG.LND.AGRI.ZS,66.0606006289308
Cote d'Ivoire,CIV,2006,Agricultural land (% of land area),AG.LND.AGRI.ZS,65.0364025157233
Cote d'Ivoire,CIV,2005,Agricultural land (% of land area),AG.LND.AGRI.ZS,64.1655880503145
Cote d'Ivoire,CIV,2004,Agricultural land (% of land area),AG.LND.AGRI.ZS,63.403606918239
Cote d'Ivoire,CIV,2003,Agricultural land (% of land area),AG.LND.AGRI.ZS,61.0849088050314
Cote d'Ivoire,CIV,2002,Agricultural land (% of land area),AG.LND.AGRI.ZS,60.9599433962264
Cote d'Ivoire,CIV,2001,Agricultural land (% of land area),AG.LND.AGRI.ZS,60.5841698113208
Cote d'Ivoire,CIV,2000,Agricultural land (% of land area),AG.LND.AGRI.ZS,62.124572327044
Cote d'Ivoire,CIV,1999,Agricultural land (% of land area),AG.LND.AGRI.ZS,61.8879308176101
Cote d'Ivoire,CIV,1998,Agricultural land (% of land area),AG.LND.AGRI.ZS,61.6021855345912
Cote d'Ivoire,CIV,1997,Agricultural land (% of land area),AG.LND.AGRI.ZS,61.3082012578616
Cote d'Ivoire,CIV,1996,Agricultural land (% of land area),AG.LND.AGRI.ZS,62.0582044025157
Cote d'Ivoire,CIV,1995,Agricultural land (% of land area),AG.LND.AGRI.ZS,62.1001572327044
Cote d'Ivoire,CIV,1994,Agricultural land (% of land area),AG.LND.AGRI.ZS,59.7674528301887
Cote d'Ivoire,CIV,1993,Agricultural land (% of land area),AG.LND.AGRI.ZS,61.3270440251572
Cote d'Ivoire,CIV,1992,Agricultural land (% of land area),AG.LND.AGRI.ZS,58.6314622641509
Cote d'Ivoire,CIV,1991,Agricultural land (% of land area),AG.LND.AGRI.ZS,58.5856635220126
Cote d'Ivoire,CIV,1990,Agricultural land (% of land area),AG.LND.AGRI.ZS,59.9286037735849
Cote d'Ivoire,CIV,1989,Agricultural land (% of land area),AG.LND.AGRI.ZS,58.2686132075472
Cote d'Ivoire,CIV,1988,Agricultural land (% of land area),AG.LND.AGRI.ZS,59.1586100628931
Cote d'Ivoire,CIV,1987,Agricultural land (% of land area),AG.LND.AGRI.ZS,57.9163836477987
Cote d'Ivoire,CIV,1986,Agricultural land (% of land area),AG.LND.AGRI.ZS,57.6022075471698
Cote d'Ivoire,CIV,1985,Agricultural land (% of land area),AG.LND.AGRI.ZS,57.2657672955975
Cote d'Ivoire,CIV,1984,Agricultural land (% of land area),AG.LND.AGRI.ZS,56.2924528301887
Cote d'Ivoire,CIV,1983,Agricultural land (% of land area),AG.LND.AGRI.ZS,55.2955974842767
Cote d'Ivoire,CIV,1982,Agricultural land (% of land area),AG.LND.AGRI.ZS,55.3093993710692
Cote d'Ivoire,CIV,1981,Agricultural land (% of land area),AG.LND.AGRI.ZS,54.8984150943396
Cote d'Ivoire,CIV,1980,Agricultural land (% of land area),AG.LND.AGRI.ZS,54.4679182389937
Cote d'Ivoire,CIV,1979,Agricultural land (% of land area),AG.LND.AGRI.ZS,54.3718333333333
Cote d'Ivoire,CIV,1978,Agricultural land (% of land area),AG.LND.AGRI.ZS,54.2558616352201
Cote d'Ivoire,CIV,1977,Agricultural land (% of land area),AG.LND.AGRI.ZS,53.8837012578616
Cote d'Ivoire,CIV,1976,Agricultural land (% of land area),AG.LND.AGRI.ZS,53.1435125786163
Cote d'Ivoire,CIV,1975,Agricultural land (% of land area),AG.LND.AGRI.ZS,52.8345094339623
Cote d'Ivoire,CIV,1974,Agricultural land (% of land area),AG.LND.AGRI.ZS,52.4069213836478
Cote d'Ivoire,CIV,1973,Agricultural land (% of land area),AG.LND.AGRI.ZS,51.912606918239
Cote d'Ivoire,CIV,1972,Agricultural land (% of land area),AG.LND.AGRI.ZS,51.2893081761006
Cote d'Ivoire,CIV,1971,Agricultural land (% of land area),AG.LND.AGRI.ZS,51.2895786163522
Cote d'Ivoire,CIV,1970,Agricultural land (% of land area),AG.LND.AGRI.ZS,51.1058836477987
Cote d'Ivoire,CIV,1969,Agricultural land (% of land area),AG.LND.AGRI.ZS,51.0204496855346
Cote d'Ivoire,CIV,1968,Agricultural land (% of land area),AG.LND.AGRI.ZS,50.9355188679245
Cote d'Ivoire,CIV,1967,Agricultural land (% of land area),AG.LND.AGRI.ZS,50.832855345912
Cote d'Ivoire,CIV,1966,Agricultural land (% of land area),AG.LND.AGRI.ZS,50.6583396226415
Cote d'Ivoire,CIV,1965,Agricultural land (% of land area),AG.LND.AGRI.ZS,50.4925911949685
Cote d'Ivoire,CIV,1964,Agricultural land (% of land area),AG.LND.AGRI.ZS,50.3100974842767
Cote d'Ivoire,CIV,1963,Agricultural land (% of land area),AG.LND.AGRI.ZS,50.0469496855346
Cote d'Ivoire,CIV,1962,Agricultural land (% of land area),AG.LND.AGRI.ZS,49.8607610062893
Cote d'Ivoire,CIV,1961,Agricultural land (% of land area),AG.LND.AGRI.ZS,49.4778867924528
Cote d'Ivoire,CIV,2022,Arable land (% of land area),AG.LND.ARBL.ZS,13.5497968553459
Cote d'Ivoire,CIV,2021,Arable land (% of land area),AG.LND.ARBL.ZS,13.3553672955975
Cote d'Ivoire,CIV,2020,Arable land (% of land area),AG.LND.ARBL.ZS,12.9918952830189
Cote d'Ivoire,CIV,2019,Arable land (% of land area),AG.LND.ARBL.ZS,13.039834591195
Cote d'Ivoire,CIV,2018,Arable land (% of land area),AG.LND.ARBL.ZS,12.8193726415094
Cote d'Ivoire,CIV,2017,Arable land (% of land area),AG.LND.ARBL.ZS,12.5264462264151
Cote d'Ivoire,CIV,2016,Arable land (% of land area),AG.LND.ARBL.ZS,11.888658490566
Cote d'Ivoire,CIV,2015,Arable land (% of land area),AG.LND.ARBL.ZS,12.1187050314465
Cote d'Ivoire,CIV,2014,Arable land (% of land area),AG.LND.ARBL.ZS,11.0062893081761
Cote d'Ivoire,CIV,2013,Arable land (% of land area),AG.LND.ARBL.ZS,11.0062893081761
Cote d'Ivoire,CIV,2012,Arable land (% of land area),AG.LND.ARBL.ZS,9.43396226415094
Cote d'Ivoire,CIV,2011,Arable land (% of land area),AG.LND.ARBL.ZS,9.11949685534591
Cote d'Ivoire,CIV,2010,Arable land (% of land area),AG.LND.ARBL.ZS,9.11949685534591
Cote d'Ivoire,CIV,2009,Arable land (% of land area),AG.LND.ARBL.ZS,9.11949685534591
Cote d'Ivoire,CIV,2008,Arable land (% of land area),AG.LND.ARBL.ZS,9.11949685534591
Cote d'Ivoire,CIV,2007,Arable land (% of land area),AG.LND.ARBL.ZS,9.11949685534591
Cote d'Ivoire,CIV,2006,Arable land (% of land area),AG.LND.ARBL.ZS,8.80503144654088
Cote d'Ivoire,CIV,2005,Arable land (% of land area),AG.LND.ARBL.ZS,8.80503144654088
Cote d'Ivoire,CIV,2004,Arable land (% of land area),AG.LND.ARBL.ZS,8.80503144654088
Cote d'Ivoire,CIV,2003,Arable land (% of land area),AG.LND.ARBL.ZS,8.80503144654088
Cote d'Ivoire,CIV,2002,Arable land (% of land area),AG.LND.ARBL.ZS,8.80503144654088
Cote d'Ivoire,CIV,2001,Arable land (% of land area),AG.LND.ARBL.ZS,8.80503144654088
Cote d'Ivoire,CIV,2000,Arable land (% of land area),AG.LND.ARBL.ZS,8.80503144654088
Cote d'Ivoire,CIV,1999,Arable land (% of land area),AG.LND.ARBL.ZS,8.80503144654088
Cote d'Ivoire,CIV,1998,Arable land (% of land area),AG.LND.ARBL.ZS,9.11949685534591
Cote d'Ivoire,CIV,1997,Arable land (% of land area),AG.LND.ARBL.ZS,9.11949685534591
Cote d'Ivoire,CIV,1996,Arable land (% of land area),AG.LND.ARBL.ZS,9.43396226415094
Cote d'Ivoire,CIV,1995,Arable land (% of land area),AG.LND.ARBL.ZS,9.43396226415094
Cote d'Ivoire,CIV,1994,Arable land (% of land area),AG.LND.ARBL.ZS,9.43396226415094
Cote d'Ivoire,CIV,1993,Arable land (% of land area),AG.LND.ARBL.ZS,9.12578616352201
Cote d'Ivoire,CIV,1992,Arable land (% of land area),AG.LND.ARBL.ZS,8.17610062893082
Cote d'Ivoire,CIV,1991,Arable land (% of land area),AG.LND.ARBL.ZS,7.70440251572327
Cote d'Ivoire,CIV,1990,Arable land (% of land area),AG.LND.ARBL.ZS,7.64150943396226
Cote d'Ivoire,CIV,1989,Arable land (% of land area),AG.LND.ARBL.ZS,7.61006289308176
Cote d'Ivoire,CIV,1988,Arable land (% of land area),AG.LND.ARBL.ZS,7.61006289308176
Cote d'Ivoire,CIV,1987,Arable land (% of land area),AG.LND.ARBL.ZS,7.54716981132075
Cote d'Ivoire,CIV,1986,Arable land (% of land area),AG.LND.ARBL.ZS,7.48427672955975
Cote d'Ivoire,CIV,1985,Arable land (% of land area),AG.LND.ARBL.ZS,7.48427672955975
Cote d'Ivoire,CIV,1984,Arable land (% of land area),AG.LND.ARBL.ZS,7.23584905660377
Cote d'Ivoire,CIV,1983,Arable land (% of land area),AG.LND.ARBL.ZS,6.39622641509434
Cote d'Ivoire,CIV,1982,Arable land (% of land area),AG.LND.ARBL.ZS,6.25786163522013
Cote d'Ivoire,CIV,1981,Arable land (% of land area),AG.LND.ARBL.ZS,6.19496855345912
Cote d'Ivoire,CIV,1980,Arable land (% of land area),AG.LND.ARBL.ZS,6.14779874213836
Cote d'Ivoire,CIV,1979,Arable land (% of land area),AG.LND.ARBL.ZS,6.05345911949686
Cote d'Ivoire,CIV,1978,Arable land (% of land area),AG.LND.ARBL.ZS,6.0062893081761
Cote d'Ivoire,CIV,1977,Arable land (% of land area),AG.LND.ARBL.ZS,5.91194968553459
Cote d'Ivoire,CIV,1976,Arable land (% of land area),AG.LND.ARBL.ZS,5.78616352201258
Cote d'Ivoire,CIV,1975,Arable land (% of land area),AG.LND.ARBL.ZS,5.70754716981132
Cote d'Ivoire,CIV,1974,Arable land (% of land area),AG.LND.ARBL.ZS,5.58176100628931
Cote d'Ivoire,CIV,1973,Arable land (% of land area),AG.LND.ARBL.ZS,5.47169811320755
Cote d'Ivoire,CIV,1972,Arable land (% of land area),AG.LND.ARBL.ZS,5.37735849056604
Cote d'Ivoire,CIV,1971,Arable land (% of land area),AG.LND.ARBL.ZS,5.34591194968553
Cote d'Ivoire,CIV,1970,Arable land (% of land area),AG.LND.ARBL.ZS,5.34591194968553
Cote d'Ivoire,CIV,1969,Arable land (% of land area),AG.LND.ARBL.ZS,5.34591194968553
Cote d'Ivoire,CIV,1968,Arable land (% of land area),AG.LND.ARBL.ZS,5.34591194968553
Cote d'Ivoire,CIV,1967,Arable land (% of land area),AG.LND.ARBL.ZS,5.34591194968553
Cote d'Ivoire,CIV,1966,Arable land (% of land area),AG.LND.ARBL.ZS,5.28301886792453
Cote d'Ivoire,CIV,1965,Arable land (% of land area),AG.LND.ARBL.ZS,5.28301886792453
Cote d'Ivoire,CIV,1964,Arable land (% of land area),AG.LND.ARBL.ZS,5.28301886792453
Cote d'Ivoire,CIV,1963,Arable land (% of land area),AG.LND.ARBL.ZS,5.28301886792453
Cote d'Ivoire,CIV,1962,Arable land (% of land area),AG.LND.ARBL.ZS,5.28301886792453
Cote d'Ivoire,CIV,1961,Arable land (% of land area),AG.LND.ARBL.ZS,5.28301886792453
Cote d'Ivoire,CIV,2015,Rural land area where elevation is below 5 meters (sq. km),AG.LND.EL5M.RU.K2,1533.4364454
Cote d'Ivoire,CIV,2000,Rural land area where elevation is below 5 meters (sq. km),AG.LND.EL5M.RU.K2,1545.95135037
Cote d'Ivoire,CIV,1990,Rural land area where elevation is below 5 meters (sq. km),AG.LND.EL5M.RU.K2,1556.32544252
Cote d'Ivoire,CIV,2015,Rural land area where elevation is below 5 meters (% of total land area),AG.LND.EL5M.RU.ZS,0.477697741841454
Cote d'Ivoire,CIV,2000,Rural land area where elevation is below 5 meters (% of total land area),AG.LND.EL5M.RU.ZS,0.481596398261764
Cote d'Ivoire,CIV,1990,Rural land area where elevation is below 5 meters (% of total land area),AG.LND.EL5M.RU.ZS,0.484828146410127
Cote d'Ivoire,CIV,2015,Urban land area where elevation is below 5 meters (sq. km),AG.LND.EL5M.UR.K2,112.711235897
Cote d'Ivoire,CIV,2000,Urban land area where elevation is below 5 meters (sq. km),AG.LND.EL5M.UR.K2,100.1963309307
Cote d'Ivoire,CIV,1990,Urban land area where elevation is below 5 meters (sq. km),AG.LND.EL5M.UR.K2,89.8222387773
Cote d'Ivoire,CIV,2015,Urban land area where elevation is below 5 meters (% of total land area),AG.LND.EL5M.UR.ZS,0.0351119233077257
Cote d'Ivoire,CIV,2000,Urban land area where elevation is below 5 meters (% of total land area),AG.LND.EL5M.UR.ZS,0.031213266888198
Cote d'Ivoire,CIV,1990,Urban land area where elevation is below 5 meters (% of total land area),AG.LND.EL5M.UR.ZS,0.0279815187383256
Cote d'Ivoire,CIV,2015,Land area where elevation is below 5 meters (% of total land area),AG.LND.EL5M.ZS,0.51280966514918
Cote d'Ivoire,CIV,2000,Land area where elevation is below 5 meters (% of total land area),AG.LND.EL5M.ZS,0.512809665149963
Cote d'Ivoire,CIV,1990,Land area where elevation is below 5 meters (% of total land area),AG.LND.EL5M.ZS,0.512809665148453
Cote d'Ivoire,CIV,2022,Forest area (sq. km),AG.LND.FRST.K2,26109.389
Cote d'Ivoire,CIV,2021,Forest area (sq. km),AG.LND.FRST.K2,27238.267
Cote d'Ivoire,CIV,2020,Forest area (sq. km),AG.LND.FRST.K2,28367.1
Cote d'Ivoire,CIV,2019,Forest area (sq. km),AG.LND.FRST.K2,29496
Cote d'Ivoire,CIV,2018,Forest area (sq. km),AG.LND.FRST.K2,30624.8
Cote d'Ivoire,CIV,2017,Forest area (sq. km),AG.LND.FRST.K2,31753.7
Cote d'Ivoire,CIV,2016,Forest area (sq. km),AG.LND.FRST.K2,32882.6
Cote d'Ivoire,CIV,2015,Forest area (sq. km),AG.LND.FRST.K2,34011.5
Cote d'Ivoire,CIV,2014,Forest area (sq. km),AG.LND.FRST.K2,35140.36
Cote d'Ivoire,CIV,2013,Forest area (sq. km),AG.LND.FRST.K2,36269.22
Cote d'Ivoire,CIV,2012,Forest area (sq. km),AG.LND.FRST.K2,37398.08
Cote d'Ivoire,CIV,2011,Forest area (sq. km),AG.LND.FRST.K2,38526.94
Cote d'Ivoire,CIV,2010,Forest area (sq. km),AG.LND.FRST.K2,39655.8
Cote d'Ivoire,CIV,2009,Forest area (sq. km),AG.LND.FRST.K2,40784.67
Cote d'Ivoire,CIV,2008,Forest area (sq. km),AG.LND.FRST.K2,41913.54
Cote d'Ivoire,CIV,2007,Forest area (sq. km),AG.LND.FRST.K2,43042.41
Cote d'Ivoire,CIV,2006,Forest area (sq. km),AG.LND.FRST.K2,44171.28
Cote d'Ivoire,CIV,2005,Forest area (sq. km),AG.LND.FRST.K2,45300.15
Cote d'Ivoire,CIV,2004,Forest area (sq. km),AG.LND.FRST.K2,46429.02
Cote d'Ivoire,CIV,2003,Forest area (sq. km),AG.LND.FRST.K2,47557.89
Cote d'Ivoire,CIV,2002,Forest area (sq. km),AG.LND.FRST.K2,48686.76
Cote d'Ivoire,CIV,2001,Forest area (sq. km),AG.LND.FRST.K2,49815.63
Cote d'Ivoire,CIV,2000,Forest area (sq. km),AG.LND.FRST.K2,50944.5
Cote d'Ivoire,CIV,1999,Forest area (sq. km),AG.LND.FRST.K2,53700.91
Cote d'Ivoire,CIV,1998,Forest area (sq. km),AG.LND.FRST.K2,56457.32
Cote d'Ivoire,CIV,1997,Forest area (sq. km),AG.LND.FRST.K2,59213.73
Cote d'Ivoire,CIV,1996,Forest area (sq. km),AG.LND.FRST.K2,61970.14
Cote d'Ivoire,CIV,1995,Forest area (sq. km),AG.LND.FRST.K2,64726.55
Cote d'Ivoire,CIV,1994,Forest area (sq. km),AG.LND.FRST.K2,67482.96
Cote d'Ivoire,CIV,1993,Forest area (sq. km),AG.LND.FRST.K2,70239.37
Cote d'Ivoire,CIV,1992,Forest area (sq. km),AG.LND.FRST.K2,72995.78
Cote d'Ivoire,CIV,1991,Forest area (sq. km),AG.LND.FRST.K2,75752.19
Cote d'Ivoire,CIV,1990,Forest area (sq. km),AG.LND.FRST.K2,78508.6
Cote d'Ivoire,CIV,2022,Forest area (% of land area),AG.LND.FRST.ZS,8.21049968553459
Cote d'Ivoire,CIV,2021,Forest area (% of land area),AG.LND.FRST.ZS,8.5654927672956
Cote d'Ivoire,CIV,2020,Forest area (% of land area),AG.LND.FRST.ZS,8.92047169811321
Cote d'Ivoire,CIV,2019,Forest area (% of land area),AG.LND.FRST.ZS,9.27547169811321
Cote d'Ivoire,CIV,2018,Forest area (% of land area),AG.LND.FRST.ZS,9.63044025157233
Cote d'Ivoire,CIV,2017,Forest area (% of land area),AG.LND.FRST.ZS,9.98544025157233
Cote d'Ivoire,CIV,2016,Forest area (% of land area),AG.LND.FRST.ZS,10.3404402515723
Cote d'Ivoire,CIV,2015,Forest area (% of land area),AG.LND.FRST.ZS,10.6954402515723
Cote d'Ivoire,CIV,2014,Forest area (% of land area),AG.LND.FRST.ZS,11.050427672956
Cote d'Ivoire,CIV,2013,Forest area (% of land area),AG.LND.FRST.ZS,11.4054150943396
Cote d'Ivoire,CIV,2012,Forest area (% of land area),AG.LND.FRST.ZS,11.7604025157233
Cote d'Ivoire,CIV,2011,Forest area (% of land area),AG.LND.FRST.ZS,12.1153899371069
Cote d'Ivoire,CIV,2010,Forest area (% of land area),AG.LND.FRST.ZS,12.4703773584906
Cote d'Ivoire,CIV,2009,Forest area (% of land area),AG.LND.FRST.ZS,12.8253679245283
Cote d'Ivoire,CIV,2008,Forest area (% of land area),AG.LND.FRST.ZS,13.180358490566
Cote d'Ivoire,CIV,2007,Forest area (% of land area),AG.LND.FRST.ZS,13.5353490566038
Cote d'Ivoire,CIV,2006,Forest area (% of land area),AG.LND.FRST.ZS,13.8903396226415
Cote d'Ivoire,CIV,2005,Forest area (% of land area),AG.LND.FRST.ZS,14.2453301886792
Cote d'Ivoire,CIV,2004,Forest area (% of land area),AG.LND.FRST.ZS,14.600320754717
Cote d'Ivoire,CIV,2003,Forest area (% of land area),AG.LND.FRST.ZS,14.9553113207547
Cote d'Ivoire,CIV,2002,Forest area (% of land area),AG.LND.FRST.ZS,15.3103018867925
Cote d'Ivoire,CIV,2001,Forest area (% of land area),AG.LND.FRST.ZS,15.6652924528302
Cote d'Ivoire,CIV,2000,Forest area (% of land area),AG.LND.FRST.ZS,16.0202830188679
Cote d'Ivoire,CIV,1999,Forest area (% of land area),AG.LND.FRST.ZS,16.8870786163522
Cote d'Ivoire,CIV,1998,Forest area (% of land area),AG.LND.FRST.ZS,17.7538742138365
Cote d'Ivoire,CIV,1997,Forest area (% of land area),AG.LND.FRST.ZS,18.6206698113208
Cote d'Ivoire,CIV,1996,Forest area (% of land area),AG.LND.FRST.ZS,19.487465408805
Cote d'Ivoire,CIV,1995,Forest area (% of land area),AG.LND.FRST.ZS,20.3542610062893
Cote d'Ivoire,CIV,1994,Forest area (% of land area),AG.LND.FRST.ZS,21.2210566037736
Cote d'Ivoire,CIV,1993,Forest area (% of land area),AG.LND.FRST.ZS,22.0878522012579
Cote d'Ivoire,CIV,1992,Forest area (% of land area),AG.LND.FRST.ZS,22.9546477987421
Cote d'Ivoire,CIV,1991,Forest area (% of land area),AG.LND.FRST.ZS,23.8214433962264
Cote d'Ivoire,CIV,1990,Forest area (% of land area),AG.LND.FRST.ZS,24.6882389937107
Cote d'Ivoire,CIV,2021,Average precipitation in depth (mm per year),AG.LND.PRCP.MM,1348
Cote d'Ivoire,CIV,2020,Average precipitation in depth (mm per year),AG.LND.PRCP.MM,1348
Cote d'Ivoire,CIV,2019,Average precipitation in depth (mm per year),AG.LND.PRCP.MM,1348
Cote d'Ivoire,CIV,2018,Average precipitation in depth (mm per year),AG.LND.PRCP.MM,1348
Cote d'Ivoire,CIV,2017,Average precipitation in depth (mm per year),AG.LND.PRCP.MM,1348
Cote d'Ivoire,CIV,2016,Average precipitation in depth (mm per year),AG.LND.PRCP.MM,1348
Cote d'Ivoire,CIV,2015,Average precipitation in depth (mm per year),AG.LND.PRCP.MM,1348
Cote d'Ivoire,CIV,2014,Average precipitation in depth (mm per year),AG.LND.PRCP.MM,1348
Cote d'Ivoire,CIV,2013,Average precipitation in depth (mm per year),AG.LND.PRCP.MM,1348
Cote d'Ivoire,CIV,2012,Average precipitation in depth (mm per year),AG.LND.PRCP.MM,1348
Cote d'Ivoire,CIV,2011,Average precipitation in depth (mm per year),AG.LND.PRCP.MM,1348
Cote d'Ivoire,CIV,2010,Average precipitation in depth (mm per year),AG.LND.PRCP.MM,1348
Cote d'Ivoire,CIV,2009,Average precipitation in depth (mm per year),AG.LND.PRCP.MM,1348
Cote d'Ivoire,CIV,2008,Average precipitation in depth (mm per year),AG.LND.PRCP.MM,1348
Cote d'Ivoire,CIV,2007,Average precipitation in depth (mm per year),AG.LND.PRCP.MM,1348
Cote d'Ivoire,CIV,2006,Average precipitation in depth (mm per year),AG.LND.PRCP.MM,1348
Cote d'Ivoire,CIV,2005,Average precipitation in depth (mm per year),AG.LND.PRCP.MM,1348
Cote d'Ivoire,CIV,2004,Average precipitation in depth (mm per year),AG.LND.PRCP.MM,1348
Cote d'Ivoire,CIV,2003,Average precipitation in depth (mm per year),AG.LND.PRCP.MM,1348
Cote d'Ivoire,CIV,2002,Average precipitation in depth (mm per year),AG.LND.PRCP.MM,1348
Cote d'Ivoire,CIV,2001,Average precipitation in depth (mm per year),AG.LND.PRCP.MM,1348
Cote d'Ivoire,CIV,2000,Average precipitation in depth (mm per year),AG.LND.PRCP.MM,1348
Cote d'Ivoire,CIV,1999,Average precipitation in depth (mm per year),AG.LND.PRCP.MM,1348
Cote d'Ivoire,CIV,1998,Average precipitation in depth (mm per year),AG.LND.PRCP.MM,1348
Cote d'Ivoire,CIV,1997,Average precipitation in depth (mm per year),AG.LND.PRCP.MM,1348
Cote d'Ivoire,CIV,1996,Average precipitation in depth (mm per year),AG.LND.PRCP.MM,1348
Cote d'Ivoire,CIV,1995,Average precipitation in depth (mm per year),AG.LND.PRCP.MM,1348
Cote d'Ivoire,CIV,1994,Average precipitation in depth (mm per year),AG.LND.PRCP.MM,1348
Cote d'Ivoire,CIV,1993,Average precipitation in depth (mm per year),AG.LND.PRCP.MM,1348
Cote d'Ivoire,CIV,1992,Average precipitation in depth (mm per year),AG.LND.PRCP.MM,1348
Cote d'Ivoire,CIV,1991,Average precipitation in depth (mm per year),AG.LND.PRCP.MM,1348
Cote d'Ivoire,CIV,1990,Average precipitation in depth (mm per year),AG.LND.PRCP.MM,1348
Cote d'Ivoire,CIV,1989,Average precipitation in depth (mm per year),AG.LND.PRCP.MM,1348
Cote d'Ivoire,CIV,1988,Average precipitation in depth (mm per year),AG.LND.PRCP.MM,1348
Cote d'Ivoire,CIV,1987,Average precipitation in depth (mm per year),AG.LND.PRCP.MM,1348
Cote d'Ivoire,CIV,1986,Average precipitation in depth (mm per year),AG.LND.PRCP.MM,1348
Cote d'Ivoire,CIV,1985,Average precipitation in depth (mm per year),AG.LND.PRCP.MM,1348
Cote d'Ivoire,CIV,1984,Average precipitation in depth (mm per year),AG.LND.PRCP.MM,1348
Cote d'Ivoire,CIV,1983,Average precipitation in depth (mm per year),AG.LND.PRCP.MM,1348
Cote d'Ivoire,CIV,1982,Average precipitation in depth (mm per year),AG.LND.PRCP.MM,1348
Cote d'Ivoire,CIV,1981,Average precipitation in depth (mm per year),AG.LND.PRCP.MM,1348
Cote d'Ivoire,CIV,1980,Average precipitation in depth (mm per year),AG.LND.PRCP.MM,1348
Cote d'Ivoire,CIV,1979,Average precipitation in depth (mm per year),AG.LND.PRCP.MM,1348
Cote d'Ivoire,CIV,1978,Average precipitation in depth (mm per year),AG.LND.PRCP.MM,1348
Cote d'Ivoire,CIV,1977,Average precipitation in depth (mm per year),AG.LND.PRCP.MM,1348
Cote d'Ivoire,CIV,1976,Average precipitation in depth (mm per year),AG.LND.PRCP.MM,1348
Cote d'Ivoire,CIV,1975,Average precipitation in depth (mm per year),AG.LND.PRCP.MM,1348
Cote d'Ivoire,CIV,1974,Average precipitation in depth (mm per year),AG.LND.PRCP.MM,1348
Cote d'Ivoire,CIV,1973,Average precipitation in depth (mm per year),AG.LND.PRCP.MM,1348
Cote d'Ivoire,CIV,1972,Average precipitation in depth (mm per year),AG.LND.PRCP.MM,1348
Cote d'Ivoire,CIV,1971,Average precipitation in depth (mm per year),AG.LND.PRCP.MM,1348
Cote d'Ivoire,CIV,1970,Average precipitation in depth (mm per year),AG.LND.PRCP.MM,1348
Cote d'Ivoire,CIV,1969,Average precipitation in depth (mm per year),AG.LND.PRCP.MM,1348
Cote d'Ivoire,CIV,1968,Average precipitation in depth (mm per year),AG.LND.PRCP.MM,1348
Cote d'Ivoire,CIV,1967,Average precipitation in depth (mm per year),AG.LND.PRCP.MM,1348
Cote d'Ivoire,CIV,1966,Average precipitation in depth (mm per year),AG.LND.PRCP.MM,1348
Cote d'Ivoire,CIV,1965,Average precipitation in depth (mm per year),AG.LND.PRCP.MM,1348
Cote d'Ivoire,CIV,1964,Average precipitation in depth (mm per year),AG.LND.PRCP.MM,1348
Cote d'Ivoire,CIV,1963,Average precipitation in depth (mm per year),AG.LND.PRCP.MM,1348
Cote d'Ivoire,CIV,1962,Average precipitation in depth (mm per year),AG.LND.PRCP.MM,1348
Cote d'Ivoire,CIV,1961,Average precipitation in depth (mm per year),AG.LND.PRCP.MM,1348
Cote d'Ivoire,CIV,2022,Land area (sq. km),AG.LND.TOTL.K2,318000
Cote d'Ivoire,CIV,2021,Land area (sq. km),AG.LND.TOTL.K2,318000
Cote d'Ivoire,CIV,2020,Land area (sq. km),AG.LND.TOTL.K2,318000
Cote d'Ivoire,CIV,2019,Land area (sq. km),AG.LND.TOTL.K2,318000
Cote d'Ivoire,CIV,2018,Land area (sq. km),AG.LND.TOTL.K2,318000
Cote d'Ivoire,CIV,2017,Land area (sq. km),AG.LND.TOTL.K2,318000
Cote d'Ivoire,CIV,2016,Land area (sq. km),AG.LND.TOTL.K2,318000
Cote d'Ivoire,CIV,2015,Land area (sq. km),AG.LND.TOTL.K2,318000
Cote d'Ivoire,CIV,2014,Land area (sq. km),AG.LND.TOTL.K2,318000
Cote d'Ivoire,CIV,2013,Land area (sq. km),AG.LND.TOTL.K2,318000
Cote d'Ivoire,CIV,2012,Land area (sq. km),AG.LND.TOTL.K2,318000
Cote d'Ivoire,CIV,2011,Land area (sq. km),AG.LND.TOTL.K2,318000
Cote d'Ivoire,CIV,2010,Land area (sq. km),AG.LND.TOTL.K2,318000
Cote d'Ivoire,CIV,2009,Land area (sq. km),AG.LND.TOTL.K2,318000
Cote d'Ivoire,CIV,2008,Land area (sq. km),AG.LND.TOTL.K2,318000
Cote d'Ivoire,CIV,2007,Land area (sq. km),AG.LND.TOTL.K2,318000
Cote d'Ivoire,CIV,2006,Land area (sq. km),AG.LND.TOTL.K2,318000
Cote d'Ivoire,CIV,2005,Land area (sq. km),AG.LND.TOTL.K2,318000
Cote d'Ivoire,CIV,2004,Land area (sq. km),AG.LND.TOTL.K2,318000
Cote d'Ivoire,CIV,2003,Land area (sq. km),AG.LND.TOTL.K2,318000
Cote d'Ivoire,CIV,2002,Land area (sq. km),AG.LND.TOTL.K2,318000
Cote d'Ivoire,CIV,2001,Land area (sq. km),AG.LND.TOTL.K2,318000
Cote d'Ivoire,CIV,2000,Land area (sq. km),AG.LND.TOTL.K2,318000
Cote d'Ivoire,CIV,1999,Land area (sq. km),AG.LND.TOTL.K2,318000
Cote d'Ivoire,CIV,1998,Land area (sq. km),AG.LND.TOTL.K2,318000
Cote d'Ivoire,CIV,1997,Land area (sq. km),AG.LND.TOTL.K2,318000
Cote d'Ivoire,CIV,1996,Land area (sq. km),AG.LND.TOTL.K2,318000
Cote d'Ivoire,CIV,1995,Land area (sq. km),AG.LND.TOTL.K2,318000
Cote d'Ivoire,CIV,1994,Land area (sq. km),AG.LND.TOTL.K2,318000
Cote d'Ivoire,CIV,1993,Land area (sq. km),AG.LND.TOTL.K2,318000
Cote d'Ivoire,CIV,1992,Land area (sq. km),AG.LND.TOTL.K2,318000
Cote d'Ivoire,CIV,1991,Land area (sq. km),AG.LND.TOTL.K2,318000
Cote d'Ivoire,CIV,1990,Land area (sq. km),AG.LND.TOTL.K2,318000
Cote d'Ivoire,CIV,1989,Land area (sq. km),AG.LND.TOTL.K2,318000
Cote d'Ivoire,CIV,1988,Land area (sq. km),AG.LND.TOTL.K2,318000
Cote d'Ivoire,CIV,1987,Land area (sq. km),AG.LND.TOTL.K2,318000
Cote d'Ivoire,CIV,1986,Land area (sq. km),AG.LND.TOTL.K2,318000
Cote d'Ivoire,CIV,1985,Land area (sq. km),AG.LND.TOTL.K2,318000
Cote d'Ivoire,CIV,1984,Land area (sq. km),AG.LND.TOTL.K2,318000
Cote d'Ivoire,CIV,1983,Land area (sq. km),AG.LND.TOTL.K2,318000
Cote d'Ivoire,CIV,1982,Land area (sq. km),AG.LND.TOTL.K2,318000
Cote d'Ivoire,CIV,1981,Land area (sq. km),AG.LND.TOTL.K2,318000
Cote d'Ivoire,CIV,1980,Land area (sq. km),AG.LND.TOTL.K2,318000
Cote d'Ivoire,CIV,1979,Land area (sq. km),AG.LND.TOTL.K2,318000
Cote d'Ivoire,CIV,1978,Land area (sq. km),AG.LND.TOTL.K2,318000
Cote d'Ivoire,CIV,1977,Land area (sq. km),AG.LND.TOTL.K2,318000
Cote d'Ivoire,CIV,1976,Land area (sq. km),AG.LND.TOTL.K2,318000
Cote d'Ivoire,CIV,1975,Land area (sq. km),AG.LND.TOTL.K2,318000
Cote d'Ivoire,CIV,1974,Land area (sq. km),AG.LND.TOTL.K2,318000
Cote d'Ivoire,CIV,1973,Land area (sq. km),AG.LND.TOTL.K2,318000
Cote d'Ivoire,CIV,1972,Land area (sq. km),AG.LND.TOTL.K2,318000
Cote d'Ivoire,CIV,1971,Land area (sq. km),AG.LND.TOTL.K2,318000
Cote d'Ivoire,CIV,1970,Land area (sq. km),AG.LND.TOTL.K2,318000
Cote d'Ivoire,CIV,1969,Land area (sq. km),AG.LND.TOTL.K2,318000
Cote d'Ivoire,CIV,1968,Land area (sq. km),AG.LND.TOTL.K2,318000
Cote d'Ivoire,CIV,1967,Land area (sq. km),AG.LND.TOTL.K2,318000
Cote d'Ivoire,CIV,1966,Land area (sq. km),AG.LND.TOTL.K2,318000
Cote d'Ivoire,CIV,1965,Land area (sq. km),AG.LND.TOTL.K2,318000
Cote d'Ivoire,CIV,1964,Land area (sq. km),AG.LND.TOTL.K2,318000
Cote d'Ivoire,CIV,1963,Land area (sq. km),AG.LND.TOTL.K2,318000
Cote d'Ivoire,CIV,1962,Land area (sq. km),AG.LND.TOTL.K2,318000
Cote d'Ivoire,CIV,1961,Land area (sq. km),AG.LND.TOTL.K2,318000
Cote d'Ivoire,CIV,2015,Rural land area (sq. km),AG.LND.TOTL.RU.K2,318023.63117579
Cote d'Ivoire,CIV,2000,Rural land area (sq. km),AG.LND.TOTL.RU.K2,318672.32606869
Cote d'Ivoire,CIV,1990,Rural land area (sq. km),AG.LND.TOTL.RU.K2,319242.16283389
Cote d'Ivoire,CIV,2015,Urban land area (sq. km),AG.LND.TOTL.UR.K2,2981.9568951999
Cote d'Ivoire,CIV,2000,Urban land area (sq. km),AG.LND.TOTL.UR.K2,2333.2620025317
Cote d'Ivoire,CIV,1990,Urban land area (sq. km),AG.LND.TOTL.UR.K2,1763.4252376137
Cote d'Ivoire,CIV,2022,Surface area (sq. km),AG.SRF.TOTL.K2,322460
Cote d'Ivoire,CIV,2021,Surface area (sq. km),AG.SRF.TOTL.K2,322460
Cote d'Ivoire,CIV,2020,Surface area (sq. km),AG.SRF.TOTL.K2,322460
Cote d'Ivoire,CIV,2019,Surface area (sq. km),AG.SRF.TOTL.K2,322460
Cote d'Ivoire,CIV,2018,Surface area (sq. km),AG.SRF.TOTL.K2,322460
Cote d'Ivoire,CIV,2017,Surface area (sq. km),AG.SRF.TOTL.K2,322460
Cote d'Ivoire,CIV,2016,Surface area (sq. km),AG.SRF.TOTL.K2,322460
Cote d'Ivoire,CIV,2015,Surface area (sq. km),AG.SRF.TOTL.K2,322460
Cote d'Ivoire,CIV,2014,Surface area (sq. km),AG.SRF.TOTL.K2,322460
Cote d'Ivoire,CIV,2013,Surface area (sq. km),AG.SRF.TOTL.K2,322460
Cote d'Ivoire,CIV,2012,Surface area (sq. km),AG.SRF.TOTL.K2,322460
Cote d'Ivoire,CIV,2011,Surface area (sq. km),AG.SRF.TOTL.K2,322460
Cote d'Ivoire,CIV,2010,Surface area (sq. km),AG.SRF.TOTL.K2,322460
Cote d'Ivoire,CIV,2009,Surface area (sq. km),AG.SRF.TOTL.K2,322460
Cote d'Ivoire,CIV,2008,Surface area (sq. km),AG.SRF.TOTL.K2,322460
Cote d'Ivoire,CIV,2007,Surface area (sq. km),AG.SRF.TOTL.K2,322460
Cote d'Ivoire,CIV,2006,Surface area (sq. km),AG.SRF.TOTL.K2,322460
Cote d'Ivoire,CIV,2005,Surface area (sq. km),AG.SRF.TOTL.K2,322460
Cote d'Ivoire,CIV,2004,Surface area (sq. km),AG.SRF.TOTL.K2,322460
Cote d'Ivoire,CIV,2003,Surface area (sq. km),AG.SRF.TOTL.K2,322460
Cote d'Ivoire,CIV,2002,Surface area (sq. km),AG.SRF.TOTL.K2,322460
Cote d'Ivoire,CIV,2001,Surface area (sq. km),AG.SRF.TOTL.K2,322460
Cote d'Ivoire,CIV,2000,Surface area (sq. km),AG.SRF.TOTL.K2,322460
Cote d'Ivoire,CIV,1999,Surface area (sq. km),AG.SRF.TOTL.K2,322460
Cote d'Ivoire,CIV,1998,Surface area (sq. km),AG.SRF.TOTL.K2,322460
Cote d'Ivoire,CIV,1997,Surface area (sq. km),AG.SRF.TOTL.K2,322460
Cote d'Ivoire,CIV,1996,Surface area (sq. km),AG.SRF.TOTL.K2,322460
Cote d'Ivoire,CIV,1995,Surface area (sq. km),AG.SRF.TOTL.K2,322460
Cote d'Ivoire,CIV,1994,Surface area (sq. km),AG.SRF.TOTL.K2,322460
Cote d'Ivoire,CIV,1993,Surface area (sq. km),AG.SRF.TOTL.K2,322460
Cote d'Ivoire,CIV,1992,Surface area (sq. km),AG.SRF.TOTL.K2,322460
Cote d'Ivoire,CIV,1991,Surface area (sq. km),AG.SRF.TOTL.K2,322460
Cote d'Ivoire,CIV,1990,Surface area (sq. km),AG.SRF.TOTL.K2,322460
Cote d'Ivoire,CIV,1989,Surface area (sq. km),AG.SRF.TOTL.K2,322460
Cote d'Ivoire,CIV,1988,Surface area (sq. km),AG.SRF.TOTL.K2,322460
Cote d'Ivoire,CIV,1987,Surface area (sq. km),AG.SRF.TOTL.K2,322460
Cote d'Ivoire,CIV,1986,Surface area (sq. km),AG.SRF.TOTL.K2,322460
Cote d'Ivoire,CIV,1985,Surface area (sq. km),AG.SRF.TOTL.K2,322460
Cote d'Ivoire,CIV,1984,Surface area (sq. km),AG.SRF.TOTL.K2,322460
Cote d'Ivoire,CIV,1983,Surface area (sq. km),AG.SRF.TOTL.K2,322460
Cote d'Ivoire,CIV,1982,Surface area (sq. km),AG.SRF.TOTL.K2,322460
Cote d'Ivoire,CIV,1981,Surface area (sq. km),AG.SRF.TOTL.K2,322460
Cote d'Ivoire,CIV,1980,Surface area (sq. km),AG.SRF.TOTL.K2,322460
Cote d'Ivoire,CIV,1979,Surface area (sq. km),AG.SRF.TOTL.K2,322460
Cote d'Ivoire,CIV,1978,Surface area (sq. km),AG.SRF.TOTL.K2,322460
Cote d'Ivoire,CIV,1977,Surface area (sq. km),AG.SRF.TOTL.K2,322460
Cote d'Ivoire,CIV,1976,Surface area (sq. km),AG.SRF.TOTL.K2,322460
Cote d'Ivoire,CIV,1975,Surface area (sq. km),AG.SRF.TOTL.K2,322460
Cote d'Ivoire,CIV,1974,Surface area (sq. km),AG.SRF.TOTL.K2,322460
Cote d'Ivoire,CIV,1973,Surface area (sq. km),AG.SRF.TOTL.K2,322460
Cote d'Ivoire,CIV,1972,Surface area (sq. km),AG.SRF.TOTL.K2,322460
Cote d'Ivoire,CIV,1971,Surface area (sq. km),AG.SRF.TOTL.K2,322460
Cote d'Ivoire,CIV,1970,Surface area (sq. km),AG.SRF.TOTL.K2,322460
Cote d'Ivoire,CIV,1969,Surface area (sq. km),AG.SRF.TOTL.K2,322460
Cote d'Ivoire,CIV,1968,Surface area (sq. km),AG.SRF.TOTL.K2,322460
Cote d'Ivoire,CIV,1967,Surface area (sq. km),AG.SRF.TOTL.K2,322460
Cote d'Ivoire,CIV,1966,Surface area (sq. km),AG.SRF.TOTL.K2,322460
Cote d'Ivoire,CIV,1965,Surface area (sq. km),AG.SRF.TOTL.K2,322460
Cote d'Ivoire,CIV,1964,Surface area (sq. km),AG.SRF.TOTL.K2,322460
Cote d'Ivoire,CIV,1963,Surface area (sq. km),AG.SRF.TOTL.K2,322460
Cote d'Ivoire,CIV,1962,Surface area (sq. km),AG.SRF.TOTL.K2,322460
Cote d'Ivoire,CIV,1961,Surface area (sq. km),AG.SRF.TOTL.K2,322460
Cote d'Ivoire,CIV,2022,"Access to clean fuels and technologies for cooking, rural (% of rural population)",EG.CFT.ACCS.RU.ZS,7.4
Cote d'Ivoire,CIV,2021,"Access to clean fuels and technologies for cooking, rural (% of rural population)",EG.CFT.ACCS.RU.ZS,6.5
Cote d'Ivoire,CIV,2020,"Access to clean fuels and technologies for cooking, rural (% of rural population)",EG.CFT.ACCS.RU.ZS,5.5
Cote d'Ivoire,CIV,2019,"Access to clean fuels and technologies for cooking, rural (% of rural population)",EG.CFT.ACCS.RU.ZS,4.8
Cote d'Ivoire,CIV,2018,"Access to clean fuels and technologies for cooking, rural (% of rural population)",EG.CFT.ACCS.RU.ZS,4.3
Cote d'Ivoire,CIV,2017,"Access to clean fuels and technologies for cooking, rural (% of rural population)",EG.CFT.ACCS.RU.ZS,3.7
Cote d'Ivoire,CIV,2016,"Access to clean fuels and technologies for cooking, rural (% of rural population)",EG.CFT.ACCS.RU.ZS,3.3
Cote d'Ivoire,CIV,2015,"Access to clean fuels and technologies for cooking, rural (% of rural population)",EG.CFT.ACCS.RU.ZS,2.9
Cote d'Ivoire,CIV,2014,"Access to clean fuels and technologies for cooking, rural (% of rural population)",EG.CFT.ACCS.RU.ZS,2.6
Cote d'Ivoire,CIV,2013,"Access to clean fuels and technologies for cooking, rural (% of rural population)",EG.CFT.ACCS.RU.ZS,2.3
Cote d'Ivoire,CIV,2012,"Access to clean fuels and technologies for cooking, rural (% of rural population)",EG.CFT.ACCS.RU.ZS,2.1
Cote d'Ivoire,CIV,2011,"Access to clean fuels and technologies for cooking, rural (% of rural population)",EG.CFT.ACCS.RU.ZS,1.9
Cote d'Ivoire,CIV,2010,"Access to clean fuels and technologies for cooking, rural (% of rural population)",EG.CFT.ACCS.RU.ZS,1.8
Cote d'Ivoire,CIV,2009,"Access to clean fuels and technologies for cooking, rural (% of rural population)",EG.CFT.ACCS.RU.ZS,1.7
Cote d'Ivoire,CIV,2008,"Access to clean fuels and technologies for cooking, rural (% of rural population)",EG.CFT.ACCS.RU.ZS,1.6
Cote d'Ivoire,CIV,2007,"Access to clean fuels and technologies for cooking, rural (% of rural population)",EG.CFT.ACCS.RU.ZS,1.6
Cote d'Ivoire,CIV,2006,"Access to clean fuels and technologies for cooking, rural (% of rural population)",EG.CFT.ACCS.RU.ZS,1.5
Cote d'Ivoire,CIV,2005,"Access to clean fuels and technologies for cooking, rural (% of rural population)",EG.CFT.ACCS.RU.ZS,1.4
Cote d'Ivoire,CIV,2004,"Access to clean fuels and technologies for cooking, rural (% of rural population)",EG.CFT.ACCS.RU.ZS,1.5
Cote d'Ivoire,CIV,2003,"Access to clean fuels and technologies for cooking, rural (% of rural population)",EG.CFT.ACCS.RU.ZS,1.6
Cote d'Ivoire,CIV,2002,"Access to clean fuels and technologies for cooking, rural (% of rural population)",EG.CFT.ACCS.RU.ZS,1.6
Cote d'Ivoire,CIV,2001,"Access to clean fuels and technologies for cooking, rural (% of rural population)",EG.CFT.ACCS.RU.ZS,1.5
Cote d'Ivoire,CIV,2000,"Access to clean fuels and technologies for cooking, rural (% of rural population)",EG.CFT.ACCS.RU.ZS,1.6
Cote d'Ivoire,CIV,2022,"Access to clean fuels and technologies for cooking, urban (% of urban population)",EG.CFT.ACCS.UR.ZS,72.4
Cote d'Ivoire,CIV,2021,"Access to clean fuels and technologies for cooking, urban (% of urban population)",EG.CFT.ACCS.UR.ZS,69
Cote d'Ivoire,CIV,2020,"Access to clean fuels and technologies for cooking, urban (% of urban population)",EG.CFT.ACCS.UR.ZS,65.2
Cote d'Ivoire,CIV,2019,"Access to clean fuels and technologies for cooking, urban (% of urban population)",EG.CFT.ACCS.UR.ZS,61.5
Cote d'Ivoire,CIV,2018,"Access to clean fuels and technologies for cooking, urban (% of urban population)",EG.CFT.ACCS.UR.ZS,57.6
Cote d'Ivoire,CIV,2017,"Access to clean fuels and technologies for cooking, urban (% of urban population)",EG.CFT.ACCS.UR.ZS,54.2
Cote d'Ivoire,CIV,2016,"Access to clean fuels and technologies for cooking, urban (% of urban population)",EG.CFT.ACCS.UR.ZS,50.3
Cote d'Ivoire,CIV,2015,"Access to clean fuels and technologies for cooking, urban (% of urban population)",EG.CFT.ACCS.UR.ZS,47
Cote d'Ivoire,CIV,2014,"Access to clean fuels and technologies for cooking, urban (% of urban population)",EG.CFT.ACCS.UR.ZS,43.9
Cote d'Ivoire,CIV,2013,"Access to clean fuels and technologies for cooking, urban (% of urban population)",EG.CFT.ACCS.UR.ZS,41.5
Cote d'Ivoire,CIV,2012,"Access to clean fuels and technologies for cooking, urban (% of urban population)",EG.CFT.ACCS.UR.ZS,39
Cote d'Ivoire,CIV,2011,"Access to clean fuels and technologies for cooking, urban (% of urban population)",EG.CFT.ACCS.UR.ZS,37.2
Cote d'Ivoire,CIV,2010,"Access to clean fuels and technologies for cooking, urban (% of urban population)",EG.CFT.ACCS.UR.ZS,35.6
Cote d'Ivoire,CIV,2009,"Access to clean fuels and technologies for cooking, urban (% of urban population)",EG.CFT.ACCS.UR.ZS,34.55
Cote d'Ivoire,CIV,2008,"Access to clean fuels and technologies for cooking, urban (% of urban population)",EG.CFT.ACCS.UR.ZS,33.9
Cote d'Ivoire,CIV,2007,"Access to clean fuels and technologies for cooking, urban (% of urban population)",EG.CFT.ACCS.UR.ZS,33.2
Cote d'Ivoire,CIV,2006,"Access to clean fuels and technologies for cooking, urban (% of urban population)",EG.CFT.ACCS.UR.ZS,32.8
Cote d'Ivoire,CIV,2005,"Access to clean fuels and technologies for cooking, urban (% of urban population)",EG.CFT.ACCS.UR.ZS,33
Cote d'Ivoire,CIV,2004,"Access to clean fuels and technologies for cooking, urban (% of urban population)",EG.CFT.ACCS.UR.ZS,33.2
Cote d'Ivoire,CIV,2003,"Access to clean fuels and technologies for cooking, urban (% of urban population)",EG.CFT.ACCS.UR.ZS,33.95
Cote d'Ivoire,CIV,2002,"Access to clean fuels and technologies for cooking, urban (% of urban population)",EG.CFT.ACCS.UR.ZS,34.8
Cote d'Ivoire,CIV,2001,"Access to clean fuels and technologies for cooking, urban (% of urban population)",EG.CFT.ACCS.UR.ZS,36.1
Cote d'Ivoire,CIV,2000,"Access to clean fuels and technologies for cooking, urban (% of urban population)",EG.CFT.ACCS.UR.ZS,37
Cote d'Ivoire,CIV,2022,Access to clean fuels and technologies for cooking (% of population),EG.CFT.ACCS.ZS,42.6
Cote d'Ivoire,CIV,2021,Access to clean fuels and technologies for cooking (% of population),EG.CFT.ACCS.ZS,40.3
Cote d'Ivoire,CIV,2020,Access to clean fuels and technologies for cooking (% of population),EG.CFT.ACCS.ZS,37.4
Cote d'Ivoire,CIV,2019,Access to clean fuels and technologies for cooking (% of population),EG.CFT.ACCS.ZS,34.7
Cote d'Ivoire,CIV,2018,Access to clean fuels and technologies for cooking (% of population),EG.CFT.ACCS.ZS,32.1
Cote d'Ivoire,CIV,2017,Access to clean fuels and technologies for cooking (% of population),EG.CFT.ACCS.ZS,29.6
Cote d'Ivoire,CIV,2016,Access to clean fuels and technologies for cooking (% of population),EG.CFT.ACCS.ZS,27.3
Cote d'Ivoire,CIV,2015,Access to clean fuels and technologies for cooking (% of population),EG.CFT.ACCS.ZS,25.1
Cote d'Ivoire,CIV,2014,Access to clean fuels and technologies for cooking (% of population),EG.CFT.ACCS.ZS,23.3
Cote d'Ivoire,CIV,2013,Access to clean fuels and technologies for cooking (% of population),EG.CFT.ACCS.ZS,21.6
Cote d'Ivoire,CIV,2012,Access to clean fuels and technologies for cooking (% of population),EG.CFT.ACCS.ZS,20.6
Cote d'Ivoire,CIV,2011,Access to clean fuels and technologies for cooking (% of population),EG.CFT.ACCS.ZS,19.3
Cote d'Ivoire,CIV,2010,Access to clean fuels and technologies for cooking (% of population),EG.CFT.ACCS.ZS,18.3
Cote d'Ivoire,CIV,2009,Access to clean fuels and technologies for cooking (% of population),EG.CFT.ACCS.ZS,17.5
Cote d'Ivoire,CIV,2008,Access to clean fuels and technologies for cooking (% of population),EG.CFT.ACCS.ZS,16.9
Cote d'Ivoire,CIV,2007,Access to clean fuels and technologies for cooking (% of population),EG.CFT.ACCS.ZS,16.7
Cote d'Ivoire,CIV,2006,Access to clean fuels and technologies for cooking (% of population),EG.CFT.ACCS.ZS,16.4
Cote d'Ivoire,CIV,2005,Access to clean fuels and technologies for cooking (% of population),EG.CFT.ACCS.ZS,16.4
Cote d'Ivoire,CIV,2004,Access to clean fuels and technologies for cooking (% of population),EG.CFT.ACCS.ZS,16.5
Cote d'Ivoire,CIV,2003,Access to clean fuels and technologies for cooking (% of population),EG.CFT.ACCS.ZS,16.7
Cote d'Ivoire,CIV,2002,Access to clean fuels and technologies for cooking (% of population),EG.CFT.ACCS.ZS,17
Cote d'Ivoire,CIV,2001,Access to clean fuels and technologies for cooking (% of population),EG.CFT.ACCS.ZS,17.3
Cote d'Ivoire,CIV,2000,Access to clean fuels and technologies for cooking (% of population),EG.CFT.ACCS.ZS,17.9
Cote d'Ivoire,CIV,2021,Energy intensity level of primary energy (MJ/$2017 PPP GDP),EG.EGY.PRIM.PP.KD,3.3
Cote d'Ivoire,CIV,2020,Energy intensity level of primary energy (MJ/$2017 PPP GDP),EG.EGY.PRIM.PP.KD,3.3
Cote d'Ivoire,CIV,2019,Energy intensity level of primary energy (MJ/$2017 PPP GDP),EG.EGY.PRIM.PP.KD,3.2
Cote d'Ivoire,CIV,2018,Energy intensity level of primary energy (MJ/$2017 PPP GDP),EG.EGY.PRIM.PP.KD,3.27
Cote d'Ivoire,CIV,2017,Energy intensity level of primary energy (MJ/$2017 PPP GDP),EG.EGY.PRIM.PP.KD,3.66
Cote d'Ivoire,CIV,2016,Energy intensity level of primary energy (MJ/$2017 PPP GDP),EG.EGY.PRIM.PP.KD,3.81
Cote d'Ivoire,CIV,2015,Energy intensity level of primary energy (MJ/$2017 PPP GDP),EG.EGY.PRIM.PP.KD,3.89
Cote d'Ivoire,CIV,2014,Energy intensity level of primary energy (MJ/$2017 PPP GDP),EG.EGY.PRIM.PP.KD,4.7
Cote d'Ivoire,CIV,2013,Energy intensity level of primary energy (MJ/$2017 PPP GDP),EG.EGY.PRIM.PP.KD,5.07
Cote d'Ivoire,CIV,2012,Energy intensity level of primary energy (MJ/$2017 PPP GDP),EG.EGY.PRIM.PP.KD,5.39
Cote d'Ivoire,CIV,2011,Energy intensity level of primary energy (MJ/$2017 PPP GDP),EG.EGY.PRIM.PP.KD,5.45
Cote d'Ivoire,CIV,2010,Energy intensity level of primary energy (MJ/$2017 PPP GDP),EG.EGY.PRIM.PP.KD,4.55
Cote d'Ivoire,CIV,2009,Energy intensity level of primary energy (MJ/$2017 PPP GDP),EG.EGY.PRIM.PP.KD,5.24
Cote d'Ivoire,CIV,2008,Energy intensity level of primary energy (MJ/$2017 PPP GDP),EG.EGY.PRIM.PP.KD,5.9
Cote d'Ivoire,CIV,2007,Energy intensity level of primary energy (MJ/$2017 PPP GDP),EG.EGY.PRIM.PP.KD,6.02
Cote d'Ivoire,CIV,2006,Energy intensity level of primary energy (MJ/$2017 PPP GDP),EG.EGY.PRIM.PP.KD,5.69
Cote d'Ivoire,CIV,2005,Energy intensity level of primary energy (MJ/$2017 PPP GDP),EG.EGY.PRIM.PP.KD,5.88
Cote d'Ivoire,CIV,2004,Energy intensity level of primary energy (MJ/$2017 PPP GDP),EG.EGY.PRIM.PP.KD,5.78
Cote d'Ivoire,CIV,2003,Energy intensity level of primary energy (MJ/$2017 PPP GDP),EG.EGY.PRIM.PP.KD,4.15
Cote d'Ivoire,CIV,2002,Energy intensity level of primary energy (MJ/$2017 PPP GDP),EG.EGY.PRIM.PP.KD,4.33
Cote d'Ivoire,CIV,2001,Energy intensity level of primary energy (MJ/$2017 PPP GDP),EG.EGY.PRIM.PP.KD,3.98
Cote d'Ivoire,CIV,2000,Energy intensity level of primary energy (MJ/$2017 PPP GDP),EG.EGY.PRIM.PP.KD,4.15
Cote d'Ivoire,CIV,2023,Access to electricity (% of population),EG.ELC.ACCS.ZS,72.4
Cote d'Ivoire,CIV,2022,Access to electricity (% of population),EG.ELC.ACCS.ZS,72
Cote d'Ivoire,CIV,2021,Access to electricity (% of population),EG.ELC.ACCS.ZS,71.1
Cote d'Ivoire,CIV,2020,Access to electricity (% of population),EG.ELC.ACCS.ZS,69.9
Cote d'Ivoire,CIV,2019,Access to electricity (% of population),EG.ELC.ACCS.ZS,68.6
Cote d'Ivoire,CIV,2018,Access to electricity (% of population),EG.ELC.ACCS.ZS,67.1
Cote d'Ivoire,CIV,2017,Access to electricity (% of population),EG.ELC.ACCS.ZS,65.6
Cote d'Ivoire,CIV,2016,Access to electricity (% of population),EG.ELC.ACCS.ZS,64.3
Cote d'Ivoire,CIV,2015,Access to electricity (% of population),EG.ELC.ACCS.ZS,62.6
Cote d'Ivoire,CIV,2014,Access to electricity (% of population),EG.ELC.ACCS.ZS,61.9
Cote d'Ivoire,CIV,2013,Access to electricity (% of population),EG.ELC.ACCS.ZS,61.5
Cote d'Ivoire,CIV,2012,Access to electricity (% of population),EG.ELC.ACCS.ZS,55.8
Cote d'Ivoire,CIV,2011,Access to electricity (% of population),EG.ELC.ACCS.ZS,55.8
Cote d'Ivoire,CIV,2010,Access to electricity (% of population),EG.ELC.ACCS.ZS,58.4
Cote d'Ivoire,CIV,2009,Access to electricity (% of population),EG.ELC.ACCS.ZS,57.3
Cote d'Ivoire,CIV,2008,Access to electricity (% of population),EG.ELC.ACCS.ZS,60.3
Cote d'Ivoire,CIV,2007,Access to electricity (% of population),EG.ELC.ACCS.ZS,55.3
Cote d'Ivoire,CIV,2006,Access to electricity (% of population),EG.ELC.ACCS.ZS,60.2
Cote d'Ivoire,CIV,2005,Access to electricity (% of population),EG.ELC.ACCS.ZS,58.9
Cote d'Ivoire,CIV,2004,Access to electricity (% of population),EG.ELC.ACCS.ZS,52.4
Cote d'Ivoire,CIV,2003,Access to electricity (% of population),EG.ELC.ACCS.ZS,51.5
Cote d'Ivoire,CIV,2002,Access to electricity (% of population),EG.ELC.ACCS.ZS,51.4
Cote d'Ivoire,CIV,2001,Access to electricity (% of population),EG.ELC.ACCS.ZS,49.7
Cote d'Ivoire,CIV,2000,Access to electricity (% of population),EG.ELC.ACCS.ZS,48.7
Cote d'Ivoire,CIV,1999,Access to electricity (% of population),EG.ELC.ACCS.ZS,48.2
Cote d'Ivoire,CIV,1998,Access to electricity (% of population),EG.ELC.ACCS.ZS,46.6712455749512
Cote d'Ivoire,CIV,1997,Access to electricity (% of population),EG.ELC.ACCS.ZS,45.6617698669434
Cote d'Ivoire,CIV,1996,Access to electricity (% of population),EG.ELC.ACCS.ZS,44.6482124328613
Cote d'Ivoire,CIV,1995,Access to electricity (% of population),EG.ELC.ACCS.ZS,43.6312522888184
Cote d'Ivoire,CIV,1994,Access to electricity (% of population),EG.ELC.ACCS.ZS,36.5
Cote d'Ivoire,CIV,2022,"Electricity production from oil, gas and coal sources (% of total)",EG.ELC.FOSL.ZS,75.8988764044944
Cote d'Ivoire,CIV,2021,"Electricity production from oil, gas and coal sources (% of total)",EG.ELC.FOSL.ZS,76.1385281385281
Cote d'Ivoire,CIV,2020,"Electricity production from oil, gas and coal sources (% of total)",EG.ELC.FOSL.ZS,69.4360434086462
Cote d'Ivoire,CIV,2019,"Electricity production from oil, gas and coal sources (% of total)",EG.ELC.FOSL.ZS,66.9958615500376
Cote d'Ivoire,CIV,2018,"Electricity production from oil, gas and coal sources (% of total)",EG.ELC.FOSL.ZS,69.9135274823576
Cote d'Ivoire,CIV,2017,"Electricity production from oil, gas and coal sources (% of total)",EG.ELC.FOSL.ZS,79.3724470850353
Cote d'Ivoire,CIV,2016,"Electricity production from oil, gas and coal sources (% of total)",EG.ELC.FOSL.ZS,82.8352731466918
Cote d'Ivoire,CIV,2015,"Electricity production from oil, gas and coal sources (% of total)",EG.ELC.FOSL.ZS,83.2644628099173
Cote d'Ivoire,CIV,2014,"Electricity production from oil, gas and coal sources (% of total)",EG.ELC.FOSL.ZS,76.0680666183925
Cote d'Ivoire,CIV,2013,"Electricity production from oil, gas and coal sources (% of total)",EG.ELC.FOSL.ZS,78.1176470588235
Cote d'Ivoire,CIV,2012,"Electricity production from oil, gas and coal sources (% of total)",EG.ELC.FOSL.ZS,73.560433295325
Cote d'Ivoire,CIV,2011,"Electricity production from oil, gas and coal sources (% of total)",EG.ELC.FOSL.ZS,69.8639121167405
Cote d'Ivoire,CIV,2010,"Electricity production from oil, gas and coal sources (% of total)",EG.ELC.FOSL.ZS,71.7183570829841
Cote d'Ivoire,CIV,2009,"Electricity production from oil, gas and coal sources (% of total)",EG.ELC.FOSL.ZS,62.4765797990121
Cote d'Ivoire,CIV,2008,"Electricity production from oil, gas and coal sources (% of total)",EG.ELC.FOSL.ZS,65.2413793103448
Cote d'Ivoire,CIV,2007,"Electricity production from oil, gas and coal sources (% of total)",EG.ELC.FOSL.ZS,66.0451074409519
Cote d'Ivoire,CIV,2006,"Electricity production from oil, gas and coal sources (% of total)",EG.ELC.FOSL.ZS,71.3174182139699
Cote d'Ivoire,CIV,2005,"Electricity production from oil, gas and coal sources (% of total)",EG.ELC.FOSL.ZS,72.7688787185355
Cote d'Ivoire,CIV,2004,"Electricity production from oil, gas and coal sources (% of total)",EG.ELC.FOSL.ZS,66.3339382940109
Cote d'Ivoire,CIV,2003,"Electricity production from oil, gas and coal sources (% of total)",EG.ELC.FOSL.ZS,63.9866325928838
Cote d'Ivoire,CIV,2002,"Electricity production from oil, gas and coal sources (% of total)",EG.ELC.FOSL.ZS,67.3403853418965
Cote d'Ivoire,CIV,2001,"Electricity production from oil, gas and coal sources (% of total)",EG.ELC.FOSL.ZS,63.1525076765609
Cote d'Ivoire,CIV,2000,"Electricity production from oil, gas and coal sources (% of total)",EG.ELC.FOSL.ZS,63.25
Cote d'Ivoire,CIV,1999,"Electricity production from oil, gas and coal sources (% of total)",EG.ELC.FOSL.ZS,63.587294996886
Cote d'Ivoire,CIV,1998,"Electricity production from oil, gas and coal sources (% of total)",EG.ELC.FOSL.ZS,65.7633018398807
Cote d'Ivoire,CIV,1997,"Electricity production from oil, gas and coal sources (% of total)",EG.ELC.FOSL.ZS,53.3862565120317
Cote d'Ivoire,CIV,1996,"Electricity production from oil, gas and coal sources (% of total)",EG.ELC.FOSL.ZS,45.3038674033149
Cote d'Ivoire,CIV,1995,"Electricity production from oil, gas and coal sources (% of total)",EG.ELC.FOSL.ZS,39.4638615541228
Cote d'Ivoire,CIV,1994,"Electricity production from oil, gas and coal sources (% of total)",EG.ELC.FOSL.ZS,50.275307073274
Cote d'Ivoire,CIV,1993,"Electricity production from oil, gas and coal sources (% of total)",EG.ELC.FOSL.ZS,49.7714808043876
Cote d'Ivoire,CIV,1992,"Electricity production from oil, gas and coal sources (% of total)",EG.ELC.FOSL.ZS,43.3513513513514
Cote d'Ivoire,CIV,1991,"Electricity production from oil, gas and coal sources (% of total)",EG.ELC.FOSL.ZS,30.9851403412218
Cote d'Ivoire,CIV,1990,"Electricity production from oil, gas and coal sources (% of total)",EG.ELC.FOSL.ZS,33.3333333333333
Cote d'Ivoire,CIV,2021,Renewable electricity output (% of total electricity output),EG.ELC.RNEW.ZS,22.7930735930736
Cote d'Ivoire,CIV,2020,Renewable electricity output (% of total electricity output),EG.ELC.RNEW.ZS,30.0542608076855
Cote d'Ivoire,CIV,2019,Renewable electricity output (% of total electricity output),EG.ELC.RNEW.ZS,32.7539503386005
Cote d'Ivoire,CIV,2018,Renewable electricity output (% of total electricity output),EG.ELC.RNEW.ZS,29.4463770996919
Cote d'Ivoire,CIV,2017,Renewable electricity output (% of total electricity output),EG.ELC.RNEW.ZS,19.0085406609729
Cote d'Ivoire,CIV,2016,Renewable electricity output (% of total electricity output),EG.ELC.RNEW.ZS,16.0333438188109
Cote d'Ivoire,CIV,2015,Renewable electricity output (% of total electricity output),EG.ELC.RNEW.ZS,15.5245638200184
Cote d'Ivoire,CIV,2014,Renewable electricity output (% of total electricity output),EG.ELC.RNEW.ZS,23.0992034757422
Cote d'Ivoire,CIV,2013,Renewable electricity output (% of total electricity output),EG.ELC.RNEW.ZS,20.9917647058824
Cote d'Ivoire,CIV,2012,Renewable electricity output (% of total electricity output),EG.ELC.RNEW.ZS,25.4988597491448
Cote d'Ivoire,CIV,2011,Renewable electricity output (% of total electricity output),EG.ELC.RNEW.ZS,29.0867355304148
Cote d'Ivoire,CIV,2010,Renewable electricity output (% of total electricity output),EG.ELC.RNEW.ZS,27.1248952221291
Cote d'Ivoire,CIV,2009,Renewable electricity output (% of total electricity output),EG.ELC.RNEW.ZS,36.2970533128939
Cote d'Ivoire,CIV,2008,Renewable electricity output (% of total electricity output),EG.ELC.RNEW.ZS,32.7241379310345
Cote d'Ivoire,CIV,2007,Renewable electricity output (% of total electricity output),EG.ELC.RNEW.ZS,31.9126265316995
Cote d'Ivoire,CIV,2006,Renewable electricity output (% of total electricity output),EG.ELC.RNEW.ZS,26.7020335985853
Cote d'Ivoire,CIV,2005,Renewable electricity output (% of total electricity output),EG.ELC.RNEW.ZS,25.2279528252068
Cote d'Ivoire,CIV,2004,Renewable electricity output (% of total electricity output),EG.ELC.RNEW.ZS,31.7277676950998
Cote d'Ivoire,CIV,2003,Renewable electricity output (% of total electricity output),EG.ELC.RNEW.ZS,36.0172989974445
Cote d'Ivoire,CIV,2002,Renewable electricity output (% of total electricity output),EG.ELC.RNEW.ZS,32.6596146581035
Cote d'Ivoire,CIV,2001,Renewable electricity output (% of total electricity output),EG.ELC.RNEW.ZS,36.8474923234391
Cote d'Ivoire,CIV,2000,Renewable electricity output (% of total electricity output),EG.ELC.RNEW.ZS,36.75
Cote d'Ivoire,CIV,1999,Renewable electricity output (% of total electricity output),EG.ELC.RNEW.ZS,36.412705003114
Cote d'Ivoire,CIV,1998,Renewable electricity output (% of total electricity output),EG.ELC.RNEW.ZS,34.2366981601193
Cote d'Ivoire,CIV,1997,Renewable electricity output (% of total electricity output),EG.ELC.RNEW.ZS,46.6137434879682
Cote d'Ivoire,CIV,1996,Renewable electricity output (% of total electricity output),EG.ELC.RNEW.ZS,54.6961325966851
Cote d'Ivoire,CIV,1995,Renewable electricity output (% of total electricity output),EG.ELC.RNEW.ZS,60.5361384458772
Cote d'Ivoire,CIV,1994,Renewable electricity output (% of total electricity output),EG.ELC.RNEW.ZS,49.724692926726
Cote d'Ivoire,CIV,1993,Renewable electricity output (% of total electricity output),EG.ELC.RNEW.ZS,50.2285191956124
Cote d'Ivoire,CIV,1992,Renewable electricity output (% of total electricity output),EG.ELC.RNEW.ZS,56.6486486486486
Cote d'Ivoire,CIV,1991,Renewable electricity output (% of total electricity output),EG.ELC.RNEW.ZS,69.0148596587782
Cote d'Ivoire,CIV,1990,Renewable electricity output (% of total electricity output),EG.ELC.RNEW.ZS,66.6666666666667
Cote d'Ivoire,CIV,2021,"Electricity production from renewable sources, excluding hydroelectric (kWh)",EG.ELC.RNWX.KH,23600000
Cote d'Ivoire,CIV,2020,"Electricity production from renewable sources, excluding hydroelectric (kWh)",EG.ELC.RNWX.KH,24700000
Cote d'Ivoire,CIV,2019,"Electricity production from renewable sources, excluding hydroelectric (kWh)",EG.ELC.RNWX.KH,27400000
Cote d'Ivoire,CIV,2018,"Electricity production from renewable sources, excluding hydroelectric (kWh)",EG.ELC.RNWX.KH,600000
Cote d'Ivoire,CIV,2017,"Electricity production from renewable sources, excluding hydroelectric (kWh)",EG.ELC.RNWX.KH,600000
Cote d'Ivoire,CIV,2016,"Electricity production from renewable sources, excluding hydroelectric (kWh)",EG.ELC.RNWX.KH,100000
Cote d'Ivoire,CIV,2015,"Electricity production from renewable sources, excluding hydroelectric (kWh)",EG.ELC.RNWX.KH,500000
Cote d'Ivoire,CIV,2014,"Electricity production from renewable sources, excluding hydroelectric (kWh)",EG.ELC.RNWX.KH,1000000
Cote d'Ivoire,CIV,2013,"Electricity production from renewable sources, excluding hydroelectric (kWh)",EG.ELC.RNWX.KH,-130000
Cote d'Ivoire,CIV,2012,"Electricity production from renewable sources, excluding hydroelectric (kWh)",EG.ELC.RNWX.KH,0
Cote d'Ivoire,CIV,2011,"Electricity production from renewable sources, excluding hydroelectric (kWh)",EG.ELC.RNWX.KH,0
Cote d'Ivoire,CIV,2010,"Electricity production from renewable sources, excluding hydroelectric (kWh)",EG.ELC.RNWX.KH,0
Cote d'Ivoire,CIV,2009,"Electricity production from renewable sources, excluding hydroelectric (kWh)",EG.ELC.RNWX.KH,0
Cote d'Ivoire,CIV,2008,"Electricity production from renewable sources, excluding hydroelectric (kWh)",EG.ELC.RNWX.KH,0
Cote d'Ivoire,CIV,2007,"Electricity production from renewable sources, excluding hydroelectric (kWh)",EG.ELC.RNWX.KH,0
Cote d'Ivoire,CIV,2006,"Electricity production from renewable sources, excluding hydroelectric (kWh)",EG.ELC.RNWX.KH,0
Cote d'Ivoire,CIV,2005,"Electricity production from renewable sources, excluding hydroelectric (kWh)",EG.ELC.RNWX.KH,-3800000
Cote d'Ivoire,CIV,2004,"Electricity production from renewable sources, excluding hydroelectric (kWh)",EG.ELC.RNWX.KH,200000
Cote d'Ivoire,CIV,2003,"Electricity production from renewable sources, excluding hydroelectric (kWh)",EG.ELC.RNWX.KH,200000
Cote d'Ivoire,CIV,2002,"Electricity production from renewable sources, excluding hydroelectric (kWh)",EG.ELC.RNWX.KH,0
Cote d'Ivoire,CIV,2001,"Electricity production from renewable sources, excluding hydroelectric (kWh)",EG.ELC.RNWX.KH,0
Cote d'Ivoire,CIV,2000,"Electricity production from renewable sources, excluding hydroelectric (kWh)",EG.ELC.RNWX.KH,0
Cote d'Ivoire,CIV,1999,"Electricity production from renewable sources, excluding hydroelectric (kWh)",EG.ELC.RNWX.KH,0
Cote d'Ivoire,CIV,1998,"Electricity production from renewable sources, excluding hydroelectric (kWh)",EG.ELC.RNWX.KH,0
Cote d'Ivoire,CIV,1997,"Electricity production from renewable sources, excluding hydroelectric (kWh)",EG.ELC.RNWX.KH,0
Cote d'Ivoire,CIV,1996,"Electricity production from renewable sources, excluding hydroelectric (kWh)",EG.ELC.RNWX.KH,0
Cote d'Ivoire,CIV,1995,"Electricity production from renewable sources, excluding hydroelectric (kWh)",EG.ELC.RNWX.KH,0
Cote d'Ivoire,CIV,1994,"Electricity production from renewable sources, excluding hydroelectric (kWh)",EG.ELC.RNWX.KH,0
Cote d'Ivoire,CIV,1993,"Electricity production from renewable sources, excluding hydroelectric (kWh)",EG.ELC.RNWX.KH,0
Cote d'Ivoire,CIV,1992,"Electricity production from renewable sources, excluding hydroelectric (kWh)",EG.ELC.RNWX.KH,0
Cote d'Ivoire,CIV,1991,"Electricity production from renewable sources, excluding hydroelectric (kWh)",EG.ELC.RNWX.KH,0
Cote d'Ivoire,CIV,1990,"Electricity production from renewable sources, excluding hydroelectric (kWh)",EG.ELC.RNWX.KH,0
Cote d'Ivoire,CIV,2021,"Electricity production from renewable sources, excluding hydroelectric (% of total)",EG.ELC.RNWX.ZS,0.204329004329004
Cote d'Ivoire,CIV,2020,"Electricity production from renewable sources, excluding hydroelectric (% of total)",EG.ELC.RNWX.ZS,0.219711795054261
Cote d'Ivoire,CIV,2019,"Electricity production from renewable sources, excluding hydroelectric (% of total)",EG.ELC.RNWX.ZS,0.257712565838977
Cote d'Ivoire,CIV,2018,"Electricity production from renewable sources, excluding hydroelectric (% of total)",EG.ELC.RNWX.ZS,0.00596362190637114
Cote d'Ivoire,CIV,2017,"Electricity production from renewable sources, excluding hydroelectric (% of total)",EG.ELC.RNWX.ZS,0.00556999628666914
Cote d'Ivoire,CIV,2016,"Electricity production from renewable sources, excluding hydroelectric (% of total)",EG.ELC.RNWX.ZS,0.00104854776135053
Cote d'Ivoire,CIV,2015,"Electricity production from renewable sources, excluding hydroelectric (% of total)",EG.ELC.RNWX.ZS,0.00573921028466483
Cote d'Ivoire,CIV,2014,"Electricity production from renewable sources, excluding hydroelectric (% of total)",EG.ELC.RNWX.ZS,0.0120685493603669
Cote d'Ivoire,CIV,2013,"Electricity production from renewable sources, excluding hydroelectric (% of total)",EG.ELC.RNWX.ZS,-0.00169934640522876
Cote d'Ivoire,CIV,2012,"Electricity production from renewable sources, excluding hydroelectric (% of total)",EG.ELC.RNWX.ZS,0
Cote d'Ivoire,CIV,2011,"Electricity production from renewable sources, excluding hydroelectric (% of total)",EG.ELC.RNWX.ZS,0
Cote d'Ivoire,CIV,2010,"Electricity production from renewable sources, excluding hydroelectric (% of total)",EG.ELC.RNWX.ZS,0
Cote d'Ivoire,CIV,2009,"Electricity production from renewable sources, excluding hydroelectric (% of total)",EG.ELC.RNWX.ZS,0
Cote d'Ivoire,CIV,2008,"Electricity production from renewable sources, excluding hydroelectric (% of total)",EG.ELC.RNWX.ZS,0
Cote d'Ivoire,CIV,2007,"Electricity production from renewable sources, excluding hydroelectric (% of total)",EG.ELC.RNWX.ZS,0
Cote d'Ivoire,CIV,2006,"Electricity production from renewable sources, excluding hydroelectric (% of total)",EG.ELC.RNWX.ZS,0
Cote d'Ivoire,CIV,2005,"Electricity production from renewable sources, excluding hydroelectric (% of total)",EG.ELC.RNWX.ZS,-0.0668896321070234
Cote d'Ivoire,CIV,2004,"Electricity production from renewable sources, excluding hydroelectric (% of total)",EG.ELC.RNWX.ZS,0.00362976406533575
Cote d'Ivoire,CIV,2003,"Electricity production from renewable sources, excluding hydroelectric (% of total)",EG.ELC.RNWX.ZS,0.00393159032828779
Cote d'Ivoire,CIV,2002,"Electricity production from renewable sources, excluding hydroelectric (% of total)",EG.ELC.RNWX.ZS,0
Cote d'Ivoire,CIV,2001,"Electricity production from renewable sources, excluding hydroelectric (% of total)",EG.ELC.RNWX.ZS,0
Cote d'Ivoire,CIV,2000,"Electricity production from renewable sources, excluding hydroelectric (% of total)",EG.ELC.RNWX.ZS,0
Cote d'Ivoire,CIV,1999,"Electricity production from renewable sources, excluding hydroelectric (% of total)",EG.ELC.RNWX.ZS,0
Cote d'Ivoire,CIV,1998,"Electricity production from renewable sources, excluding hydroelectric (% of total)",EG.ELC.RNWX.ZS,0
Cote d'Ivoire,CIV,1997,"Electricity production from renewable sources, excluding hydroelectric (% of total)",EG.ELC.RNWX.ZS,0
Cote d'Ivoire,CIV,1996,"Electricity production from renewable sources, excluding hydroelectric (% of total)",EG.ELC.RNWX.ZS,0
Cote d'Ivoire,CIV,1995,"Electricity production from renewable sources, excluding hydroelectric (% of total)",EG.ELC.RNWX.ZS,0
Cote d'Ivoire,CIV,1994,"Electricity production from renewable sources, excluding hydroelectric (% of total)",EG.ELC.RNWX.ZS,0
Cote d'Ivoire,CIV,1993,"Electricity production from renewable sources, excluding hydroelectric (% of total)",EG.ELC.RNWX.ZS,0
Cote d'Ivoire,CIV,1992,"Electricity production from renewable sources, excluding hydroelectric (% of total)",EG.ELC.RNWX.ZS,0
Cote d'Ivoire,CIV,1991,"Electricity production from renewable sources, excluding hydroelectric (% of total)",EG.ELC.RNWX.ZS,0
Cote d'Ivoire,CIV,1990,"Electricity production from renewable sources, excluding hydroelectric (% of total)",EG.ELC.RNWX.ZS,0
Cote d'Ivoire,CIV,2021,Renewable energy consumption (% of total final energy consumption),EG.FEC.RNEW.ZS,58.2
Cote d'Ivoire,CIV,2020,Renewable energy consumption (% of total final energy consumption),EG.FEC.RNEW.ZS,61.8
Cote d'Ivoire,CIV,2019,Renewable energy consumption (% of total final energy consumption),EG.FEC.RNEW.ZS,61.1
Cote d'Ivoire,CIV,2018,Renewable energy consumption (% of total final energy consumption),EG.FEC.RNEW.ZS,60.5
Cote d'Ivoire,CIV,2017,Renewable energy consumption (% of total final energy consumption),EG.FEC.RNEW.ZS,62.5
Cote d'Ivoire,CIV,2016,Renewable energy consumption (% of total final energy consumption),EG.FEC.RNEW.ZS,64
Cote d'Ivoire,CIV,2015,Renewable energy consumption (% of total final energy consumption),EG.FEC.RNEW.ZS,64.5
Cote d'Ivoire,CIV,2014,Renewable energy consumption (% of total final energy consumption),EG.FEC.RNEW.ZS,71.9
Cote d'Ivoire,CIV,2013,Renewable energy consumption (% of total final energy consumption),EG.FEC.RNEW.ZS,72.2
Cote d'Ivoire,CIV,2012,Renewable energy consumption (% of total final energy consumption),EG.FEC.RNEW.ZS,74.9
Cote d'Ivoire,CIV,2011,Renewable energy consumption (% of total final energy consumption),EG.FEC.RNEW.ZS,79.1
Cote d'Ivoire,CIV,2010,Renewable energy consumption (% of total final energy consumption),EG.FEC.RNEW.ZS,75.4
Cote d'Ivoire,CIV,2009,Renewable energy consumption (% of total final energy consumption),EG.FEC.RNEW.ZS,73.7
Cote d'Ivoire,CIV,2008,Renewable energy consumption (% of total final energy consumption),EG.FEC.RNEW.ZS,74.2
Cote d'Ivoire,CIV,2007,Renewable energy consumption (% of total final energy consumption),EG.FEC.RNEW.ZS,76.3
Cote d'Ivoire,CIV,2006,Renewable energy consumption (% of total final energy consumption),EG.FEC.RNEW.ZS,74.8
Cote d'Ivoire,CIV,2005,Renewable energy consumption (% of total final energy consumption),EG.FEC.RNEW.ZS,77.9
Cote d'Ivoire,CIV,2004,Renewable energy consumption (% of total final energy consumption),EG.FEC.RNEW.ZS,75.4
Cote d'Ivoire,CIV,2003,Renewable energy consumption (% of total final energy consumption),EG.FEC.RNEW.ZS,70.3
Cote d'Ivoire,CIV,2002,Renewable energy consumption (% of total final energy consumption),EG.FEC.RNEW.ZS,65.3
Cote d'Ivoire,CIV,2001,Renewable energy consumption (% of total final energy consumption),EG.FEC.RNEW.ZS,64.7
Cote d'Ivoire,CIV,2000,Renewable energy consumption (% of total final energy consumption),EG.FEC.RNEW.ZS,63.7
Cote d'Ivoire,CIV,1999,Renewable energy consumption (% of total final energy consumption),EG.FEC.RNEW.ZS,61.9
Cote d'Ivoire,CIV,1998,Renewable energy consumption (% of total final energy consumption),EG.FEC.RNEW.ZS,73.4
Cote d'Ivoire,CIV,1997,Renewable energy consumption (% of total final energy consumption),EG.FEC.RNEW.ZS,72.1
Cote d'Ivoire,CIV,1996,Renewable energy consumption (% of total final energy consumption),EG.FEC.RNEW.ZS,74
Cote d'Ivoire,CIV,1995,Renewable energy consumption (% of total final energy consumption),EG.FEC.RNEW.ZS,74.9
Cote d'Ivoire,CIV,1994,Renewable energy consumption (% of total final energy consumption),EG.FEC.RNEW.ZS,75.6
Cote d'Ivoire,CIV,1993,Renewable energy consumption (% of total final energy consumption),EG.FEC.RNEW.ZS,75.1
Cote d'Ivoire,CIV,1992,Renewable energy consumption (% of total final energy consumption),EG.FEC.RNEW.ZS,74.6
Cote d'Ivoire,CIV,1991,Renewable energy consumption (% of total final energy consumption),EG.FEC.RNEW.ZS,74
Cote d'Ivoire,CIV,1990,Renewable energy consumption (% of total final energy consumption),EG.FEC.RNEW.ZS,73.6
Cote d'Ivoire,CIV,2020,"PM2.5 air pollution, mean annual exposure (micrograms per cubic meter)",EN.ATM.PM25.MC.M3,49.4977827339493
Cote d'Ivoire,CIV,2019,"PM2.5 air pollution, mean annual exposure (micrograms per cubic meter)",EN.ATM.PM25.MC.M3,44.3324266688486
Cote d'Ivoire,CIV,2018,"PM2.5 air pollution, mean annual exposure (micrograms per cubic meter)",EN.ATM.PM25.MC.M3,50.8958061004876
Cote d'Ivoire,CIV,2017,"PM2.5 air pollution, mean annual exposure (micrograms per cubic meter)",EN.ATM.PM25.MC.M3,50.6654421695962
Cote d'Ivoire,CIV,2016,"PM2.5 air pollution, mean annual exposure (micrograms per cubic meter)",EN.ATM.PM25.MC.M3,55.6539855341019
Cote d'Ivoire,CIV,2015,"PM2.5 air pollution, mean annual exposure (micrograms per cubic meter)",EN.ATM.PM25.MC.M3,61.954609777616
Cote d'Ivoire,CIV,2014,"PM2.5 air pollution, mean annual exposure (micrograms per cubic meter)",EN.ATM.PM25.MC.M3,38.9323349133904
Cote d'Ivoire,CIV,2013,"PM2.5 air pollution, mean annual exposure (micrograms per cubic meter)",EN.ATM.PM25.MC.M3,40.0659563695022
Cote d'Ivoire,CIV,2012,"PM2.5 air pollution, mean annual exposure (micrograms per cubic meter)",EN.ATM.PM25.MC.M3,51.355889030092
Cote d'Ivoire,CIV,2011,"PM2.5 air pollution, mean annual exposure (micrograms per cubic meter)",EN.ATM.PM25.MC.M3,49.5497020681304
Cote d'Ivoire,CIV,2010,"PM2.5 air pollution, mean annual exposure (micrograms per cubic meter)",EN.ATM.PM25.MC.M3,41.595297944419
Cote d'Ivoire,CIV,2009,"PM2.5 air pollution, mean annual exposure (micrograms per cubic meter)",EN.ATM.PM25.MC.M3,42.0688429691795
Cote d'Ivoire,CIV,2008,"PM2.5 air pollution, mean annual exposure (micrograms per cubic meter)",EN.ATM.PM25.MC.M3,43.2650342152048
Cote d'Ivoire,CIV,2007,"PM2.5 air pollution, mean annual exposure (micrograms per cubic meter)",EN.ATM.PM25.MC.M3,44.8474289608794
Cote d'Ivoire,CIV,2006,"PM2.5 air pollution, mean annual exposure (micrograms per cubic meter)",EN.ATM.PM25.MC.M3,46.4795844845881
Cote d'Ivoire,CIV,2005,"PM2.5 air pollution, mean annual exposure (micrograms per cubic meter)",EN.ATM.PM25.MC.M3,47.8250580647154
Cote d'Ivoire,CIV,2004,"PM2.5 air pollution, mean annual exposure (micrograms per cubic meter)",EN.ATM.PM25.MC.M3,49.0391368556992
Cote d'Ivoire,CIV,2003,"PM2.5 air pollution, mean annual exposure (micrograms per cubic meter)",EN.ATM.PM25.MC.M3,50.3579617689732
Cote d'Ivoire,CIV,2002,"PM2.5 air pollution, mean annual exposure (micrograms per cubic meter)",EN.ATM.PM25.MC.M3,51.5663707184153
Cote d'Ivoire,CIV,2001,"PM2.5 air pollution, mean annual exposure (micrograms per cubic meter)",EN.ATM.PM25.MC.M3,52.4492016179034
Cote d'Ivoire,CIV,2000,"PM2.5 air pollution, mean annual exposure (micrograms per cubic meter)",EN.ATM.PM25.MC.M3,52.7912923813154
Cote d'Ivoire,CIV,1999,"PM2.5 air pollution, mean annual exposure (micrograms per cubic meter)",EN.ATM.PM25.MC.M3,51.6516451010051
Cote d'Ivoire,CIV,1998,"PM2.5 air pollution, mean annual exposure (micrograms per cubic meter)",EN.ATM.PM25.MC.M3,48.9340246633419
Cote d'Ivoire,CIV,1997,"PM2.5 air pollution, mean annual exposure (micrograms per cubic meter)",EN.ATM.PM25.MC.M3,45.6904131732278
Cote d'Ivoire,CIV,1996,"PM2.5 air pollution, mean annual exposure (micrograms per cubic meter)",EN.ATM.PM25.MC.M3,42.9727927355646
Cote d'Ivoire,CIV,1995,"PM2.5 air pollution, mean annual exposure (micrograms per cubic meter)",EN.ATM.PM25.MC.M3,41.8331454552542
Cote d'Ivoire,CIV,1994,"PM2.5 air pollution, mean annual exposure (micrograms per cubic meter)",EN.ATM.PM25.MC.M3,42.1501983630714
Cote d'Ivoire,CIV,1993,"PM2.5 air pollution, mean annual exposure (micrograms per cubic meter)",EN.ATM.PM25.MC.M3,43.135852786337
Cote d'Ivoire,CIV,1992,"PM2.5 air pollution, mean annual exposure (micrograms per cubic meter)",EN.ATM.PM25.MC.M3,44.8418522747717
Cote d'Ivoire,CIV,1991,"PM2.5 air pollution, mean annual exposure (micrograms per cubic meter)",EN.ATM.PM25.MC.M3,47.3199403780965
Cote d'Ivoire,CIV,1990,"PM2.5 air pollution, mean annual exposure (micrograms per cubic meter)",EN.ATM.PM25.MC.M3,50.6218606460322
Cote d'Ivoire,CIV,2017,"PM2.5 pollution, population exposed to levels exceeding WHO Interim Target-1 value (% of total)",EN.ATM.PM25.MC.T1.ZS,2.76632621400984
Cote d'Ivoire,CIV,2016,"PM2.5 pollution, population exposed to levels exceeding WHO Interim Target-1 value (% of total)",EN.ATM.PM25.MC.T1.ZS,2.64198022649299
Cote d'Ivoire,CIV,2015,"PM2.5 pollution, population exposed to levels exceeding WHO Interim Target-1 value (% of total)",EN.ATM.PM25.MC.T1.ZS,3.33004132121894
Cote d'Ivoire,CIV,2014,"PM2.5 pollution, population exposed to levels exceeding WHO Interim Target-1 value (% of total)",EN.ATM.PM25.MC.T1.ZS,0.00324587242556119
Cote d'Ivoire,CIV,2013,"PM2.5 pollution, population exposed to levels exceeding WHO Interim Target-1 value (% of total)",EN.ATM.PM25.MC.T1.ZS,0.000892768564841898
Cote d'Ivoire,CIV,2012,"PM2.5 pollution, population exposed to levels exceeding WHO Interim Target-1 value (% of total)",EN.ATM.PM25.MC.T1.ZS,0.00331766681208587
Cote d'Ivoire,CIV,2011,"PM2.5 pollution, population exposed to levels exceeding WHO Interim Target-1 value (% of total)",EN.ATM.PM25.MC.T1.ZS,0.00334505294915536
Cote d'Ivoire,CIV,2010,"PM2.5 pollution, population exposed to levels exceeding WHO Interim Target-1 value (% of total)",EN.ATM.PM25.MC.T1.ZS,0.00337231498427356
Cote d'Ivoire,CIV,2005,"PM2.5 pollution, population exposed to levels exceeding WHO Interim Target-1 value (% of total)",EN.ATM.PM25.MC.T1.ZS,0.00433810697991753
Cote d'Ivoire,CIV,2000,"PM2.5 pollution, population exposed to levels exceeding WHO Interim Target-1 value (% of total)",EN.ATM.PM25.MC.T1.ZS,2.84553574949955
Cote d'Ivoire,CIV,1995,"PM2.5 pollution, population exposed to levels exceeding WHO Interim Target-1 value (% of total)",EN.ATM.PM25.MC.T1.ZS,3.18111390428194
Cote d'Ivoire,CIV,1990,"PM2.5 pollution, population exposed to levels exceeding WHO Interim Target-1 value (% of total)",EN.ATM.PM25.MC.T1.ZS,3.31894131233447
Cote d'Ivoire,CIV,2017,"PM2.5 pollution, population exposed to levels exceeding WHO Interim Target-2 value (% of total)",EN.ATM.PM25.MC.T2.ZS,68.568592601686
Cote d'Ivoire,CIV,2016,"PM2.5 pollution, population exposed to levels exceeding WHO Interim Target-2 value (% of total)",EN.ATM.PM25.MC.T2.ZS,68.0017667432415
Cote d'Ivoire,CIV,2015,"PM2.5 pollution, population exposed to levels exceeding WHO Interim Target-2 value (% of total)",EN.ATM.PM25.MC.T2.ZS,72.4891318213699
Cote d'Ivoire,CIV,2014,"PM2.5 pollution, population exposed to levels exceeding WHO Interim Target-2 value (% of total)",EN.ATM.PM25.MC.T2.ZS,11.8553860903789
Cote d'Ivoire,CIV,2013,"PM2.5 pollution, population exposed to levels exceeding WHO Interim Target-2 value (% of total)",EN.ATM.PM25.MC.T2.ZS,10.9490874546926
Cote d'Ivoire,CIV,2012,"PM2.5 pollution, population exposed to levels exceeding WHO Interim Target-2 value (% of total)",EN.ATM.PM25.MC.T2.ZS,23.811694328521
Cote d'Ivoire,CIV,2011,"PM2.5 pollution, population exposed to levels exceeding WHO Interim Target-2 value (% of total)",EN.ATM.PM25.MC.T2.ZS,24.0124118597135
Cote d'Ivoire,CIV,2010,"PM2.5 pollution, population exposed to levels exceeding WHO Interim Target-2 value (% of total)",EN.ATM.PM25.MC.T2.ZS,19.2944358201435
Cote d'Ivoire,CIV,2005,"PM2.5 pollution, population exposed to levels exceeding WHO Interim Target-2 value (% of total)",EN.ATM.PM25.MC.T2.ZS,13.81206659319
Cote d'Ivoire,CIV,2000,"PM2.5 pollution, population exposed to levels exceeding WHO Interim Target-2 value (% of total)",EN.ATM.PM25.MC.T2.ZS,37.3975259088191
Cote d'Ivoire,CIV,1995,"PM2.5 pollution, population exposed to levels exceeding WHO Interim Target-2 value (% of total)",EN.ATM.PM25.MC.T2.ZS,40.5449071431562
Cote d'Ivoire,CIV,1990,"PM2.5 pollution, population exposed to levels exceeding WHO Interim Target-2 value (% of total)",EN.ATM.PM25.MC.T2.ZS,46.6870602413446
Cote d'Ivoire,CIV,2017,"PM2.5 pollution, population exposed to levels exceeding WHO Interim Target-3 value (% of total)",EN.ATM.PM25.MC.T3.ZS,100
Cote d'Ivoire,CIV,2016,"PM2.5 pollution, population exposed to levels exceeding WHO Interim Target-3 value (% of total)",EN.ATM.PM25.MC.T3.ZS,100
Cote d'Ivoire,CIV,2015,"PM2.5 pollution, population exposed to levels exceeding WHO Interim Target-3 value (% of total)",EN.ATM.PM25.MC.T3.ZS,100
Cote d'Ivoire,CIV,2014,"PM2.5 pollution, population exposed to levels exceeding WHO Interim Target-3 value (% of total)",EN.ATM.PM25.MC.T3.ZS,99.0458111157343
Cote d'Ivoire,CIV,2013,"PM2.5 pollution, population exposed to levels exceeding WHO Interim Target-3 value (% of total)",EN.ATM.PM25.MC.T3.ZS,98.4688663509987
Cote d'Ivoire,CIV,2012,"PM2.5 pollution, population exposed to levels exceeding WHO Interim Target-3 value (% of total)",EN.ATM.PM25.MC.T3.ZS,99.9748065595616
Cote d'Ivoire,CIV,2011,"PM2.5 pollution, population exposed to levels exceeding WHO Interim Target-3 value (% of total)",EN.ATM.PM25.MC.T3.ZS,99.9718935172555
Cote d'Ivoire,CIV,2010,"PM2.5 pollution, population exposed to levels exceeding WHO Interim Target-3 value (% of total)",EN.ATM.PM25.MC.T3.ZS,98.4824793226902
Cote d'Ivoire,CIV,2005,"PM2.5 pollution, population exposed to levels exceeding WHO Interim Target-3 value (% of total)",EN.ATM.PM25.MC.T3.ZS,99.1570035998759
Cote d'Ivoire,CIV,2000,"PM2.5 pollution, population exposed to levels exceeding WHO Interim Target-3 value (% of total)",EN.ATM.PM25.MC.T3.ZS,100
Cote d'Ivoire,CIV,1995,"PM2.5 pollution, population exposed to levels exceeding WHO Interim Target-3 value (% of total)",EN.ATM.PM25.MC.T3.ZS,100
Cote d'Ivoire,CIV,1990,"PM2.5 pollution, population exposed to levels exceeding WHO Interim Target-3 value (% of total)",EN.ATM.PM25.MC.T3.ZS,100
Cote d'Ivoire,CIV,2017,"PM2.5 air pollution, population exposed to levels exceeding WHO guideline value (% of total)",EN.ATM.PM25.MC.ZS,100
Cote d'Ivoire,CIV,2016,"PM2.5 air pollution, population exposed to levels exceeding WHO guideline value (% of total)",EN.ATM.PM25.MC.ZS,100
Cote d'Ivoire,CIV,2015,"PM2.5 air pollution, population exposed to levels exceeding WHO guideline value (% of total)",EN.ATM.PM25.MC.ZS,100
Cote d'Ivoire,CIV,2014,"PM2.5 air pollution, population exposed to levels exceeding WHO guideline value (% of total)",EN.ATM.PM25.MC.ZS,100
Cote d'Ivoire,CIV,2013,"PM2.5 air pollution, population exposed to levels exceeding WHO guideline value (% of total)",EN.ATM.PM25.MC.ZS,100
Cote d'Ivoire,CIV,2012,"PM2.5 air pollution, population exposed to levels exceeding WHO guideline value (% of total)",EN.ATM.PM25.MC.ZS,100
Cote d'Ivoire,CIV,2011,"PM2.5 air pollution, population exposed to levels exceeding WHO guideline value (% of total)",EN.ATM.PM25.MC.ZS,100
Cote d'Ivoire,CIV,2010,"PM2.5 air pollution, population exposed to levels exceeding WHO guideline value (% of total)",EN.ATM.PM25.MC.ZS,100
Cote d'Ivoire,CIV,2005,"PM2.5 air pollution, population exposed to levels exceeding WHO guideline value (% of total)",EN.ATM.PM25.MC.ZS,100
Cote d'Ivoire,CIV,2000,"PM2.5 air pollution, population exposed to levels exceeding WHO guideline value (% of total)",EN.ATM.PM25.MC.ZS,100
Cote d'Ivoire,CIV,1995,"PM2.5 air pollution, population exposed to levels exceeding WHO guideline value (% of total)",EN.ATM.PM25.MC.ZS,100
Cote d'Ivoire,CIV,1990,"PM2.5 air pollution, population exposed to levels exceeding WHO guideline value (% of total)",EN.ATM.PM25.MC.ZS,100
Cote d'Ivoire,CIV,2018,"Bird species, threatened",EN.BIR.THRD.NO,25
Cote d'Ivoire,CIV,2011,Disaster risk reduction progress score (1-5 scale; 5=best),EN.CLC.DRSK.XQ,2.5
Cote d'Ivoire,CIV,2009,"Droughts, floods, extreme temperatures (% of population, average 1990-2009)",EN.CLC.MDAT.ZS,0.000757403639121069
Cote d'Ivoire,CIV,2018,"Fish species, threatened",EN.FSH.THRD.NO,59
Cote d'Ivoire,CIV,2022,Total greenhouse gas emissions including LULUCF (Mt CO2e),EN.GHG.ALL.LU.MT.CE.AR5,59.376007
Cote d'Ivoire,CIV,2021,Total greenhouse gas emissions including LULUCF (Mt CO2e),EN.GHG.ALL.LU.MT.CE.AR5,58.735907
Cote d'Ivoire,CIV,2020,Total greenhouse gas emissions including LULUCF (Mt CO2e),EN.GHG.ALL.LU.MT.CE.AR5,56.707907
Cote d'Ivoire,CIV,2019,Total greenhouse gas emissions including LULUCF (Mt CO2e),EN.GHG.ALL.LU.MT.CE.AR5,57.788231
Cote d'Ivoire,CIV,2018,Total greenhouse gas emissions including LULUCF (Mt CO2e),EN.GHG.ALL.LU.MT.CE.AR5,50.9561
Cote d'Ivoire,CIV,2017,Total greenhouse gas emissions including LULUCF (Mt CO2e),EN.GHG.ALL.LU.MT.CE.AR5,49.224029
Cote d'Ivoire,CIV,2016,Total greenhouse gas emissions including LULUCF (Mt CO2e),EN.GHG.ALL.LU.MT.CE.AR5,48.727223
Cote d'Ivoire,CIV,2015,Total greenhouse gas emissions including LULUCF (Mt CO2e),EN.GHG.ALL.LU.MT.CE.AR5,46.76143
Cote d'Ivoire,CIV,2014,Total greenhouse gas emissions including LULUCF (Mt CO2e),EN.GHG.ALL.LU.MT.CE.AR5,47.073803
Cote d'Ivoire,CIV,2013,Total greenhouse gas emissions including LULUCF (Mt CO2e),EN.GHG.ALL.LU.MT.CE.AR5,43.684728
Cote d'Ivoire,CIV,2012,Total greenhouse gas emissions including LULUCF (Mt CO2e),EN.GHG.ALL.LU.MT.CE.AR5,44.054835
Cote d'Ivoire,CIV,2011,Total greenhouse gas emissions including LULUCF (Mt CO2e),EN.GHG.ALL.LU.MT.CE.AR5,37.578098
Cote d'Ivoire,CIV,2010,Total greenhouse gas emissions including LULUCF (Mt CO2e),EN.GHG.ALL.LU.MT.CE.AR5,36.876888
Cote d'Ivoire,CIV,2009,Total greenhouse gas emissions including LULUCF (Mt CO2e),EN.GHG.ALL.LU.MT.CE.AR5,33.97554
Cote d'Ivoire,CIV,2008,Total greenhouse gas emissions including LULUCF (Mt CO2e),EN.GHG.ALL.LU.MT.CE.AR5,35.039332
Cote d'Ivoire,CIV,2007,Total greenhouse gas emissions including LULUCF (Mt CO2e),EN.GHG.ALL.LU.MT.CE.AR5,33.125758
Cote d'Ivoire,CIV,2006,Total greenhouse gas emissions including LULUCF (Mt CO2e),EN.GHG.ALL.LU.MT.CE.AR5,31.982541
Cote d'Ivoire,CIV,2005,Total greenhouse gas emissions including LULUCF (Mt CO2e),EN.GHG.ALL.LU.MT.CE.AR5,29.245156
Cote d'Ivoire,CIV,2004,Total greenhouse gas emissions including LULUCF (Mt CO2e),EN.GHG.ALL.LU.MT.CE.AR5,30.49894
Cote d'Ivoire,CIV,2003,Total greenhouse gas emissions including LULUCF (Mt CO2e),EN.GHG.ALL.LU.MT.CE.AR5,28.593613
Cote d'Ivoire,CIV,2002,Total greenhouse gas emissions including LULUCF (Mt CO2e),EN.GHG.ALL.LU.MT.CE.AR5,28.787986
Cote d'Ivoire,CIV,2001,Total greenhouse gas emissions including LULUCF (Mt CO2e),EN.GHG.ALL.LU.MT.CE.AR5,30.81358
Cote d'Ivoire,CIV,2000,Total greenhouse gas emissions including LULUCF (Mt CO2e),EN.GHG.ALL.LU.MT.CE.AR5,31.549984
Cote d'Ivoire,CIV,2023,Total greenhouse gas emissions excluding LULUCF (Mt CO2e),EN.GHG.ALL.MT.CE.AR5,32.184
Cote d'Ivoire,CIV,2022,Total greenhouse gas emissions excluding LULUCF (Mt CO2e),EN.GHG.ALL.MT.CE.AR5,32.1687
Cote d'Ivoire,CIV,2021,Total greenhouse gas emissions excluding LULUCF (Mt CO2e),EN.GHG.ALL.MT.CE.AR5,31.5286
Cote d'Ivoire,CIV,2020,Total greenhouse gas emissions excluding LULUCF (Mt CO2e),EN.GHG.ALL.MT.CE.AR5,29.5006
Cote d'Ivoire,CIV,2019,Total greenhouse gas emissions excluding LULUCF (Mt CO2e),EN.GHG.ALL.MT.CE.AR5,29.4228
Cote d'Ivoire,CIV,2018,Total greenhouse gas emissions excluding LULUCF (Mt CO2e),EN.GHG.ALL.MT.CE.AR5,27.5432
Cote d'Ivoire,CIV,2017,Total greenhouse gas emissions excluding LULUCF (Mt CO2e),EN.GHG.ALL.MT.CE.AR5,28.0979
Cote d'Ivoire,CIV,2016,Total greenhouse gas emissions excluding LULUCF (Mt CO2e),EN.GHG.ALL.MT.CE.AR5,27.1981
Cote d'Ivoire,CIV,2015,Total greenhouse gas emissions excluding LULUCF (Mt CO2e),EN.GHG.ALL.MT.CE.AR5,26.1032
Cote d'Ivoire,CIV,2014,Total greenhouse gas emissions excluding LULUCF (Mt CO2e),EN.GHG.ALL.MT.CE.AR5,25.0283
Cote d'Ivoire,CIV,2013,Total greenhouse gas emissions excluding LULUCF (Mt CO2e),EN.GHG.ALL.MT.CE.AR5,24.0922
Cote d'Ivoire,CIV,2012,Total greenhouse gas emissions excluding LULUCF (Mt CO2e),EN.GHG.ALL.MT.CE.AR5,22.7815
Cote d'Ivoire,CIV,2011,Total greenhouse gas emissions excluding LULUCF (Mt CO2e),EN.GHG.ALL.MT.CE.AR5,20.1788
Cote d'Ivoire,CIV,2010,Total greenhouse gas emissions excluding LULUCF (Mt CO2e),EN.GHG.ALL.MT.CE.AR5,19.5422
Cote d'Ivoire,CIV,2009,Total greenhouse gas emissions excluding LULUCF (Mt CO2e),EN.GHG.ALL.MT.CE.AR5,18.178
Cote d'Ivoire,CIV,2008,Total greenhouse gas emissions excluding LULUCF (Mt CO2e),EN.GHG.ALL.MT.CE.AR5,18.7421
Cote d'Ivoire,CIV,2007,Total greenhouse gas emissions excluding LULUCF (Mt CO2e),EN.GHG.ALL.MT.CE.AR5,18.0339
Cote d'Ivoire,CIV,2006,Total greenhouse gas emissions excluding LULUCF (Mt CO2e),EN.GHG.ALL.MT.CE.AR5,17.9024
Cote d'Ivoire,CIV,2005,Total greenhouse gas emissions excluding LULUCF (Mt CO2e),EN.GHG.ALL.MT.CE.AR5,17.7425
Cote d'Ivoire,CIV,2004,Total greenhouse gas emissions excluding LULUCF (Mt CO2e),EN.GHG.ALL.MT.CE.AR5,16.8015
Cote d'Ivoire,CIV,2003,Total greenhouse gas emissions excluding LULUCF (Mt CO2e),EN.GHG.ALL.MT.CE.AR5,15.9953
Cote d'Ivoire,CIV,2002,Total greenhouse gas emissions excluding LULUCF (Mt CO2e),EN.GHG.ALL.MT.CE.AR5,17.4535
Cote d'Ivoire,CIV,2001,Total greenhouse gas emissions excluding LULUCF (Mt CO2e),EN.GHG.ALL.MT.CE.AR5,16.6758
Cote d'Ivoire,CIV,2000,Total greenhouse gas emissions excluding LULUCF (Mt CO2e),EN.GHG.ALL.MT.CE.AR5,16.4695
Cote d'Ivoire,CIV,1999,Total greenhouse gas emissions excluding LULUCF (Mt CO2e),EN.GHG.ALL.MT.CE.AR5,16.5612
Cote d'Ivoire,CIV,1998,Total greenhouse gas emissions excluding LULUCF (Mt CO2e),EN.GHG.ALL.MT.CE.AR5,14.6622
Cote d'Ivoire,CIV,1997,Total greenhouse gas emissions excluding LULUCF (Mt CO2e),EN.GHG.ALL.MT.CE.AR5,14.9393
Cote d'Ivoire,CIV,1996,Total greenhouse gas emissions excluding LULUCF (Mt CO2e),EN.GHG.ALL.MT.CE.AR5,13.6523
Cote d'Ivoire,CIV,1995,Total greenhouse gas emissions excluding LULUCF (Mt CO2e),EN.GHG.ALL.MT.CE.AR5,12.3796
Cote d'Ivoire,CIV,1994,Total greenhouse gas emissions excluding LULUCF (Mt CO2e),EN.GHG.ALL.MT.CE.AR5,11.7799
Cote d'Ivoire,CIV,1993,Total greenhouse gas emissions excluding LULUCF (Mt CO2e),EN.GHG.ALL.MT.CE.AR5,10.8766
Cote d'Ivoire,CIV,1992,Total greenhouse gas emissions excluding LULUCF (Mt CO2e),EN.GHG.ALL.MT.CE.AR5,10.7331
Cote d'Ivoire,CIV,1991,Total greenhouse gas emissions excluding LULUCF (Mt CO2e),EN.GHG.ALL.MT.CE.AR5,10.6032
Cote d'Ivoire,CIV,1990,Total greenhouse gas emissions excluding LULUCF (Mt CO2e),EN.GHG.ALL.MT.CE.AR5,10.2748
Cote d'Ivoire,CIV,1989,Total greenhouse gas emissions excluding LULUCF (Mt CO2e),EN.GHG.ALL.MT.CE.AR5,10.3282
Cote d'Ivoire,CIV,1988,Total greenhouse gas emissions excluding LULUCF (Mt CO2e),EN.GHG.ALL.MT.CE.AR5,10.7037
Cote d'Ivoire,CIV,1987,Total greenhouse gas emissions excluding LULUCF (Mt CO2e),EN.GHG.ALL.MT.CE.AR5,10.7648
Cote d'Ivoire,CIV,1986,Total greenhouse gas emissions excluding LULUCF (Mt CO2e),EN.GHG.ALL.MT.CE.AR5,10.823
Cote d'Ivoire,CIV,1985,Total greenhouse gas emissions excluding LULUCF (Mt CO2e),EN.GHG.ALL.MT.CE.AR5,10.8506
Cote d'Ivoire,CIV,1984,Total greenhouse gas emissions excluding LULUCF (Mt CO2e),EN.GHG.ALL.MT.CE.AR5,10.9143
Cote d'Ivoire,CIV,1983,Total greenhouse gas emissions excluding LULUCF (Mt CO2e),EN.GHG.ALL.MT.CE.AR5,11.0322
Cote d'Ivoire,CIV,1982,Total greenhouse gas emissions excluding LULUCF (Mt CO2e),EN.GHG.ALL.MT.CE.AR5,9.5658
Cote d'Ivoire,CIV,1981,Total greenhouse gas emissions excluding LULUCF (Mt CO2e),EN.GHG.ALL.MT.CE.AR5,9.2187
Cote d'Ivoire,CIV,1980,Total greenhouse gas emissions excluding LULUCF (Mt CO2e),EN.GHG.ALL.MT.CE.AR5,9.1801
Cote d'Ivoire,CIV,1979,Total greenhouse gas emissions excluding LULUCF (Mt CO2e),EN.GHG.ALL.MT.CE.AR5,9.309
Cote d'Ivoire,CIV,1978,Total greenhouse gas emissions excluding LULUCF (Mt CO2e),EN.GHG.ALL.MT.CE.AR5,9.4391
Cote d'Ivoire,CIV,1977,Total greenhouse gas emissions excluding LULUCF (Mt CO2e),EN.GHG.ALL.MT.CE.AR5,8.6611
Cote d'Ivoire,CIV,1976,Total greenhouse gas emissions excluding LULUCF (Mt CO2e),EN.GHG.ALL.MT.CE.AR5,8.4805
Cote d'Ivoire,CIV,1975,Total greenhouse gas emissions excluding LULUCF (Mt CO2e),EN.GHG.ALL.MT.CE.AR5,7.8158
Cote d'Ivoire,CIV,1974,Total greenhouse gas emissions excluding LULUCF (Mt CO2e),EN.GHG.ALL.MT.CE.AR5,7.2948
Cote d'Ivoire,CIV,1973,Total greenhouse gas emissions excluding LULUCF (Mt CO2e),EN.GHG.ALL.MT.CE.AR5,7.0744
Cote d'Ivoire,CIV,1972,Total greenhouse gas emissions excluding LULUCF (Mt CO2e),EN.GHG.ALL.MT.CE.AR5,6.885
Cote d'Ivoire,CIV,1971,Total greenhouse gas emissions excluding LULUCF (Mt CO2e),EN.GHG.ALL.MT.CE.AR5,6.476
Cote d'Ivoire,CIV,1970,Total greenhouse gas emissions excluding LULUCF (Mt CO2e),EN.GHG.ALL.MT.CE.AR5,6.3741
Cote d'Ivoire,CIV,2023,Total greenhouse gas emissions excluding LULUCF per capita (t CO2e/capita),EN.GHG.ALL.PC.CE.AR5,1.03267526489256
Cote d'Ivoire,CIV,2022,Total greenhouse gas emissions excluding LULUCF per capita (t CO2e/capita),EN.GHG.ALL.PC.CE.AR5,1.0583549229574
Cote d'Ivoire,CIV,2021,Total greenhouse gas emissions excluding LULUCF per capita (t CO2e/capita),EN.GHG.ALL.PC.CE.AR5,1.06372742321322
Cote d'Ivoire,CIV,2020,Total greenhouse gas emissions excluding LULUCF per capita (t CO2e/capita),EN.GHG.ALL.PC.CE.AR5,1.02023662160667
Cote d'Ivoire,CIV,2019,Total greenhouse gas emissions excluding LULUCF per capita (t CO2e/capita),EN.GHG.ALL.PC.CE.AR5,1.04362042377243
Cote d'Ivoire,CIV,2018,Total greenhouse gas emissions excluding LULUCF per capita (t CO2e/capita),EN.GHG.ALL.PC.CE.AR5,1.00287745784299
Cote d'Ivoire,CIV,2017,Total greenhouse gas emissions excluding LULUCF per capita (t CO2e/capita),EN.GHG.ALL.PC.CE.AR5,1.05104212068721
Cote d'Ivoire,CIV,2016,Total greenhouse gas emissions excluding LULUCF per capita (t CO2e/capita),EN.GHG.ALL.PC.CE.AR5,1.0465072209233
Cote d'Ivoire,CIV,2015,Total greenhouse gas emissions excluding LULUCF per capita (t CO2e/capita),EN.GHG.ALL.PC.CE.AR5,1.03393988721218
Cote d'Ivoire,CIV,2014,Total greenhouse gas emissions excluding LULUCF per capita (t CO2e/capita),EN.GHG.ALL.PC.CE.AR5,1.0204222666125
Cote d'Ivoire,CIV,2013,Total greenhouse gas emissions excluding LULUCF per capita (t CO2e/capita),EN.GHG.ALL.PC.CE.AR5,1.00636701890473
Cote d'Ivoire,CIV,2012,Total greenhouse gas emissions excluding LULUCF per capita (t CO2e/capita),EN.GHG.ALL.PC.CE.AR5,0.970785540492089
Cote d'Ivoire,CIV,2011,Total greenhouse gas emissions excluding LULUCF per capita (t CO2e/capita),EN.GHG.ALL.PC.CE.AR5,0.878026281437647
Cote d'Ivoire,CIV,2010,Total greenhouse gas emissions excluding LULUCF per capita (t CO2e/capita),EN.GHG.ALL.PC.CE.AR5,0.869003180131327
Cote d'Ivoire,CIV,2009,Total greenhouse gas emissions excluding LULUCF per capita (t CO2e/capita),EN.GHG.ALL.PC.CE.AR5,0.826350103691528
Cote d'Ivoire,CIV,2008,Total greenhouse gas emissions excluding LULUCF per capita (t CO2e/capita),EN.GHG.ALL.PC.CE.AR5,0.871140539616208
Cote d'Ivoire,CIV,2007,Total greenhouse gas emissions excluding LULUCF per capita (t CO2e/capita),EN.GHG.ALL.PC.CE.AR5,0.85750934425991
Cote d'Ivoire,CIV,2006,Total greenhouse gas emissions excluding LULUCF per capita (t CO2e/capita),EN.GHG.ALL.PC.CE.AR5,0.871298608902738
Cote d'Ivoire,CIV,2005,Total greenhouse gas emissions excluding LULUCF per capita (t CO2e/capita),EN.GHG.ALL.PC.CE.AR5,0.884098818155336
Cote d'Ivoire,CIV,2004,Total greenhouse gas emissions excluding LULUCF per capita (t CO2e/capita),EN.GHG.ALL.PC.CE.AR5,0.85743812196989
Cote d'Ivoire,CIV,2003,Total greenhouse gas emissions excluding LULUCF per capita (t CO2e/capita),EN.GHG.ALL.PC.CE.AR5,0.836331854020137
Cote d'Ivoire,CIV,2002,Total greenhouse gas emissions excluding LULUCF per capita (t CO2e/capita),EN.GHG.ALL.PC.CE.AR5,0.935605159666661
Cote d'Ivoire,CIV,2001,Total greenhouse gas emissions excluding LULUCF per capita (t CO2e/capita),EN.GHG.ALL.PC.CE.AR5,0.917315573268875
Cote d'Ivoire,CIV,2000,Total greenhouse gas emissions excluding LULUCF per capita (t CO2e/capita),EN.GHG.ALL.PC.CE.AR5,0.930532588161458
Cote d'Ivoire,CIV,1999,Total greenhouse gas emissions excluding LULUCF per capita (t CO2e/capita),EN.GHG.ALL.PC.CE.AR5,0.961969245353215
Cote d'Ivoire,CIV,1998,Total greenhouse gas emissions excluding LULUCF per capita (t CO2e/capita),EN.GHG.ALL.PC.CE.AR5,0.879875525295686
Cote d'Ivoire,CIV,1997,Total greenhouse gas emissions excluding LULUCF per capita (t CO2e/capita),EN.GHG.ALL.PC.CE.AR5,0.930961658660063
Cote d'Ivoire,CIV,1996,Total greenhouse gas emissions excluding LULUCF per capita (t CO2e/capita),EN.GHG.ALL.PC.CE.AR5,0.884083937690159
Cote d'Ivoire,CIV,1995,Total greenhouse gas emissions excluding LULUCF per capita (t CO2e/capita),EN.GHG.ALL.PC.CE.AR5,0.833330809026786
Cote d'Ivoire,CIV,1994,Total greenhouse gas emissions excluding LULUCF per capita (t CO2e/capita),EN.GHG.ALL.PC.CE.AR5,0.824507193536369
Cote d'Ivoire,CIV,1993,Total greenhouse gas emissions excluding LULUCF per capita (t CO2e/capita),EN.GHG.ALL.PC.CE.AR5,0.791834507854607
Cote d'Ivoire,CIV,1992,Total greenhouse gas emissions excluding LULUCF per capita (t CO2e/capita),EN.GHG.ALL.PC.CE.AR5,0.813094540961538
Cote d'Ivoire,CIV,1991,Total greenhouse gas emissions excluding LULUCF per capita (t CO2e/capita),EN.GHG.ALL.PC.CE.AR5,0.835959372021315
Cote d'Ivoire,CIV,1990,Total greenhouse gas emissions excluding LULUCF per capita (t CO2e/capita),EN.GHG.ALL.PC.CE.AR5,0.842902963450196
Cote d'Ivoire,CIV,1989,Total greenhouse gas emissions excluding LULUCF per capita (t CO2e/capita),EN.GHG.ALL.PC.CE.AR5,0.881262953004799
Cote d'Ivoire,CIV,1988,Total greenhouse gas emissions excluding LULUCF per capita (t CO2e/capita),EN.GHG.ALL.PC.CE.AR5,0.949314463819631
Cote d'Ivoire,CIV,1987,Total greenhouse gas emissions excluding LULUCF per capita (t CO2e/capita),EN.GHG.ALL.PC.CE.AR5,0.992012606581133
Cote d'Ivoire,CIV,1986,Total greenhouse gas emissions excluding LULUCF per capita (t CO2e/capita),EN.GHG.ALL.PC.CE.AR5,1.03659477419464
Cote d'Ivoire,CIV,1985,Total greenhouse gas emissions excluding LULUCF per capita (t CO2e/capita),EN.GHG.ALL.PC.CE.AR5,1.08068506266083
Cote d'Ivoire,CIV,1984,Total greenhouse gas emissions excluding LULUCF per capita (t CO2e/capita),EN.GHG.ALL.PC.CE.AR5,1.13095507017449
Cote d'Ivoire,CIV,1983,Total greenhouse gas emissions excluding LULUCF per capita (t CO2e/capita),EN.GHG.ALL.PC.CE.AR5,1.18974491261702
Cote d'Ivoire,CIV,1982,Total greenhouse gas emissions excluding LULUCF per capita (t CO2e/capita),EN.GHG.ALL.PC.CE.AR5,1.07385145111056
Cote d'Ivoire,CIV,1981,Total greenhouse gas emissions excluding LULUCF per capita (t CO2e/capita),EN.GHG.ALL.PC.CE.AR5,1.07737936908556
Cote d'Ivoire,CIV,1980,Total greenhouse gas emissions excluding LULUCF per capita (t CO2e/capita),EN.GHG.ALL.PC.CE.AR5,1.11670348828581
Cote d'Ivoire,CIV,1979,Total greenhouse gas emissions excluding LULUCF per capita (t CO2e/capita),EN.GHG.ALL.PC.CE.AR5,1.17801638441222
Cote d'Ivoire,CIV,1978,Total greenhouse gas emissions excluding LULUCF per capita (t CO2e/capita),EN.GHG.ALL.PC.CE.AR5,1.24147555020104
Cote d'Ivoire,CIV,1977,Total greenhouse gas emissions excluding LULUCF per capita (t CO2e/capita),EN.GHG.ALL.PC.CE.AR5,1.18289526697123
Cote d'Ivoire,CIV,1976,Total greenhouse gas emissions excluding LULUCF per capita (t CO2e/capita),EN.GHG.ALL.PC.CE.AR5,1.20155149690605
Cote d'Ivoire,CIV,1975,Total greenhouse gas emissions excluding LULUCF per capita (t CO2e/capita),EN.GHG.ALL.PC.CE.AR5,1.15340280982371
Cote d'Ivoire,CIV,1974,Total greenhouse gas emissions excluding LULUCF per capita (t CO2e/capita),EN.GHG.ALL.PC.CE.AR5,1.12677413868923
Cote d'Ivoire,CIV,1973,Total greenhouse gas emissions excluding LULUCF per capita (t CO2e/capita),EN.GHG.ALL.PC.CE.AR5,1.14380987119689
Cote d'Ivoire,CIV,1972,Total greenhouse gas emissions excluding LULUCF per capita (t CO2e/capita),EN.GHG.ALL.PC.CE.AR5,1.16503060383951
Cote d'Ivoire,CIV,1971,Total greenhouse gas emissions excluding LULUCF per capita (t CO2e/capita),EN.GHG.ALL.PC.CE.AR5,1.14601862935039
Cote d'Ivoire,CIV,1970,Total greenhouse gas emissions excluding LULUCF per capita (t CO2e/capita),EN.GHG.ALL.PC.CE.AR5,1.17786585659939
Cote d'Ivoire,CIV,2023,Methane (CH4) emissions from Agriculture (Mt CO2e),EN.GHG.CH4.AG.MT.CE.AR5,3.7584
Cote d'Ivoire,CIV,2022,Methane (CH4) emissions from Agriculture (Mt CO2e),EN.GHG.CH4.AG.MT.CE.AR5,3.6699
Cote d'Ivoire,CIV,2021,Methane (CH4) emissions from Agriculture (Mt CO2e),EN.GHG.CH4.AG.MT.CE.AR5,3.5995
Cote d'Ivoire,CIV,2020,Methane (CH4) emissions from Agriculture (Mt CO2e),EN.GHG.CH4.AG.MT.CE.AR5,3.4469
Cote d'Ivoire,CIV,2019,Methane (CH4) emissions from Agriculture (Mt CO2e),EN.GHG.CH4.AG.MT.CE.AR5,3.4917
Cote d'Ivoire,CIV,2018,Methane (CH4) emissions from Agriculture (Mt CO2e),EN.GHG.CH4.AG.MT.CE.AR5,3.4552
Cote d'Ivoire,CIV,2017,Methane (CH4) emissions from Agriculture (Mt CO2e),EN.GHG.CH4.AG.MT.CE.AR5,3.3904
Cote d'Ivoire,CIV,2016,Methane (CH4) emissions from Agriculture (Mt CO2e),EN.GHG.CH4.AG.MT.CE.AR5,3.2425
Cote d'Ivoire,CIV,2015,Methane (CH4) emissions from Agriculture (Mt CO2e),EN.GHG.CH4.AG.MT.CE.AR5,3.1611
Cote d'Ivoire,CIV,2014,Methane (CH4) emissions from Agriculture (Mt CO2e),EN.GHG.CH4.AG.MT.CE.AR5,3.115
Cote d'Ivoire,CIV,2013,Methane (CH4) emissions from Agriculture (Mt CO2e),EN.GHG.CH4.AG.MT.CE.AR5,3.0694
Cote d'Ivoire,CIV,2012,Methane (CH4) emissions from Agriculture (Mt CO2e),EN.GHG.CH4.AG.MT.CE.AR5,2.9398
Cote d'Ivoire,CIV,2011,Methane (CH4) emissions from Agriculture (Mt CO2e),EN.GHG.CH4.AG.MT.CE.AR5,2.6506
Cote d'Ivoire,CIV,2010,Methane (CH4) emissions from Agriculture (Mt CO2e),EN.GHG.CH4.AG.MT.CE.AR5,2.6802
Cote d'Ivoire,CIV,2009,Methane (CH4) emissions from Agriculture (Mt CO2e),EN.GHG.CH4.AG.MT.CE.AR5,2.6343
Cote d'Ivoire,CIV,2008,Methane (CH4) emissions from Agriculture (Mt CO2e),EN.GHG.CH4.AG.MT.CE.AR5,2.5747
Cote d'Ivoire,CIV,2007,Methane (CH4) emissions from Agriculture (Mt CO2e),EN.GHG.CH4.AG.MT.CE.AR5,2.5161
Cote d'Ivoire,CIV,2006,Methane (CH4) emissions from Agriculture (Mt CO2e),EN.GHG.CH4.AG.MT.CE.AR5,2.4871
Cote d'Ivoire,CIV,2005,Methane (CH4) emissions from Agriculture (Mt CO2e),EN.GHG.CH4.AG.MT.CE.AR5,2.4291
Cote d'Ivoire,CIV,2004,Methane (CH4) emissions from Agriculture (Mt CO2e),EN.GHG.CH4.AG.MT.CE.AR5,2.3737
Cote d'Ivoire,CIV,2003,Methane (CH4) emissions from Agriculture (Mt CO2e),EN.GHG.CH4.AG.MT.CE.AR5,2.3325
Cote d'Ivoire,CIV,2002,Methane (CH4) emissions from Agriculture (Mt CO2e),EN.GHG.CH4.AG.MT.CE.AR5,2.2951
Cote d'Ivoire,CIV,2001,Methane (CH4) emissions from Agriculture (Mt CO2e),EN.GHG.CH4.AG.MT.CE.AR5,2.2553
Cote d'Ivoire,CIV,2000,Methane (CH4) emissions from Agriculture (Mt CO2e),EN.GHG.CH4.AG.MT.CE.AR5,2.2156
Cote d'Ivoire,CIV,1999,Methane (CH4) emissions from Agriculture (Mt CO2e),EN.GHG.CH4.AG.MT.CE.AR5,2.1999
Cote d'Ivoire,CIV,1998,Methane (CH4) emissions from Agriculture (Mt CO2e),EN.GHG.CH4.AG.MT.CE.AR5,2.1863
Cote d'Ivoire,CIV,1997,Methane (CH4) emissions from Agriculture (Mt CO2e),EN.GHG.CH4.AG.MT.CE.AR5,2.3017
Cote d'Ivoire,CIV,1996,Methane (CH4) emissions from Agriculture (Mt CO2e),EN.GHG.CH4.AG.MT.CE.AR5,2.2459
Cote d'Ivoire,CIV,1995,Methane (CH4) emissions from Agriculture (Mt CO2e),EN.GHG.CH4.AG.MT.CE.AR5,2.3844
Cote d'Ivoire,CIV,1994,Methane (CH4) emissions from Agriculture (Mt CO2e),EN.GHG.CH4.AG.MT.CE.AR5,2.3354
Cote d'Ivoire,CIV,1993,Methane (CH4) emissions from Agriculture (Mt CO2e),EN.GHG.CH4.AG.MT.CE.AR5,2.1807
Cote d'Ivoire,CIV,1992,Methane (CH4) emissions from Agriculture (Mt CO2e),EN.GHG.CH4.AG.MT.CE.AR5,2.3256
Cote d'Ivoire,CIV,1991,Methane (CH4) emissions from Agriculture (Mt CO2e),EN.GHG.CH4.AG.MT.CE.AR5,2.2678
Cote d'Ivoire,CIV,1990,Methane (CH4) emissions from Agriculture (Mt CO2e),EN.GHG.CH4.AG.MT.CE.AR5,2.1742
Cote d'Ivoire,CIV,1989,Methane (CH4) emissions from Agriculture (Mt CO2e),EN.GHG.CH4.AG.MT.CE.AR5,2.0924
Cote d'Ivoire,CIV,1988,Methane (CH4) emissions from Agriculture (Mt CO2e),EN.GHG.CH4.AG.MT.CE.AR5,2.0072
Cote d'Ivoire,CIV,1987,Methane (CH4) emissions from Agriculture (Mt CO2e),EN.GHG.CH4.AG.MT.CE.AR5,1.9233
Cote d'Ivoire,CIV,1986,Methane (CH4) emissions from Agriculture (Mt CO2e),EN.GHG.CH4.AG.MT.CE.AR5,1.8952
Cote d'Ivoire,CIV,1985,Methane (CH4) emissions from Agriculture (Mt CO2e),EN.GHG.CH4.AG.MT.CE.AR5,1.7886
Cote d'Ivoire,CIV,1984,Methane (CH4) emissions from Agriculture (Mt CO2e),EN.GHG.CH4.AG.MT.CE.AR5,1.7259
Cote d'Ivoire,CIV,1983,Methane (CH4) emissions from Agriculture (Mt CO2e),EN.GHG.CH4.AG.MT.CE.AR5,1.646
Cote d'Ivoire,CIV,1982,Methane (CH4) emissions from Agriculture (Mt CO2e),EN.GHG.CH4.AG.MT.CE.AR5,1.5992
Cote d'Ivoire,CIV,1981,Methane (CH4) emissions from Agriculture (Mt CO2e),EN.GHG.CH4.AG.MT.CE.AR5,1.5208
Cote d'Ivoire,CIV,1980,Methane (CH4) emissions from Agriculture (Mt CO2e),EN.GHG.CH4.AG.MT.CE.AR5,1.5334
Cote d'Ivoire,CIV,1979,Methane (CH4) emissions from Agriculture (Mt CO2e),EN.GHG.CH4.AG.MT.CE.AR5,1.6371
Cote d'Ivoire,CIV,1978,Methane (CH4) emissions from Agriculture (Mt CO2e),EN.GHG.CH4.AG.MT.CE.AR5,1.5819
Cote d'Ivoire,CIV,1977,Methane (CH4) emissions from Agriculture (Mt CO2e),EN.GHG.CH4.AG.MT.CE.AR5,1.525
Cote d'Ivoire,CIV,1976,Methane (CH4) emissions from Agriculture (Mt CO2e),EN.GHG.CH4.AG.MT.CE.AR5,1.463
Cote d'Ivoire,CIV,1975,Methane (CH4) emissions from Agriculture (Mt CO2e),EN.GHG.CH4.AG.MT.CE.AR5,1.412
Cote d'Ivoire,CIV,1974,Methane (CH4) emissions from Agriculture (Mt CO2e),EN.GHG.CH4.AG.MT.CE.AR5,1.2813
Cote d'Ivoire,CIV,1973,Methane (CH4) emissions from Agriculture (Mt CO2e),EN.GHG.CH4.AG.MT.CE.AR5,1.2322
Cote d'Ivoire,CIV,1972,Methane (CH4) emissions from Agriculture (Mt CO2e),EN.GHG.CH4.AG.MT.CE.AR5,1.2056
Cote d'Ivoire,CIV,1971,Methane (CH4) emissions from Agriculture (Mt CO2e),EN.GHG.CH4.AG.MT.CE.AR5,1.1845
Cote d'Ivoire,CIV,1970,Methane (CH4) emissions from Agriculture (Mt CO2e),EN.GHG.CH4.AG.MT.CE.AR5,1.1803
Cote d'Ivoire,CIV,2023,Methane (CH4) emissions from Building (Energy) (Mt CO2e),EN.GHG.CH4.BU.MT.CE.AR5,1.4323
Cote d'Ivoire,CIV,2022,Methane (CH4) emissions from Building (Energy) (Mt CO2e),EN.GHG.CH4.BU.MT.CE.AR5,1.4325
Cote d'Ivoire,CIV,2021,Methane (CH4) emissions from Building (Energy) (Mt CO2e),EN.GHG.CH4.BU.MT.CE.AR5,1.4274
Cote d'Ivoire,CIV,2020,Methane (CH4) emissions from Building (Energy) (Mt CO2e),EN.GHG.CH4.BU.MT.CE.AR5,1.4063
Cote d'Ivoire,CIV,2019,Methane (CH4) emissions from Building (Energy) (Mt CO2e),EN.GHG.CH4.BU.MT.CE.AR5,1.3654
Cote d'Ivoire,CIV,2018,Methane (CH4) emissions from Building (Energy) (Mt CO2e),EN.GHG.CH4.BU.MT.CE.AR5,1.2673
Cote d'Ivoire,CIV,2017,Methane (CH4) emissions from Building (Energy) (Mt CO2e),EN.GHG.CH4.BU.MT.CE.AR5,1.4227
Cote d'Ivoire,CIV,2016,Methane (CH4) emissions from Building (Energy) (Mt CO2e),EN.GHG.CH4.BU.MT.CE.AR5,1.3571
Cote d'Ivoire,CIV,2015,Methane (CH4) emissions from Building (Energy) (Mt CO2e),EN.GHG.CH4.BU.MT.CE.AR5,1.3737
Cote d'Ivoire,CIV,2014,Methane (CH4) emissions from Building (Energy) (Mt CO2e),EN.GHG.CH4.BU.MT.CE.AR5,1.7613
Cote d'Ivoire,CIV,2013,Methane (CH4) emissions from Building (Energy) (Mt CO2e),EN.GHG.CH4.BU.MT.CE.AR5,1.7157
Cote d'Ivoire,CIV,2012,Methane (CH4) emissions from Building (Energy) (Mt CO2e),EN.GHG.CH4.BU.MT.CE.AR5,1.6706
Cote d'Ivoire,CIV,2011,Methane (CH4) emissions from Building (Energy) (Mt CO2e),EN.GHG.CH4.BU.MT.CE.AR5,1.6224
Cote d'Ivoire,CIV,2010,Methane (CH4) emissions from Building (Energy) (Mt CO2e),EN.GHG.CH4.BU.MT.CE.AR5,1.384
Cote d'Ivoire,CIV,2009,Methane (CH4) emissions from Building (Energy) (Mt CO2e),EN.GHG.CH4.BU.MT.CE.AR5,1.2384
Cote d'Ivoire,CIV,2008,Methane (CH4) emissions from Building (Energy) (Mt CO2e),EN.GHG.CH4.BU.MT.CE.AR5,1.3177
Cote d'Ivoire,CIV,2007,Methane (CH4) emissions from Building (Energy) (Mt CO2e),EN.GHG.CH4.BU.MT.CE.AR5,1.3374
Cote d'Ivoire,CIV,2006,Methane (CH4) emissions from Building (Energy) (Mt CO2e),EN.GHG.CH4.BU.MT.CE.AR5,1.3049
Cote d'Ivoire,CIV,2005,Methane (CH4) emissions from Building (Energy) (Mt CO2e),EN.GHG.CH4.BU.MT.CE.AR5,1.2719
Cote d'Ivoire,CIV,2004,Methane (CH4) emissions from Building (Energy) (Mt CO2e),EN.GHG.CH4.BU.MT.CE.AR5,1.2405
Cote d'Ivoire,CIV,2003,Methane (CH4) emissions from Building (Energy) (Mt CO2e),EN.GHG.CH4.BU.MT.CE.AR5,0.9155
Cote d'Ivoire,CIV,2002,Methane (CH4) emissions from Building (Energy) (Mt CO2e),EN.GHG.CH4.BU.MT.CE.AR5,0.8982
Cote d'Ivoire,CIV,2001,Methane (CH4) emissions from Building (Energy) (Mt CO2e),EN.GHG.CH4.BU.MT.CE.AR5,0.8803
Cote d'Ivoire,CIV,2000,Methane (CH4) emissions from Building (Energy) (Mt CO2e),EN.GHG.CH4.BU.MT.CE.AR5,0.876
Cote d'Ivoire,CIV,1999,Methane (CH4) emissions from Building (Energy) (Mt CO2e),EN.GHG.CH4.BU.MT.CE.AR5,0.8532
Cote d'Ivoire,CIV,1998,Methane (CH4) emissions from Building (Energy) (Mt CO2e),EN.GHG.CH4.BU.MT.CE.AR5,0.8282
Cote d'Ivoire,CIV,1997,Methane (CH4) emissions from Building (Energy) (Mt CO2e),EN.GHG.CH4.BU.MT.CE.AR5,0.8123
Cote d'Ivoire,CIV,1996,Methane (CH4) emissions from Building (Energy) (Mt CO2e),EN.GHG.CH4.BU.MT.CE.AR5,0.7893
Cote d'Ivoire,CIV,1995,Methane (CH4) emissions from Building (Energy) (Mt CO2e),EN.GHG.CH4.BU.MT.CE.AR5,0.7647
Cote d'Ivoire,CIV,1994,Methane (CH4) emissions from Building (Energy) (Mt CO2e),EN.GHG.CH4.BU.MT.CE.AR5,0.7444
Cote d'Ivoire,CIV,1993,Methane (CH4) emissions from Building (Energy) (Mt CO2e),EN.GHG.CH4.BU.MT.CE.AR5,0.7232
Cote d'Ivoire,CIV,1992,Methane (CH4) emissions from Building (Energy) (Mt CO2e),EN.GHG.CH4.BU.MT.CE.AR5,0.7011
Cote d'Ivoire,CIV,1991,Methane (CH4) emissions from Building (Energy) (Mt CO2e),EN.GHG.CH4.BU.MT.CE.AR5,0.6786
Cote d'Ivoire,CIV,1990,Methane (CH4) emissions from Building (Energy) (Mt CO2e),EN.GHG.CH4.BU.MT.CE.AR5,0.6555
Cote d'Ivoire,CIV,1989,Methane (CH4) emissions from Building (Energy) (Mt CO2e),EN.GHG.CH4.BU.MT.CE.AR5,0.6323
Cote d'Ivoire,CIV,1988,Methane (CH4) emissions from Building (Energy) (Mt CO2e),EN.GHG.CH4.BU.MT.CE.AR5,0.6095
Cote d'Ivoire,CIV,1987,Methane (CH4) emissions from Building (Energy) (Mt CO2e),EN.GHG.CH4.BU.MT.CE.AR5,0.5886
Cote d'Ivoire,CIV,1986,Methane (CH4) emissions from Building (Energy) (Mt CO2e),EN.GHG.CH4.BU.MT.CE.AR5,0.5683
Cote d'Ivoire,CIV,1985,Methane (CH4) emissions from Building (Energy) (Mt CO2e),EN.GHG.CH4.BU.MT.CE.AR5,0.5485
Cote d'Ivoire,CIV,1984,Methane (CH4) emissions from Building (Energy) (Mt CO2e),EN.GHG.CH4.BU.MT.CE.AR5,0.5295
Cote d'Ivoire,CIV,1983,Methane (CH4) emissions from Building (Energy) (Mt CO2e),EN.GHG.CH4.BU.MT.CE.AR5,0.5111
Cote d'Ivoire,CIV,1982,Methane (CH4) emissions from Building (Energy) (Mt CO2e),EN.GHG.CH4.BU.MT.CE.AR5,0.4934
Cote d'Ivoire,CIV,1981,Methane (CH4) emissions from Building (Energy) (Mt CO2e),EN.GHG.CH4.BU.MT.CE.AR5,0.4766
Cote d'Ivoire,CIV,1980,Methane (CH4) emissions from Building (Energy) (Mt CO2e),EN.GHG.CH4.BU.MT.CE.AR5,0.4602
Cote d'Ivoire,CIV,1979,Methane (CH4) emissions from Building (Energy) (Mt CO2e),EN.GHG.CH4.BU.MT.CE.AR5,0.4439
Cote d'Ivoire,CIV,1978,Methane (CH4) emissions from Building (Energy) (Mt CO2e),EN.GHG.CH4.BU.MT.CE.AR5,0.4286
Cote d'Ivoire,CIV,1977,Methane (CH4) emissions from Building (Energy) (Mt CO2e),EN.GHG.CH4.BU.MT.CE.AR5,0.4137
Cote d'Ivoire,CIV,1976,Methane (CH4) emissions from Building (Energy) (Mt CO2e),EN.GHG.CH4.BU.MT.CE.AR5,0.3992
Cote d'Ivoire,CIV,1975,Methane (CH4) emissions from Building (Energy) (Mt CO2e),EN.GHG.CH4.BU.MT.CE.AR5,0.3853
Cote d'Ivoire,CIV,1974,Methane (CH4) emissions from Building (Energy) (Mt CO2e),EN.GHG.CH4.BU.MT.CE.AR5,0.3723
Cote d'Ivoire,CIV,1973,Methane (CH4) emissions from Building (Energy) (Mt CO2e),EN.GHG.CH4.BU.MT.CE.AR5,0.3598
Cote d'Ivoire,CIV,1972,Methane (CH4) emissions from Building (Energy) (Mt CO2e),EN.GHG.CH4.BU.MT.CE.AR5,0.3477
Cote d'Ivoire,CIV,1971,Methane (CH4) emissions from Building (Energy) (Mt CO2e),EN.GHG.CH4.BU.MT.CE.AR5,0.3358
Cote d'Ivoire,CIV,1970,Methane (CH4) emissions from Building (Energy) (Mt CO2e),EN.GHG.CH4.BU.MT.CE.AR5,0.3358
Cote d'Ivoire,CIV,2023,Methane (CH4) emissions from Fugitive Emissions (Energy) (Mt CO2e),EN.GHG.CH4.FE.MT.CE.AR5,4.6816
Cote d'Ivoire,CIV,2022,Methane (CH4) emissions from Fugitive Emissions (Energy) (Mt CO2e),EN.GHG.CH4.FE.MT.CE.AR5,4.7077
Cote d'Ivoire,CIV,2021,Methane (CH4) emissions from Fugitive Emissions (Energy) (Mt CO2e),EN.GHG.CH4.FE.MT.CE.AR5,4.6808
Cote d'Ivoire,CIV,2020,Methane (CH4) emissions from Fugitive Emissions (Energy) (Mt CO2e),EN.GHG.CH4.FE.MT.CE.AR5,4.7028
Cote d'Ivoire,CIV,2019,Methane (CH4) emissions from Fugitive Emissions (Energy) (Mt CO2e),EN.GHG.CH4.FE.MT.CE.AR5,4.7202
Cote d'Ivoire,CIV,2018,Methane (CH4) emissions from Fugitive Emissions (Energy) (Mt CO2e),EN.GHG.CH4.FE.MT.CE.AR5,4.3079
Cote d'Ivoire,CIV,2017,Methane (CH4) emissions from Fugitive Emissions (Energy) (Mt CO2e),EN.GHG.CH4.FE.MT.CE.AR5,5.0562
Cote d'Ivoire,CIV,2016,Methane (CH4) emissions from Fugitive Emissions (Energy) (Mt CO2e),EN.GHG.CH4.FE.MT.CE.AR5,5.4576
Cote d'Ivoire,CIV,2015,Methane (CH4) emissions from Fugitive Emissions (Energy) (Mt CO2e),EN.GHG.CH4.FE.MT.CE.AR5,4.9706
Cote d'Ivoire,CIV,2014,Methane (CH4) emissions from Fugitive Emissions (Energy) (Mt CO2e),EN.GHG.CH4.FE.MT.CE.AR5,4.5121
Cote d'Ivoire,CIV,2013,Methane (CH4) emissions from Fugitive Emissions (Energy) (Mt CO2e),EN.GHG.CH4.FE.MT.CE.AR5,4.5275
Cote d'Ivoire,CIV,2012,Methane (CH4) emissions from Fugitive Emissions (Energy) (Mt CO2e),EN.GHG.CH4.FE.MT.CE.AR5,4.3627
Cote d'Ivoire,CIV,2011,Methane (CH4) emissions from Fugitive Emissions (Energy) (Mt CO2e),EN.GHG.CH4.FE.MT.CE.AR5,4.2426
Cote d'Ivoire,CIV,2010,Methane (CH4) emissions from Fugitive Emissions (Energy) (Mt CO2e),EN.GHG.CH4.FE.MT.CE.AR5,3.6972
Cote d'Ivoire,CIV,2009,Methane (CH4) emissions from Fugitive Emissions (Energy) (Mt CO2e),EN.GHG.CH4.FE.MT.CE.AR5,3.4633
Cote d'Ivoire,CIV,2008,Methane (CH4) emissions from Fugitive Emissions (Energy) (Mt CO2e),EN.GHG.CH4.FE.MT.CE.AR5,3.5879
Cote d'Ivoire,CIV,2007,Methane (CH4) emissions from Fugitive Emissions (Energy) (Mt CO2e),EN.GHG.CH4.FE.MT.CE.AR5,3.5427
Cote d'Ivoire,CIV,2006,Methane (CH4) emissions from Fugitive Emissions (Energy) (Mt CO2e),EN.GHG.CH4.FE.MT.CE.AR5,3.2568
Cote d'Ivoire,CIV,2005,Methane (CH4) emissions from Fugitive Emissions (Energy) (Mt CO2e),EN.GHG.CH4.FE.MT.CE.AR5,3.1549
Cote d'Ivoire,CIV,2004,Methane (CH4) emissions from Fugitive Emissions (Energy) (Mt CO2e),EN.GHG.CH4.FE.MT.CE.AR5,2.9941
Cote d'Ivoire,CIV,2003,Methane (CH4) emissions from Fugitive Emissions (Energy) (Mt CO2e),EN.GHG.CH4.FE.MT.CE.AR5,2.8711
Cote d'Ivoire,CIV,2002,Methane (CH4) emissions from Fugitive Emissions (Energy) (Mt CO2e),EN.GHG.CH4.FE.MT.CE.AR5,2.8203
Cote d'Ivoire,CIV,2001,Methane (CH4) emissions from Fugitive Emissions (Energy) (Mt CO2e),EN.GHG.CH4.FE.MT.CE.AR5,2.722
Cote d'Ivoire,CIV,2000,Methane (CH4) emissions from Fugitive Emissions (Energy) (Mt CO2e),EN.GHG.CH4.FE.MT.CE.AR5,2.7074
Cote d'Ivoire,CIV,1999,Methane (CH4) emissions from Fugitive Emissions (Energy) (Mt CO2e),EN.GHG.CH4.FE.MT.CE.AR5,2.6271
Cote d'Ivoire,CIV,1998,Methane (CH4) emissions from Fugitive Emissions (Energy) (Mt CO2e),EN.GHG.CH4.FE.MT.CE.AR5,2.6377
Cote d'Ivoire,CIV,1997,Methane (CH4) emissions from Fugitive Emissions (Energy) (Mt CO2e),EN.GHG.CH4.FE.MT.CE.AR5,2.7117
Cote d'Ivoire,CIV,1996,Methane (CH4) emissions from Fugitive Emissions (Energy) (Mt CO2e),EN.GHG.CH4.FE.MT.CE.AR5,2.6262
Cote d'Ivoire,CIV,1995,Methane (CH4) emissions from Fugitive Emissions (Energy) (Mt CO2e),EN.GHG.CH4.FE.MT.CE.AR5,2.2403
Cote d'Ivoire,CIV,1994,Methane (CH4) emissions from Fugitive Emissions (Energy) (Mt CO2e),EN.GHG.CH4.FE.MT.CE.AR5,2.1347
Cote d'Ivoire,CIV,1993,Methane (CH4) emissions from Fugitive Emissions (Energy) (Mt CO2e),EN.GHG.CH4.FE.MT.CE.AR5,1.7476
Cote d'Ivoire,CIV,1992,Methane (CH4) emissions from Fugitive Emissions (Energy) (Mt CO2e),EN.GHG.CH4.FE.MT.CE.AR5,1.7482
Cote d'Ivoire,CIV,1991,Methane (CH4) emissions from Fugitive Emissions (Energy) (Mt CO2e),EN.GHG.CH4.FE.MT.CE.AR5,1.718
Cote d'Ivoire,CIV,1990,Methane (CH4) emissions from Fugitive Emissions (Energy) (Mt CO2e),EN.GHG.CH4.FE.MT.CE.AR5,1.6616
Cote d'Ivoire,CIV,1989,Methane (CH4) emissions from Fugitive Emissions (Energy) (Mt CO2e),EN.GHG.CH4.FE.MT.CE.AR5,1.6243
Cote d'Ivoire,CIV,1988,Methane (CH4) emissions from Fugitive Emissions (Energy) (Mt CO2e),EN.GHG.CH4.FE.MT.CE.AR5,2.1143
Cote d'Ivoire,CIV,1987,Methane (CH4) emissions from Fugitive Emissions (Energy) (Mt CO2e),EN.GHG.CH4.FE.MT.CE.AR5,2.3912
Cote d'Ivoire,CIV,1986,Methane (CH4) emissions from Fugitive Emissions (Energy) (Mt CO2e),EN.GHG.CH4.FE.MT.CE.AR5,2.463
Cote d'Ivoire,CIV,1985,Methane (CH4) emissions from Fugitive Emissions (Energy) (Mt CO2e),EN.GHG.CH4.FE.MT.CE.AR5,2.8524
Cote d'Ivoire,CIV,1984,Methane (CH4) emissions from Fugitive Emissions (Energy) (Mt CO2e),EN.GHG.CH4.FE.MT.CE.AR5,2.7657
Cote d'Ivoire,CIV,1983,Methane (CH4) emissions from Fugitive Emissions (Energy) (Mt CO2e),EN.GHG.CH4.FE.MT.CE.AR5,2.5196
Cote d'Ivoire,CIV,1982,Methane (CH4) emissions from Fugitive Emissions (Energy) (Mt CO2e),EN.GHG.CH4.FE.MT.CE.AR5,1.7414
Cote d'Ivoire,CIV,1981,Methane (CH4) emissions from Fugitive Emissions (Energy) (Mt CO2e),EN.GHG.CH4.FE.MT.CE.AR5,1.6019
Cote d'Ivoire,CIV,1980,Methane (CH4) emissions from Fugitive Emissions (Energy) (Mt CO2e),EN.GHG.CH4.FE.MT.CE.AR5,1.2528
Cote d'Ivoire,CIV,1979,Methane (CH4) emissions from Fugitive Emissions (Energy) (Mt CO2e),EN.GHG.CH4.FE.MT.CE.AR5,1.1657
Cote d'Ivoire,CIV,1978,Methane (CH4) emissions from Fugitive Emissions (Energy) (Mt CO2e),EN.GHG.CH4.FE.MT.CE.AR5,1.1355
Cote d'Ivoire,CIV,1977,Methane (CH4) emissions from Fugitive Emissions (Energy) (Mt CO2e),EN.GHG.CH4.FE.MT.CE.AR5,1.1066
Cote d'Ivoire,CIV,1976,Methane (CH4) emissions from Fugitive Emissions (Energy) (Mt CO2e),EN.GHG.CH4.FE.MT.CE.AR5,1.0771
Cote d'Ivoire,CIV,1975,Methane (CH4) emissions from Fugitive Emissions (Energy) (Mt CO2e),EN.GHG.CH4.FE.MT.CE.AR5,1.0487
Cote d'Ivoire,CIV,1974,Methane (CH4) emissions from Fugitive Emissions (Energy) (Mt CO2e),EN.GHG.CH4.FE.MT.CE.AR5,1.0201
Cote d'Ivoire,CIV,1973,Methane (CH4) emissions from Fugitive Emissions (Energy) (Mt CO2e),EN.GHG.CH4.FE.MT.CE.AR5,0.9935
Cote d'Ivoire,CIV,1972,Methane (CH4) emissions from Fugitive Emissions (Energy) (Mt CO2e),EN.GHG.CH4.FE.MT.CE.AR5,0.9675
Cote d'Ivoire,CIV,1971,Methane (CH4) emissions from Fugitive Emissions (Energy) (Mt CO2e),EN.GHG.CH4.FE.MT.CE.AR5,0.9392
Cote d'Ivoire,CIV,1970,Methane (CH4) emissions from Fugitive Emissions (Energy) (Mt CO2e),EN.GHG.CH4.FE.MT.CE.AR5,0.9468
Cote d'Ivoire,CIV,2023,Methane (CH4) emissions from Industrial Combustion (Energy) (Mt CO2e),EN.GHG.CH4.IC.MT.CE.AR5,0.0017
Cote d'Ivoire,CIV,2022,Methane (CH4) emissions from Industrial Combustion (Energy) (Mt CO2e),EN.GHG.CH4.IC.MT.CE.AR5,0.0017
Cote d'Ivoire,CIV,2021,Methane (CH4) emissions from Industrial Combustion (Energy) (Mt CO2e),EN.GHG.CH4.IC.MT.CE.AR5,0.0017
Cote d'Ivoire,CIV,2020,Methane (CH4) emissions from Industrial Combustion (Energy) (Mt CO2e),EN.GHG.CH4.IC.MT.CE.AR5,0.0015
Cote d'Ivoire,CIV,2019,Methane (CH4) emissions from Industrial Combustion (Energy) (Mt CO2e),EN.GHG.CH4.IC.MT.CE.AR5,0.0015
Cote d'Ivoire,CIV,2018,Methane (CH4) emissions from Industrial Combustion (Energy) (Mt CO2e),EN.GHG.CH4.IC.MT.CE.AR5,0.0011
Cote d'Ivoire,CIV,2017,Methane (CH4) emissions from Industrial Combustion (Energy) (Mt CO2e),EN.GHG.CH4.IC.MT.CE.AR5,0.0012
Cote d'Ivoire,CIV,2016,Methane (CH4) emissions from Industrial Combustion (Energy) (Mt CO2e),EN.GHG.CH4.IC.MT.CE.AR5,0.0009
Cote d'Ivoire,CIV,2015,Methane (CH4) emissions from Industrial Combustion (Energy) (Mt CO2e),EN.GHG.CH4.IC.MT.CE.AR5,0.0012
Cote d'Ivoire,CIV,2014,Methane (CH4) emissions from Industrial Combustion (Energy) (Mt CO2e),EN.GHG.CH4.IC.MT.CE.AR5,0.0011
Cote d'Ivoire,CIV,2013,Methane (CH4) emissions from Industrial Combustion (Energy) (Mt CO2e),EN.GHG.CH4.IC.MT.CE.AR5,0.001
Cote d'Ivoire,CIV,2012,Methane (CH4) emissions from Industrial Combustion (Energy) (Mt CO2e),EN.GHG.CH4.IC.MT.CE.AR5,0.0009
Cote d'Ivoire,CIV,2011,Methane (CH4) emissions from Industrial Combustion (Energy) (Mt CO2e),EN.GHG.CH4.IC.MT.CE.AR5,0.0007
Cote d'Ivoire,CIV,2010,Methane (CH4) emissions from Industrial Combustion (Energy) (Mt CO2e),EN.GHG.CH4.IC.MT.CE.AR5,0.0008
Cote d'Ivoire,CIV,2009,Methane (CH4) emissions from Industrial Combustion (Energy) (Mt CO2e),EN.GHG.CH4.IC.MT.CE.AR5,0.0008
Cote d'Ivoire,CIV,2008,Methane (CH4) emissions from Industrial Combustion (Energy) (Mt CO2e),EN.GHG.CH4.IC.MT.CE.AR5,0.0006
Cote d'Ivoire,CIV,2007,Methane (CH4) emissions from Industrial Combustion (Energy) (Mt CO2e),EN.GHG.CH4.IC.MT.CE.AR5,0.0004
Cote d'Ivoire,CIV,2006,Methane (CH4) emissions from Industrial Combustion (Energy) (Mt CO2e),EN.GHG.CH4.IC.MT.CE.AR5,0.0006
Cote d'Ivoire,CIV,2005,Methane (CH4) emissions from Industrial Combustion (Energy) (Mt CO2e),EN.GHG.CH4.IC.MT.CE.AR5,0.0004
Cote d'Ivoire,CIV,2004,Methane (CH4) emissions from Industrial Combustion (Energy) (Mt CO2e),EN.GHG.CH4.IC.MT.CE.AR5,0.0006
Cote d'Ivoire,CIV,2003,Methane (CH4) emissions from Industrial Combustion (Energy) (Mt CO2e),EN.GHG.CH4.IC.MT.CE.AR5,0.0006
Cote d'Ivoire,CIV,2002,Methane (CH4) emissions from Industrial Combustion (Energy) (Mt CO2e),EN.GHG.CH4.IC.MT.CE.AR5,0.0007
Cote d'Ivoire,CIV,2001,Methane (CH4) emissions from Industrial Combustion (Energy) (Mt CO2e),EN.GHG.CH4.IC.MT.CE.AR5,0.0008
Cote d'Ivoire,CIV,2000,Methane (CH4) emissions from Industrial Combustion (Energy) (Mt CO2e),EN.GHG.CH4.IC.MT.CE.AR5,0.0008
Cote d'Ivoire,CIV,1999,Methane (CH4) emissions from Industrial Combustion (Energy) (Mt CO2e),EN.GHG.CH4.IC.MT.CE.AR5,0.0008
Cote d'Ivoire,CIV,1998,Methane (CH4) emissions from Industrial Combustion (Energy) (Mt CO2e),EN.GHG.CH4.IC.MT.CE.AR5,0.0006
Cote d'Ivoire,CIV,1997,Methane (CH4) emissions from Industrial Combustion (Energy) (Mt CO2e),EN.GHG.CH4.IC.MT.CE.AR5,0.0007
Cote d'Ivoire,CIV,1996,Methane (CH4) emissions from Industrial Combustion (Energy) (Mt CO2e),EN.GHG.CH4.IC.MT.CE.AR5,0.0006
Cote d'Ivoire,CIV,1995,Methane (CH4) emissions from Industrial Combustion (Energy) (Mt CO2e),EN.GHG.CH4.IC.MT.CE.AR5,0.0005
Cote d'Ivoire,CIV,1994,Methane (CH4) emissions from Industrial Combustion (Energy) (Mt CO2e),EN.GHG.CH4.IC.MT.CE.AR5,0.0005
Cote d'Ivoire,CIV,1993,Methane (CH4) emissions from Industrial Combustion (Energy) (Mt CO2e),EN.GHG.CH4.IC.MT.CE.AR5,0.0005
Cote d'Ivoire,CIV,1992,Methane (CH4) emissions from Industrial Combustion (Energy) (Mt CO2e),EN.GHG.CH4.IC.MT.CE.AR5,0.0005
Cote d'Ivoire,CIV,1991,Methane (CH4) emissions from Industrial Combustion (Energy) (Mt CO2e),EN.GHG.CH4.IC.MT.CE.AR5,0.0005
Cote d'Ivoire,CIV,1990,Methane (CH4) emissions from Industrial Combustion (Energy) (Mt CO2e),EN.GHG.CH4.IC.MT.CE.AR5,0.0004
Cote d'Ivoire,CIV,1989,Methane (CH4) emissions from Industrial Combustion (Energy) (Mt CO2e),EN.GHG.CH4.IC.MT.CE.AR5,0.0005
Cote d'Ivoire,CIV,1988,Methane (CH4) emissions from Industrial Combustion (Energy) (Mt CO2e),EN.GHG.CH4.IC.MT.CE.AR5,0.0005
Cote d'Ivoire,CIV,1987,Methane (CH4) emissions from Industrial Combustion (Energy) (Mt CO2e),EN.GHG.CH4.IC.MT.CE.AR5,0.0005
Cote d'Ivoire,CIV,1986,Methane (CH4) emissions from Industrial Combustion (Energy) (Mt CO2e),EN.GHG.CH4.IC.MT.CE.AR5,0.0004
Cote d'Ivoire,CIV,1985,Methane (CH4) emissions from Industrial Combustion (Energy) (Mt CO2e),EN.GHG.CH4.IC.MT.CE.AR5,0.0004
Cote d'Ivoire,CIV,1984,Methane (CH4) emissions from Industrial Combustion (Energy) (Mt CO2e),EN.GHG.CH4.IC.MT.CE.AR5,0.0002
Cote d'Ivoire,CIV,1983,Methane (CH4) emissions from Industrial Combustion (Energy) (Mt CO2e),EN.GHG.CH4.IC.MT.CE.AR5,0.0009
Cote d'Ivoire,CIV,1982,Methane (CH4) emissions from Industrial Combustion (Energy) (Mt CO2e),EN.GHG.CH4.IC.MT.CE.AR5,0.0006
Cote d'Ivoire,CIV,1981,Methane (CH4) emissions from Industrial Combustion (Energy) (Mt CO2e),EN.GHG.CH4.IC.MT.CE.AR5,0.0006
Cote d'Ivoire,CIV,1980,Methane (CH4) emissions from Industrial Combustion (Energy) (Mt CO2e),EN.GHG.CH4.IC.MT.CE.AR5,0.0007
Cote d'Ivoire,CIV,1979,Methane (CH4) emissions from Industrial Combustion (Energy) (Mt CO2e),EN.GHG.CH4.IC.MT.CE.AR5,0.0006
Cote d'Ivoire,CIV,1978,Methane (CH4) emissions from Industrial Combustion (Energy) (Mt CO2e),EN.GHG.CH4.IC.MT.CE.AR5,0.0007
Cote d'Ivoire,CIV,1977,Methane (CH4) emissions from Industrial Combustion (Energy) (Mt CO2e),EN.GHG.CH4.IC.MT.CE.AR5,0.0006
Cote d'Ivoire,CIV,1976,Methane (CH4) emissions from Industrial Combustion (Energy) (Mt CO2e),EN.GHG.CH4.IC.MT.CE.AR5,0.001
Cote d'Ivoire,CIV,1975,Methane (CH4) emissions from Industrial Combustion (Energy) (Mt CO2e),EN.GHG.CH4.IC.MT.CE.AR5,0.0011
Cote d'Ivoire,CIV,1974,Methane (CH4) emissions from Industrial Combustion (Energy) (Mt CO2e),EN.GHG.CH4.IC.MT.CE.AR5,0.0009
Cote d'Ivoire,CIV,1973,Methane (CH4) emissions from Industrial Combustion (Energy) (Mt CO2e),EN.GHG.CH4.IC.MT.CE.AR5,0.0008
Cote d'Ivoire,CIV,1972,Methane (CH4) emissions from Industrial Combustion (Energy) (Mt CO2e),EN.GHG.CH4.IC.MT.CE.AR5,0.0009
Cote d'Ivoire,CIV,1971,Methane (CH4) emissions from Industrial Combustion (Energy) (Mt CO2e),EN.GHG.CH4.IC.MT.CE.AR5,0.0008
Cote d'Ivoire,CIV,1970,Methane (CH4) emissions from Industrial Combustion (Energy) (Mt CO2e),EN.GHG.CH4.IC.MT.CE.AR5,0.0008
Cote d'Ivoire,CIV,2023,Methane (CH4) emissions (total) excluding LULUCF (Mt CO2e),EN.GHG.CH4.MT.CE.AR5,12.6376
Cote d'Ivoire,CIV,2022,Methane (CH4) emissions (total) excluding LULUCF (Mt CO2e),EN.GHG.CH4.MT.CE.AR5,12.4941
Cote d'Ivoire,CIV,2021,Methane (CH4) emissions (total) excluding LULUCF (Mt CO2e),EN.GHG.CH4.MT.CE.AR5,12.3074
Cote d'Ivoire,CIV,2020,Methane (CH4) emissions (total) excluding LULUCF (Mt CO2e),EN.GHG.CH4.MT.CE.AR5,12.0705
Cote d'Ivoire,CIV,2019,Methane (CH4) emissions (total) excluding LULUCF (Mt CO2e),EN.GHG.CH4.MT.CE.AR5,12.0126
Cote d'Ivoire,CIV,2018,Methane (CH4) emissions (total) excluding LULUCF (Mt CO2e),EN.GHG.CH4.MT.CE.AR5,11.3867
Cote d'Ivoire,CIV,2017,Methane (CH4) emissions (total) excluding LULUCF (Mt CO2e),EN.GHG.CH4.MT.CE.AR5,12.139
Cote d'Ivoire,CIV,2016,Methane (CH4) emissions (total) excluding LULUCF (Mt CO2e),EN.GHG.CH4.MT.CE.AR5,12.2506
Cote d'Ivoire,CIV,2015,Methane (CH4) emissions (total) excluding LULUCF (Mt CO2e),EN.GHG.CH4.MT.CE.AR5,11.6134
Cote d'Ivoire,CIV,2014,Methane (CH4) emissions (total) excluding LULUCF (Mt CO2e),EN.GHG.CH4.MT.CE.AR5,11.4039
Cote d'Ivoire,CIV,2013,Methane (CH4) emissions (total) excluding LULUCF (Mt CO2e),EN.GHG.CH4.MT.CE.AR5,11.2416
Cote d'Ivoire,CIV,2012,Methane (CH4) emissions (total) excluding LULUCF (Mt CO2e),EN.GHG.CH4.MT.CE.AR5,10.8293
Cote d'Ivoire,CIV,2011,Methane (CH4) emissions (total) excluding LULUCF (Mt CO2e),EN.GHG.CH4.MT.CE.AR5,10.2952
Cote d'Ivoire,CIV,2010,Methane (CH4) emissions (total) excluding LULUCF (Mt CO2e),EN.GHG.CH4.MT.CE.AR5,9.5052
Cote d'Ivoire,CIV,2009,Methane (CH4) emissions (total) excluding LULUCF (Mt CO2e),EN.GHG.CH4.MT.CE.AR5,9.0212
Cote d'Ivoire,CIV,2008,Methane (CH4) emissions (total) excluding LULUCF (Mt CO2e),EN.GHG.CH4.MT.CE.AR5,9.0941
Cote d'Ivoire,CIV,2007,Methane (CH4) emissions (total) excluding LULUCF (Mt CO2e),EN.GHG.CH4.MT.CE.AR5,9.108
Cote d'Ivoire,CIV,2006,Methane (CH4) emissions (total) excluding LULUCF (Mt CO2e),EN.GHG.CH4.MT.CE.AR5,9.0079
Cote d'Ivoire,CIV,2005,Methane (CH4) emissions (total) excluding LULUCF (Mt CO2e),EN.GHG.CH4.MT.CE.AR5,8.7535
Cote d'Ivoire,CIV,2004,Methane (CH4) emissions (total) excluding LULUCF (Mt CO2e),EN.GHG.CH4.MT.CE.AR5,8.4728
Cote d'Ivoire,CIV,2003,Methane (CH4) emissions (total) excluding LULUCF (Mt CO2e),EN.GHG.CH4.MT.CE.AR5,7.9602
Cote d'Ivoire,CIV,2002,Methane (CH4) emissions (total) excluding LULUCF (Mt CO2e),EN.GHG.CH4.MT.CE.AR5,7.8316
Cote d'Ivoire,CIV,2001,Methane (CH4) emissions (total) excluding LULUCF (Mt CO2e),EN.GHG.CH4.MT.CE.AR5,7.6519
Cote d'Ivoire,CIV,2000,Methane (CH4) emissions (total) excluding LULUCF (Mt CO2e),EN.GHG.CH4.MT.CE.AR5,7.564
Cote d'Ivoire,CIV,1999,Methane (CH4) emissions (total) excluding LULUCF (Mt CO2e),EN.GHG.CH4.MT.CE.AR5,7.4329
Cote d'Ivoire,CIV,1998,Methane (CH4) emissions (total) excluding LULUCF (Mt CO2e),EN.GHG.CH4.MT.CE.AR5,7.3733
Cote d'Ivoire,CIV,1997,Methane (CH4) emissions (total) excluding LULUCF (Mt CO2e),EN.GHG.CH4.MT.CE.AR5,7.5123
Cote d'Ivoire,CIV,1996,Methane (CH4) emissions (total) excluding LULUCF (Mt CO2e),EN.GHG.CH4.MT.CE.AR5,7.3082
Cote d'Ivoire,CIV,1995,Methane (CH4) emissions (total) excluding LULUCF (Mt CO2e),EN.GHG.CH4.MT.CE.AR5,6.9943
Cote d'Ivoire,CIV,1994,Methane (CH4) emissions (total) excluding LULUCF (Mt CO2e),EN.GHG.CH4.MT.CE.AR5,6.7698
Cote d'Ivoire,CIV,1993,Methane (CH4) emissions (total) excluding LULUCF (Mt CO2e),EN.GHG.CH4.MT.CE.AR5,6.1803
Cote d'Ivoire,CIV,1992,Methane (CH4) emissions (total) excluding LULUCF (Mt CO2e),EN.GHG.CH4.MT.CE.AR5,6.2779
Cote d'Ivoire,CIV,1991,Methane (CH4) emissions (total) excluding LULUCF (Mt CO2e),EN.GHG.CH4.MT.CE.AR5,6.1411
Cote d'Ivoire,CIV,1990,Methane (CH4) emissions (total) excluding LULUCF (Mt CO2e),EN.GHG.CH4.MT.CE.AR5,5.9403
Cote d'Ivoire,CIV,1989,Methane (CH4) emissions (total) excluding LULUCF (Mt CO2e),EN.GHG.CH4.MT.CE.AR5,5.7581
Cote d'Ivoire,CIV,1988,Methane (CH4) emissions (total) excluding LULUCF (Mt CO2e),EN.GHG.CH4.MT.CE.AR5,6.0988
Cote d'Ivoire,CIV,1987,Methane (CH4) emissions (total) excluding LULUCF (Mt CO2e),EN.GHG.CH4.MT.CE.AR5,6.2328
Cote d'Ivoire,CIV,1986,Methane (CH4) emissions (total) excluding LULUCF (Mt CO2e),EN.GHG.CH4.MT.CE.AR5,6.2166
Cote d'Ivoire,CIV,1985,Methane (CH4) emissions (total) excluding LULUCF (Mt CO2e),EN.GHG.CH4.MT.CE.AR5,6.4405
Cote d'Ivoire,CIV,1984,Methane (CH4) emissions (total) excluding LULUCF (Mt CO2e),EN.GHG.CH4.MT.CE.AR5,6.234
Cote d'Ivoire,CIV,1983,Methane (CH4) emissions (total) excluding LULUCF (Mt CO2e),EN.GHG.CH4.MT.CE.AR5,5.8542
Cote d'Ivoire,CIV,1982,Methane (CH4) emissions (total) excluding LULUCF (Mt CO2e),EN.GHG.CH4.MT.CE.AR5,4.9715
Cote d'Ivoire,CIV,1981,Methane (CH4) emissions (total) excluding LULUCF (Mt CO2e),EN.GHG.CH4.MT.CE.AR5,4.6977
Cote d'Ivoire,CIV,1980,Methane (CH4) emissions (total) excluding LULUCF (Mt CO2e),EN.GHG.CH4.MT.CE.AR5,4.3043
Cote d'Ivoire,CIV,1979,Methane (CH4) emissions (total) excluding LULUCF (Mt CO2e),EN.GHG.CH4.MT.CE.AR5,4.2613
Cote d'Ivoire,CIV,1978,Methane (CH4) emissions (total) excluding LULUCF (Mt CO2e),EN.GHG.CH4.MT.CE.AR5,4.1203
Cote d'Ivoire,CIV,1977,Methane (CH4) emissions (total) excluding LULUCF (Mt CO2e),EN.GHG.CH4.MT.CE.AR5,3.9748
Cote d'Ivoire,CIV,1976,Methane (CH4) emissions (total) excluding LULUCF (Mt CO2e),EN.GHG.CH4.MT.CE.AR5,3.8257
Cote d'Ivoire,CIV,1975,Methane (CH4) emissions (total) excluding LULUCF (Mt CO2e),EN.GHG.CH4.MT.CE.AR5,3.6907
Cote d'Ivoire,CIV,1974,Methane (CH4) emissions (total) excluding LULUCF (Mt CO2e),EN.GHG.CH4.MT.CE.AR5,3.4818
Cote d'Ivoire,CIV,1973,Methane (CH4) emissions (total) excluding LULUCF (Mt CO2e),EN.GHG.CH4.MT.CE.AR5,3.36
Cote d'Ivoire,CIV,1972,Methane (CH4) emissions (total) excluding LULUCF (Mt CO2e),EN.GHG.CH4.MT.CE.AR5,3.2638
Cote d'Ivoire,CIV,1971,Methane (CH4) emissions (total) excluding LULUCF (Mt CO2e),EN.GHG.CH4.MT.CE.AR5,3.1718
Cote d'Ivoire,CIV,1970,Methane (CH4) emissions (total) excluding LULUCF (Mt CO2e),EN.GHG.CH4.MT.CE.AR5,3.1308
Cote d'Ivoire,CIV,2023,Methane (CH4) emissions from Power Industry (Energy) (Mt CO2e),EN.GHG.CH4.PI.MT.CE.AR5,0.0105
Cote d'Ivoire,CIV,2022,Methane (CH4) emissions from Power Industry (Energy) (Mt CO2e),EN.GHG.CH4.PI.MT.CE.AR5,0.0108
Cote d'Ivoire,CIV,2021,Methane (CH4) emissions from Power Industry (Energy) (Mt CO2e),EN.GHG.CH4.PI.MT.CE.AR5,0.011
Cote d'Ivoire,CIV,2020,Methane (CH4) emissions from Power Industry (Energy) (Mt CO2e),EN.GHG.CH4.PI.MT.CE.AR5,0.0103
Cote d'Ivoire,CIV,2019,Methane (CH4) emissions from Power Industry (Energy) (Mt CO2e),EN.GHG.CH4.PI.MT.CE.AR5,0.0096
Cote d'Ivoire,CIV,2018,Methane (CH4) emissions from Power Industry (Energy) (Mt CO2e),EN.GHG.CH4.PI.MT.CE.AR5,0.0103
Cote d'Ivoire,CIV,2017,Methane (CH4) emissions from Power Industry (Energy) (Mt CO2e),EN.GHG.CH4.PI.MT.CE.AR5,0.0088
Cote d'Ivoire,CIV,2016,Methane (CH4) emissions from Power Industry (Energy) (Mt CO2e),EN.GHG.CH4.PI.MT.CE.AR5,0.0082
Cote d'Ivoire,CIV,2015,Methane (CH4) emissions from Power Industry (Energy) (Mt CO2e),EN.GHG.CH4.PI.MT.CE.AR5,0.0082
Cote d'Ivoire,CIV,2014,Methane (CH4) emissions from Power Industry (Energy) (Mt CO2e),EN.GHG.CH4.PI.MT.CE.AR5,0.0077
Cote d'Ivoire,CIV,2013,Methane (CH4) emissions from Power Industry (Energy) (Mt CO2e),EN.GHG.CH4.PI.MT.CE.AR5,0.0074
Cote d'Ivoire,CIV,2012,Methane (CH4) emissions from Power Industry (Energy) (Mt CO2e),EN.GHG.CH4.PI.MT.CE.AR5,0.0071
Cote d'Ivoire,CIV,2011,Methane (CH4) emissions from Power Industry (Energy) (Mt CO2e),EN.GHG.CH4.PI.MT.CE.AR5,0.0062
Cote d'Ivoire,CIV,2010,Methane (CH4) emissions from Power Industry (Energy) (Mt CO2e),EN.GHG.CH4.PI.MT.CE.AR5,0.0064
Cote d'Ivoire,CIV,2009,Methane (CH4) emissions from Power Industry (Energy) (Mt CO2e),EN.GHG.CH4.PI.MT.CE.AR5,0.0056
Cote d'Ivoire,CIV,2008,Methane (CH4) emissions from Power Industry (Energy) (Mt CO2e),EN.GHG.CH4.PI.MT.CE.AR5,0.0064
Cote d'Ivoire,CIV,2007,Methane (CH4) emissions from Power Industry (Energy) (Mt CO2e),EN.GHG.CH4.PI.MT.CE.AR5,0.0058
Cote d'Ivoire,CIV,2006,Methane (CH4) emissions from Power Industry (Energy) (Mt CO2e),EN.GHG.CH4.PI.MT.CE.AR5,0.0055
Cote d'Ivoire,CIV,2005,Methane (CH4) emissions from Power Industry (Energy) (Mt CO2e),EN.GHG.CH4.PI.MT.CE.AR5,0.0063
Cote d'Ivoire,CIV,2004,Methane (CH4) emissions from Power Industry (Energy) (Mt CO2e),EN.GHG.CH4.PI.MT.CE.AR5,0.0051
Cote d'Ivoire,CIV,2003,Methane (CH4) emissions from Power Industry (Energy) (Mt CO2e),EN.GHG.CH4.PI.MT.CE.AR5,0.0038
Cote d'Ivoire,CIV,2002,Methane (CH4) emissions from Power Industry (Energy) (Mt CO2e),EN.GHG.CH4.PI.MT.CE.AR5,0.0043
Cote d'Ivoire,CIV,2001,Methane (CH4) emissions from Power Industry (Energy) (Mt CO2e),EN.GHG.CH4.PI.MT.CE.AR5,0.0038
Cote d'Ivoire,CIV,2000,Methane (CH4) emissions from Power Industry (Energy) (Mt CO2e),EN.GHG.CH4.PI.MT.CE.AR5,0.0036
Cote d'Ivoire,CIV,1999,Methane (CH4) emissions from Power Industry (Energy) (Mt CO2e),EN.GHG.CH4.PI.MT.CE.AR5,0.0037
Cote d'Ivoire,CIV,1998,Methane (CH4) emissions from Power Industry (Energy) (Mt CO2e),EN.GHG.CH4.PI.MT.CE.AR5,0.0038
Cote d'Ivoire,CIV,1997,Methane (CH4) emissions from Power Industry (Energy) (Mt CO2e),EN.GHG.CH4.PI.MT.CE.AR5,0.0031
Cote d'Ivoire,CIV,1996,Methane (CH4) emissions from Power Industry (Energy) (Mt CO2e),EN.GHG.CH4.PI.MT.CE.AR5,0.0019
Cote d'Ivoire,CIV,1995,Methane (CH4) emissions from Power Industry (Energy) (Mt CO2e),EN.GHG.CH4.PI.MT.CE.AR5,0.0008
Cote d'Ivoire,CIV,1994,Methane (CH4) emissions from Power Industry (Energy) (Mt CO2e),EN.GHG.CH4.PI.MT.CE.AR5,0.0007
Cote d'Ivoire,CIV,1993,Methane (CH4) emissions from Power Industry (Energy) (Mt CO2e),EN.GHG.CH4.PI.MT.CE.AR5,0.0006
Cote d'Ivoire,CIV,1992,Methane (CH4) emissions from Power Industry (Energy) (Mt CO2e),EN.GHG.CH4.PI.MT.CE.AR5,0.0004
Cote d'Ivoire,CIV,1991,Methane (CH4) emissions from Power Industry (Energy) (Mt CO2e),EN.GHG.CH4.PI.MT.CE.AR5,0.0004
Cote d'Ivoire,CIV,1990,Methane (CH4) emissions from Power Industry (Energy) (Mt CO2e),EN.GHG.CH4.PI.MT.CE.AR5,0.0003
Cote d'Ivoire,CIV,1989,Methane (CH4) emissions from Power Industry (Energy) (Mt CO2e),EN.GHG.CH4.PI.MT.CE.AR5,0.0004
Cote d'Ivoire,CIV,1988,Methane (CH4) emissions from Power Industry (Energy) (Mt CO2e),EN.GHG.CH4.PI.MT.CE.AR5,0.0006
Cote d'Ivoire,CIV,1987,Methane (CH4) emissions from Power Industry (Energy) (Mt CO2e),EN.GHG.CH4.PI.MT.CE.AR5,0.0007
Cote d'Ivoire,CIV,1986,Methane (CH4) emissions from Power Industry (Energy) (Mt CO2e),EN.GHG.CH4.PI.MT.CE.AR5,0.0005
Cote d'Ivoire,CIV,1985,Methane (CH4) emissions from Power Industry (Energy) (Mt CO2e),EN.GHG.CH4.PI.MT.CE.AR5,0.0004
Cote d'Ivoire,CIV,1984,Methane (CH4) emissions from Power Industry (Energy) (Mt CO2e),EN.GHG.CH4.PI.MT.CE.AR5,0.0008
Cote d'Ivoire,CIV,1983,Methane (CH4) emissions from Power Industry (Energy) (Mt CO2e),EN.GHG.CH4.PI.MT.CE.AR5,0.0005
Cote d'Ivoire,CIV,1982,Methane (CH4) emissions from Power Industry (Energy) (Mt CO2e),EN.GHG.CH4.PI.MT.CE.AR5,0.0001
Cote d'Ivoire,CIV,1981,Methane (CH4) emissions from Power Industry (Energy) (Mt CO2e),EN.GHG.CH4.PI.MT.CE.AR5,0.0001
Cote d'Ivoire,CIV,1980,Methane (CH4) emissions from Power Industry (Energy) (Mt CO2e),EN.GHG.CH4.PI.MT.CE.AR5,0.0002
Cote d'Ivoire,CIV,1979,Methane (CH4) emissions from Power Industry (Energy) (Mt CO2e),EN.GHG.CH4.PI.MT.CE.AR5,0.0004
Cote d'Ivoire,CIV,1978,Methane (CH4) emissions from Power Industry (Energy) (Mt CO2e),EN.GHG.CH4.PI.MT.CE.AR5,0.0006
Cote d'Ivoire,CIV,1977,Methane (CH4) emissions from Power Industry (Energy) (Mt CO2e),EN.GHG.CH4.PI.MT.CE.AR5,0.0005
Cote d'Ivoire,CIV,1976,Methane (CH4) emissions from Power Industry (Energy) (Mt CO2e),EN.GHG.CH4.PI.MT.CE.AR5,0.0004
Cote d'Ivoire,CIV,1975,Methane (CH4) emissions from Power Industry (Energy) (Mt CO2e),EN.GHG.CH4.PI.MT.CE.AR5,0.0003
Cote d'Ivoire,CIV,1974,Methane (CH4) emissions from Power Industry (Energy) (Mt CO2e),EN.GHG.CH4.PI.MT.CE.AR5,0.0004
Cote d'Ivoire,CIV,1973,Methane (CH4) emissions from Power Industry (Energy) (Mt CO2e),EN.GHG.CH4.PI.MT.CE.AR5,0.0004
Cote d'Ivoire,CIV,1972,Methane (CH4) emissions from Power Industry (Energy) (Mt CO2e),EN.GHG.CH4.PI.MT.CE.AR5,0.0003
Cote d'Ivoire,CIV,1971,Methane (CH4) emissions from Power Industry (Energy) (Mt CO2e),EN.GHG.CH4.PI.MT.CE.AR5,0.0003
Cote d'Ivoire,CIV,1970,Methane (CH4) emissions from Power Industry (Energy) (Mt CO2e),EN.GHG.CH4.PI.MT.CE.AR5,0.0003
Cote d'Ivoire,CIV,2023,Methane (CH4) emissions from Transport (Energy) (Mt CO2e),EN.GHG.CH4.TR.MT.CE.AR5,0.0339
Cote d'Ivoire,CIV,2022,Methane (CH4) emissions from Transport (Energy) (Mt CO2e),EN.GHG.CH4.TR.MT.CE.AR5,0.035
Cote d'Ivoire,CIV,2021,Methane (CH4) emissions from Transport (Energy) (Mt CO2e),EN.GHG.CH4.TR.MT.CE.AR5,0.0334
Cote d'Ivoire,CIV,2020,Methane (CH4) emissions from Transport (Energy) (Mt CO2e),EN.GHG.CH4.TR.MT.CE.AR5,0.0277
Cote d'Ivoire,CIV,2019,Methane (CH4) emissions from Transport (Energy) (Mt CO2e),EN.GHG.CH4.TR.MT.CE.AR5,0.027
Cote d'Ivoire,CIV,2018,Methane (CH4) emissions from Transport (Energy) (Mt CO2e),EN.GHG.CH4.TR.MT.CE.AR5,0.0247
Cote d'Ivoire,CIV,2017,Methane (CH4) emissions from Transport (Energy) (Mt CO2e),EN.GHG.CH4.TR.MT.CE.AR5,0.0219
Cote d'Ivoire,CIV,2016,Methane (CH4) emissions from Transport (Energy) (Mt CO2e),EN.GHG.CH4.TR.MT.CE.AR5,0.0261
Cote d'Ivoire,CIV,2015,Methane (CH4) emissions from Transport (Energy) (Mt CO2e),EN.GHG.CH4.TR.MT.CE.AR5,0.0178
Cote d'Ivoire,CIV,2014,Methane (CH4) emissions from Transport (Energy) (Mt CO2e),EN.GHG.CH4.TR.MT.CE.AR5,0.0154
Cote d'Ivoire,CIV,2013,Methane (CH4) emissions from Transport (Energy) (Mt CO2e),EN.GHG.CH4.TR.MT.CE.AR5,0.0142
Cote d'Ivoire,CIV,2012,Methane (CH4) emissions from Transport (Energy) (Mt CO2e),EN.GHG.CH4.TR.MT.CE.AR5,0.0128
Cote d'Ivoire,CIV,2011,Methane (CH4) emissions from Transport (Energy) (Mt CO2e),EN.GHG.CH4.TR.MT.CE.AR5,0.0081
Cote d'Ivoire,CIV,2010,Methane (CH4) emissions from Transport (Energy) (Mt CO2e),EN.GHG.CH4.TR.MT.CE.AR5,0.007
Cote d'Ivoire,CIV,2009,Methane (CH4) emissions from Transport (Energy) (Mt CO2e),EN.GHG.CH4.TR.MT.CE.AR5,0.0082
Cote d'Ivoire,CIV,2008,Methane (CH4) emissions from Transport (Energy) (Mt CO2e),EN.GHG.CH4.TR.MT.CE.AR5,0.0077
Cote d'Ivoire,CIV,2007,Methane (CH4) emissions from Transport (Energy) (Mt CO2e),EN.GHG.CH4.TR.MT.CE.AR5,0.0066
Cote d'Ivoire,CIV,2006,Methane (CH4) emissions from Transport (Energy) (Mt CO2e),EN.GHG.CH4.TR.MT.CE.AR5,0.007
Cote d'Ivoire,CIV,2005,Methane (CH4) emissions from Transport (Energy) (Mt CO2e),EN.GHG.CH4.TR.MT.CE.AR5,0.0058
Cote d'Ivoire,CIV,2004,Methane (CH4) emissions from Transport (Energy) (Mt CO2e),EN.GHG.CH4.TR.MT.CE.AR5,0.005
Cote d'Ivoire,CIV,2003,Methane (CH4) emissions from Transport (Energy) (Mt CO2e),EN.GHG.CH4.TR.MT.CE.AR5,0.0047
Cote d'Ivoire,CIV,2002,Methane (CH4) emissions from Transport (Energy) (Mt CO2e),EN.GHG.CH4.TR.MT.CE.AR5,0.0079
Cote d'Ivoire,CIV,2001,Methane (CH4) emissions from Transport (Energy) (Mt CO2e),EN.GHG.CH4.TR.MT.CE.AR5,0.0057
Cote d'Ivoire,CIV,2000,Methane (CH4) emissions from Transport (Energy) (Mt CO2e),EN.GHG.CH4.TR.MT.CE.AR5,0.0058
Cote d'Ivoire,CIV,1999,Methane (CH4) emissions from Transport (Energy) (Mt CO2e),EN.GHG.CH4.TR.MT.CE.AR5,0.0069
Cote d'Ivoire,CIV,1998,Methane (CH4) emissions from Transport (Energy) (Mt CO2e),EN.GHG.CH4.TR.MT.CE.AR5,0.0074
Cote d'Ivoire,CIV,1997,Methane (CH4) emissions from Transport (Energy) (Mt CO2e),EN.GHG.CH4.TR.MT.CE.AR5,0.0079
Cote d'Ivoire,CIV,1996,Methane (CH4) emissions from Transport (Energy) (Mt CO2e),EN.GHG.CH4.TR.MT.CE.AR5,0.0077
Cote d'Ivoire,CIV,1995,Methane (CH4) emissions from Transport (Energy) (Mt CO2e),EN.GHG.CH4.TR.MT.CE.AR5,0.0076
Cote d'Ivoire,CIV,1994,Methane (CH4) emissions from Transport (Energy) (Mt CO2e),EN.GHG.CH4.TR.MT.CE.AR5,0.0069
Cote d'Ivoire,CIV,1993,Methane (CH4) emissions from Transport (Energy) (Mt CO2e),EN.GHG.CH4.TR.MT.CE.AR5,0.0068
Cote d'Ivoire,CIV,1992,Methane (CH4) emissions from Transport (Energy) (Mt CO2e),EN.GHG.CH4.TR.MT.CE.AR5,0.0071
Cote d'Ivoire,CIV,1991,Methane (CH4) emissions from Transport (Energy) (Mt CO2e),EN.GHG.CH4.TR.MT.CE.AR5,0.0075
Cote d'Ivoire,CIV,1990,Methane (CH4) emissions from Transport (Energy) (Mt CO2e),EN.GHG.CH4.TR.MT.CE.AR5,0.0078
Cote d'Ivoire,CIV,1989,Methane (CH4) emissions from Transport (Energy) (Mt CO2e),EN.GHG.CH4.TR.MT.CE.AR5,0.0083
Cote d'Ivoire,CIV,1988,Methane (CH4) emissions from Transport (Energy) (Mt CO2e),EN.GHG.CH4.TR.MT.CE.AR5,0.008
Cote d'Ivoire,CIV,1987,Methane (CH4) emissions from Transport (Energy) (Mt CO2e),EN.GHG.CH4.TR.MT.CE.AR5,0.0089
Cote d'Ivoire,CIV,1986,Methane (CH4) emissions from Transport (Energy) (Mt CO2e),EN.GHG.CH4.TR.MT.CE.AR5,0.0083
Cote d'Ivoire,CIV,1985,Methane (CH4) emissions from Transport (Energy) (Mt CO2e),EN.GHG.CH4.TR.MT.CE.AR5,0.0084
Cote d'Ivoire,CIV,1984,Methane (CH4) emissions from Transport (Energy) (Mt CO2e),EN.GHG.CH4.TR.MT.CE.AR5,0.0085
Cote d'Ivoire,CIV,1983,Methane (CH4) emissions from Transport (Energy) (Mt CO2e),EN.GHG.CH4.TR.MT.CE.AR5,0.0092
Cote d'Ivoire,CIV,1982,Methane (CH4) emissions from Transport (Energy) (Mt CO2e),EN.GHG.CH4.TR.MT.CE.AR5,0.0102
Cote d'Ivoire,CIV,1981,Methane (CH4) emissions from Transport (Energy) (Mt CO2e),EN.GHG.CH4.TR.MT.CE.AR5,0.0108
Cote d'Ivoire,CIV,1980,Methane (CH4) emissions from Transport (Energy) (Mt CO2e),EN.GHG.CH4.TR.MT.CE.AR5,0.0111
Cote d'Ivoire,CIV,1979,Methane (CH4) emissions from Transport (Energy) (Mt CO2e),EN.GHG.CH4.TR.MT.CE.AR5,0.0107
Cote d'Ivoire,CIV,1978,Methane (CH4) emissions from Transport (Energy) (Mt CO2e),EN.GHG.CH4.TR.MT.CE.AR5,0.01
Cote d'Ivoire,CIV,1977,Methane (CH4) emissions from Transport (Energy) (Mt CO2e),EN.GHG.CH4.TR.MT.CE.AR5,0.0092
Cote d'Ivoire,CIV,1976,Methane (CH4) emissions from Transport (Energy) (Mt CO2e),EN.GHG.CH4.TR.MT.CE.AR5,0.0086
Cote d'Ivoire,CIV,1975,Methane (CH4) emissions from Transport (Energy) (Mt CO2e),EN.GHG.CH4.TR.MT.CE.AR5,0.0076
Cote d'Ivoire,CIV,1974,Methane (CH4) emissions from Transport (Energy) (Mt CO2e),EN.GHG.CH4.TR.MT.CE.AR5,0.0069
Cote d'Ivoire,CIV,1973,Methane (CH4) emissions from Transport (Energy) (Mt CO2e),EN.GHG.CH4.TR.MT.CE.AR5,0.0071
Cote d'Ivoire,CIV,1972,Methane (CH4) emissions from Transport (Energy) (Mt CO2e),EN.GHG.CH4.TR.MT.CE.AR5,0.0072
Cote d'Ivoire,CIV,1971,Methane (CH4) emissions from Transport (Energy) (Mt CO2e),EN.GHG.CH4.TR.MT.CE.AR5,0.0068
Cote d'Ivoire,CIV,1970,Methane (CH4) emissions from Transport (Energy) (Mt CO2e),EN.GHG.CH4.TR.MT.CE.AR5,0.0069
Cote d'Ivoire,CIV,2023,Methane (CH4) emissions from Waste (Mt CO2e),EN.GHG.CH4.WA.MT.CE.AR5,2.7191
Cote d'Ivoire,CIV,2022,Methane (CH4) emissions from Waste (Mt CO2e),EN.GHG.CH4.WA.MT.CE.AR5,2.6366
Cote d'Ivoire,CIV,2021,Methane (CH4) emissions from Waste (Mt CO2e),EN.GHG.CH4.WA.MT.CE.AR5,2.5535
Cote d'Ivoire,CIV,2020,Methane (CH4) emissions from Waste (Mt CO2e),EN.GHG.CH4.WA.MT.CE.AR5,2.475
Cote d'Ivoire,CIV,2019,Methane (CH4) emissions from Waste (Mt CO2e),EN.GHG.CH4.WA.MT.CE.AR5,2.3971
Cote d'Ivoire,CIV,2018,Methane (CH4) emissions from Waste (Mt CO2e),EN.GHG.CH4.WA.MT.CE.AR5,2.3201
Cote d'Ivoire,CIV,2017,Methane (CH4) emissions from Waste (Mt CO2e),EN.GHG.CH4.WA.MT.CE.AR5,2.2378
Cote d'Ivoire,CIV,2016,Methane (CH4) emissions from Waste (Mt CO2e),EN.GHG.CH4.WA.MT.CE.AR5,2.1582
Cote d'Ivoire,CIV,2015,Methane (CH4) emissions from Waste (Mt CO2e),EN.GHG.CH4.WA.MT.CE.AR5,2.0809
Cote d'Ivoire,CIV,2014,Methane (CH4) emissions from Waste (Mt CO2e),EN.GHG.CH4.WA.MT.CE.AR5,1.9914
Cote d'Ivoire,CIV,2013,Methane (CH4) emissions from Waste (Mt CO2e),EN.GHG.CH4.WA.MT.CE.AR5,1.9064
Cote d'Ivoire,CIV,2012,Methane (CH4) emissions from Waste (Mt CO2e),EN.GHG.CH4.WA.MT.CE.AR5,1.8354
Cote d'Ivoire,CIV,2011,Methane (CH4) emissions from Waste (Mt CO2e),EN.GHG.CH4.WA.MT.CE.AR5,1.7645
Cote d'Ivoire,CIV,2010,Methane (CH4) emissions from Waste (Mt CO2e),EN.GHG.CH4.WA.MT.CE.AR5,1.7296
Cote d'Ivoire,CIV,2009,Methane (CH4) emissions from Waste (Mt CO2e),EN.GHG.CH4.WA.MT.CE.AR5,1.6707
Cote d'Ivoire,CIV,2008,Methane (CH4) emissions from Waste (Mt CO2e),EN.GHG.CH4.WA.MT.CE.AR5,1.599
Cote d'Ivoire,CIV,2007,Methane (CH4) emissions from Waste (Mt CO2e),EN.GHG.CH4.WA.MT.CE.AR5,1.6991
Cote d'Ivoire,CIV,2006,Methane (CH4) emissions from Waste (Mt CO2e),EN.GHG.CH4.WA.MT.CE.AR5,1.946
Cote d'Ivoire,CIV,2005,Methane (CH4) emissions from Waste (Mt CO2e),EN.GHG.CH4.WA.MT.CE.AR5,1.8851
Cote d'Ivoire,CIV,2004,Methane (CH4) emissions from Waste (Mt CO2e),EN.GHG.CH4.WA.MT.CE.AR5,1.8539
Cote d'Ivoire,CIV,2003,Methane (CH4) emissions from Waste (Mt CO2e),EN.GHG.CH4.WA.MT.CE.AR5,1.8319
Cote d'Ivoire,CIV,2002,Methane (CH4) emissions from Waste (Mt CO2e),EN.GHG.CH4.WA.MT.CE.AR5,1.8051
Cote d'Ivoire,CIV,2001,Methane (CH4) emissions from Waste (Mt CO2e),EN.GHG.CH4.WA.MT.CE.AR5,1.784
Cote d'Ivoire,CIV,2000,Methane (CH4) emissions from Waste (Mt CO2e),EN.GHG.CH4.WA.MT.CE.AR5,1.7547
Cote d'Ivoire,CIV,1999,Methane (CH4) emissions from Waste (Mt CO2e),EN.GHG.CH4.WA.MT.CE.AR5,1.7412
Cote d'Ivoire,CIV,1998,Methane (CH4) emissions from Waste (Mt CO2e),EN.GHG.CH4.WA.MT.CE.AR5,1.7094
Cote d'Ivoire,CIV,1997,Methane (CH4) emissions from Waste (Mt CO2e),EN.GHG.CH4.WA.MT.CE.AR5,1.6749
Cote d'Ivoire,CIV,1996,Methane (CH4) emissions from Waste (Mt CO2e),EN.GHG.CH4.WA.MT.CE.AR5,1.6366
Cote d'Ivoire,CIV,1995,Methane (CH4) emissions from Waste (Mt CO2e),EN.GHG.CH4.WA.MT.CE.AR5,1.596
Cote d'Ivoire,CIV,1994,Methane (CH4) emissions from Waste (Mt CO2e),EN.GHG.CH4.WA.MT.CE.AR5,1.5473
Cote d'Ivoire,CIV,1993,Methane (CH4) emissions from Waste (Mt CO2e),EN.GHG.CH4.WA.MT.CE.AR5,1.5211
Cote d'Ivoire,CIV,1992,Methane (CH4) emissions from Waste (Mt CO2e),EN.GHG.CH4.WA.MT.CE.AR5,1.4951
Cote d'Ivoire,CIV,1991,Methane (CH4) emissions from Waste (Mt CO2e),EN.GHG.CH4.WA.MT.CE.AR5,1.4684
Cote d'Ivoire,CIV,1990,Methane (CH4) emissions from Waste (Mt CO2e),EN.GHG.CH4.WA.MT.CE.AR5,1.4405
Cote d'Ivoire,CIV,1989,Methane (CH4) emissions from Waste (Mt CO2e),EN.GHG.CH4.WA.MT.CE.AR5,1.4
Cote d'Ivoire,CIV,1988,Methane (CH4) emissions from Waste (Mt CO2e),EN.GHG.CH4.WA.MT.CE.AR5,1.3586
Cote d'Ivoire,CIV,1987,Methane (CH4) emissions from Waste (Mt CO2e),EN.GHG.CH4.WA.MT.CE.AR5,1.3197
Cote d'Ivoire,CIV,1986,Methane (CH4) emissions from Waste (Mt CO2e),EN.GHG.CH4.WA.MT.CE.AR5,1.2808
Cote d'Ivoire,CIV,1985,Methane (CH4) emissions from Waste (Mt CO2e),EN.GHG.CH4.WA.MT.CE.AR5,1.2417
Cote d'Ivoire,CIV,1984,Methane (CH4) emissions from Waste (Mt CO2e),EN.GHG.CH4.WA.MT.CE.AR5,1.2034
Cote d'Ivoire,CIV,1983,Methane (CH4) emissions from Waste (Mt CO2e),EN.GHG.CH4.WA.MT.CE.AR5,1.167
Cote d'Ivoire,CIV,1982,Methane (CH4) emissions from Waste (Mt CO2e),EN.GHG.CH4.WA.MT.CE.AR5,1.1265
Cote d'Ivoire,CIV,1981,Methane (CH4) emissions from Waste (Mt CO2e),EN.GHG.CH4.WA.MT.CE.AR5,1.0869
Cote d'Ivoire,CIV,1980,Methane (CH4) emissions from Waste (Mt CO2e),EN.GHG.CH4.WA.MT.CE.AR5,1.0459
Cote d'Ivoire,CIV,1979,Methane (CH4) emissions from Waste (Mt CO2e),EN.GHG.CH4.WA.MT.CE.AR5,1.003
Cote d'Ivoire,CIV,1978,Methane (CH4) emissions from Waste (Mt CO2e),EN.GHG.CH4.WA.MT.CE.AR5,0.9631
Cote d'Ivoire,CIV,1977,Methane (CH4) emissions from Waste (Mt CO2e),EN.GHG.CH4.WA.MT.CE.AR5,0.9192
Cote d'Ivoire,CIV,1976,Methane (CH4) emissions from Waste (Mt CO2e),EN.GHG.CH4.WA.MT.CE.AR5,0.8764
Cote d'Ivoire,CIV,1975,Methane (CH4) emissions from Waste (Mt CO2e),EN.GHG.CH4.WA.MT.CE.AR5,0.8358
Cote d'Ivoire,CIV,1974,Methane (CH4) emissions from Waste (Mt CO2e),EN.GHG.CH4.WA.MT.CE.AR5,0.7999
Cote d'Ivoire,CIV,1973,Methane (CH4) emissions from Waste (Mt CO2e),EN.GHG.CH4.WA.MT.CE.AR5,0.7661
Cote d'Ivoire,CIV,1972,Methane (CH4) emissions from Waste (Mt CO2e),EN.GHG.CH4.WA.MT.CE.AR5,0.7346
Cote d'Ivoire,CIV,1971,Methane (CH4) emissions from Waste (Mt CO2e),EN.GHG.CH4.WA.MT.CE.AR5,0.7044
Cote d'Ivoire,CIV,1970,Methane (CH4) emissions from Waste (Mt CO2e),EN.GHG.CH4.WA.MT.CE.AR5,0.6598
Cote d'Ivoire,CIV,2023,Methane (CH4) emissions (total) excluding LULUCF (% change from 1990),EN.GHG.CH4.ZG.AR5,112.743464134808
Cote d'Ivoire,CIV,2022,Methane (CH4) emissions (total) excluding LULUCF (% change from 1990),EN.GHG.CH4.ZG.AR5,110.327761224181
Cote d'Ivoire,CIV,2021,Methane (CH4) emissions (total) excluding LULUCF (% change from 1990),EN.GHG.CH4.ZG.AR5,107.184822315371
Cote d'Ivoire,CIV,2020,Methane (CH4) emissions (total) excluding LULUCF (% change from 1990),EN.GHG.CH4.ZG.AR5,103.196808242008
Cote d'Ivoire,CIV,2019,Methane (CH4) emissions (total) excluding LULUCF (% change from 1990),EN.GHG.CH4.ZG.AR5,102.222109994445
Cote d'Ivoire,CIV,2018,Methane (CH4) emissions (total) excluding LULUCF (% change from 1990),EN.GHG.CH4.ZG.AR5,91.6856051041193
Cote d'Ivoire,CIV,2017,Methane (CH4) emissions (total) excluding LULUCF (% change from 1990),EN.GHG.CH4.ZG.AR5,104.349948655792
Cote d'Ivoire,CIV,2016,Methane (CH4) emissions (total) excluding LULUCF (% change from 1990),EN.GHG.CH4.ZG.AR5,106.228641651095
Cote d'Ivoire,CIV,2015,Methane (CH4) emissions (total) excluding LULUCF (% change from 1990),EN.GHG.CH4.ZG.AR5,95.5019106779119
Cote d'Ivoire,CIV,2014,Methane (CH4) emissions (total) excluding LULUCF (% change from 1990),EN.GHG.CH4.ZG.AR5,91.9751527700621
Cote d'Ivoire,CIV,2013,Methane (CH4) emissions (total) excluding LULUCF (% change from 1990),EN.GHG.CH4.ZG.AR5,89.2429675268926
Cote d'Ivoire,CIV,2012,Methane (CH4) emissions (total) excluding LULUCF (% change from 1990),EN.GHG.CH4.ZG.AR5,82.3022406275777
Cote d'Ivoire,CIV,2011,Methane (CH4) emissions (total) excluding LULUCF (% change from 1990),EN.GHG.CH4.ZG.AR5,73.3111122333889
Cote d'Ivoire,CIV,2010,Methane (CH4) emissions (total) excluding LULUCF (% change from 1990),EN.GHG.CH4.ZG.AR5,60.0121205999697
Cote d'Ivoire,CIV,2009,Methane (CH4) emissions (total) excluding LULUCF (% change from 1990),EN.GHG.CH4.ZG.AR5,51.8643839536724
Cote d'Ivoire,CIV,2008,Methane (CH4) emissions (total) excluding LULUCF (% change from 1990),EN.GHG.CH4.ZG.AR5,53.0915947006043
Cote d'Ivoire,CIV,2007,Methane (CH4) emissions (total) excluding LULUCF (% change from 1990),EN.GHG.CH4.ZG.AR5,53.3255896166861
Cote d'Ivoire,CIV,2006,Methane (CH4) emissions (total) excluding LULUCF (% change from 1990),EN.GHG.CH4.ZG.AR5,51.6404895375654
Cote d'Ivoire,CIV,2005,Methane (CH4) emissions (total) excluding LULUCF (% change from 1990),EN.GHG.CH4.ZG.AR5,47.357877548272
Cote d'Ivoire,CIV,2004,Methane (CH4) emissions (total) excluding LULUCF (% change from 1990),EN.GHG.CH4.ZG.AR5,42.632526976752
Cote d'Ivoire,CIV,2003,Methane (CH4) emissions (total) excluding LULUCF (% change from 1990),EN.GHG.CH4.ZG.AR5,34.0033331649917
Cote d'Ivoire,CIV,2002,Methane (CH4) emissions (total) excluding LULUCF (% change from 1990),EN.GHG.CH4.ZG.AR5,31.8384593370705
Cote d'Ivoire,CIV,2001,Methane (CH4) emissions (total) excluding LULUCF (% change from 1990),EN.GHG.CH4.ZG.AR5,28.8133595946333
Cote d'Ivoire,CIV,2000,Methane (CH4) emissions (total) excluding LULUCF (% change from 1990),EN.GHG.CH4.ZG.AR5,27.3336363483326
Cote d'Ivoire,CIV,1999,Methane (CH4) emissions (total) excluding LULUCF (% change from 1990),EN.GHG.CH4.ZG.AR5,25.12667710385
Cote d'Ivoire,CIV,1998,Methane (CH4) emissions (total) excluding LULUCF (% change from 1990),EN.GHG.CH4.ZG.AR5,24.1233607730249
Cote d'Ivoire,CIV,1997,Methane (CH4) emissions (total) excluding LULUCF (% change from 1990),EN.GHG.CH4.ZG.AR5,26.4633099338417
Cote d'Ivoire,CIV,1996,Methane (CH4) emissions (total) excluding LULUCF (% change from 1990),EN.GHG.CH4.ZG.AR5,23.0274565257647
Cote d'Ivoire,CIV,1995,Methane (CH4) emissions (total) excluding LULUCF (% change from 1990),EN.GHG.CH4.ZG.AR5,17.7432116223087
Cote d'Ivoire,CIV,1994,Methane (CH4) emissions (total) excluding LULUCF (% change from 1990),EN.GHG.CH4.ZG.AR5,13.9639412150901
Cote d'Ivoire,CIV,1993,Methane (CH4) emissions (total) excluding LULUCF (% change from 1990),EN.GHG.CH4.ZG.AR5,4.04019998989951
Cote d'Ivoire,CIV,1992,Methane (CH4) emissions (total) excluding LULUCF (% change from 1990),EN.GHG.CH4.ZG.AR5,5.68321465245862
Cote d'Ivoire,CIV,1991,Methane (CH4) emissions (total) excluding LULUCF (% change from 1990),EN.GHG.CH4.ZG.AR5,3.38030065821591
Cote d'Ivoire,CIV,2023,Carbon dioxide (CO2) emissions from Agriculture (Mt CO2e),EN.GHG.CO2.AG.MT.CE.AR5,0.136
Cote d'Ivoire,CIV,2022,Carbon dioxide (CO2) emissions from Agriculture (Mt CO2e),EN.GHG.CO2.AG.MT.CE.AR5,0.1288
Cote d'Ivoire,CIV,2021,Carbon dioxide (CO2) emissions from Agriculture (Mt CO2e),EN.GHG.CO2.AG.MT.CE.AR5,0.1221
Cote d'Ivoire,CIV,2020,Carbon dioxide (CO2) emissions from Agriculture (Mt CO2e),EN.GHG.CO2.AG.MT.CE.AR5,0.0828
Cote d'Ivoire,CIV,2019,Carbon dioxide (CO2) emissions from Agriculture (Mt CO2e),EN.GHG.CO2.AG.MT.CE.AR5,0.1194
Cote d'Ivoire,CIV,2018,Carbon dioxide (CO2) emissions from Agriculture (Mt CO2e),EN.GHG.CO2.AG.MT.CE.AR5,0.0529
Cote d'Ivoire,CIV,2017,Carbon dioxide (CO2) emissions from Agriculture (Mt CO2e),EN.GHG.CO2.AG.MT.CE.AR5,0.0661
Cote d'Ivoire,CIV,2016,Carbon dioxide (CO2) emissions from Agriculture (Mt CO2e),EN.GHG.CO2.AG.MT.CE.AR5,0.0884
Cote d'Ivoire,CIV,2015,Carbon dioxide (CO2) emissions from Agriculture (Mt CO2e),EN.GHG.CO2.AG.MT.CE.AR5,0.0818
Cote d'Ivoire,CIV,2014,Carbon dioxide (CO2) emissions from Agriculture (Mt CO2e),EN.GHG.CO2.AG.MT.CE.AR5,0.1159
Cote d'Ivoire,CIV,2013,Carbon dioxide (CO2) emissions from Agriculture (Mt CO2e),EN.GHG.CO2.AG.MT.CE.AR5,0.0978
Cote d'Ivoire,CIV,2012,Carbon dioxide (CO2) emissions from Agriculture (Mt CO2e),EN.GHG.CO2.AG.MT.CE.AR5,0.0688
Cote d'Ivoire,CIV,2011,Carbon dioxide (CO2) emissions from Agriculture (Mt CO2e),EN.GHG.CO2.AG.MT.CE.AR5,0.0552
Cote d'Ivoire,CIV,2010,Carbon dioxide (CO2) emissions from Agriculture (Mt CO2e),EN.GHG.CO2.AG.MT.CE.AR5,0.0703
Cote d'Ivoire,CIV,2009,Carbon dioxide (CO2) emissions from Agriculture (Mt CO2e),EN.GHG.CO2.AG.MT.CE.AR5,0.066
Cote d'Ivoire,CIV,2008,Carbon dioxide (CO2) emissions from Agriculture (Mt CO2e),EN.GHG.CO2.AG.MT.CE.AR5,0.0377
Cote d'Ivoire,CIV,2007,Carbon dioxide (CO2) emissions from Agriculture (Mt CO2e),EN.GHG.CO2.AG.MT.CE.AR5,0.0629
Cote d'Ivoire,CIV,2006,Carbon dioxide (CO2) emissions from Agriculture (Mt CO2e),EN.GHG.CO2.AG.MT.CE.AR5,0.0849
Cote d'Ivoire,CIV,2005,Carbon dioxide (CO2) emissions from Agriculture (Mt CO2e),EN.GHG.CO2.AG.MT.CE.AR5,0.0519
Cote d'Ivoire,CIV,2004,Carbon dioxide (CO2) emissions from Agriculture (Mt CO2e),EN.GHG.CO2.AG.MT.CE.AR5,0.0691
Cote d'Ivoire,CIV,2003,Carbon dioxide (CO2) emissions from Agriculture (Mt CO2e),EN.GHG.CO2.AG.MT.CE.AR5,0.0327
Cote d'Ivoire,CIV,2002,Carbon dioxide (CO2) emissions from Agriculture (Mt CO2e),EN.GHG.CO2.AG.MT.CE.AR5,0.0874
Cote d'Ivoire,CIV,2001,Carbon dioxide (CO2) emissions from Agriculture (Mt CO2e),EN.GHG.CO2.AG.MT.CE.AR5,0.0418
Cote d'Ivoire,CIV,2000,Carbon dioxide (CO2) emissions from Agriculture (Mt CO2e),EN.GHG.CO2.AG.MT.CE.AR5,0.055
Cote d'Ivoire,CIV,1999,Carbon dioxide (CO2) emissions from Agriculture (Mt CO2e),EN.GHG.CO2.AG.MT.CE.AR5,0.0487
Cote d'Ivoire,CIV,1998,Carbon dioxide (CO2) emissions from Agriculture (Mt CO2e),EN.GHG.CO2.AG.MT.CE.AR5,0.0754
Cote d'Ivoire,CIV,1997,Carbon dioxide (CO2) emissions from Agriculture (Mt CO2e),EN.GHG.CO2.AG.MT.CE.AR5,0.0864
Cote d'Ivoire,CIV,1996,Carbon dioxide (CO2) emissions from Agriculture (Mt CO2e),EN.GHG.CO2.AG.MT.CE.AR5,0.0566
Cote d'Ivoire,CIV,1995,Carbon dioxide (CO2) emissions from Agriculture (Mt CO2e),EN.GHG.CO2.AG.MT.CE.AR5,0.0393
Cote d'Ivoire,CIV,1994,Carbon dioxide (CO2) emissions from Agriculture (Mt CO2e),EN.GHG.CO2.AG.MT.CE.AR5,0.0377
Cote d'Ivoire,CIV,1993,Carbon dioxide (CO2) emissions from Agriculture (Mt CO2e),EN.GHG.CO2.AG.MT.CE.AR5,0.0283
Cote d'Ivoire,CIV,1992,Carbon dioxide (CO2) emissions from Agriculture (Mt CO2e),EN.GHG.CO2.AG.MT.CE.AR5,0.0236
Cote d'Ivoire,CIV,1991,Carbon dioxide (CO2) emissions from Agriculture (Mt CO2e),EN.GHG.CO2.AG.MT.CE.AR5,0.022
Cote d'Ivoire,CIV,1990,Carbon dioxide (CO2) emissions from Agriculture (Mt CO2e),EN.GHG.CO2.AG.MT.CE.AR5,0.0159
Cote d'Ivoire,CIV,1989,Carbon dioxide (CO2) emissions from Agriculture (Mt CO2e),EN.GHG.CO2.AG.MT.CE.AR5,0.0105
Cote d'Ivoire,CIV,1988,Carbon dioxide (CO2) emissions from Agriculture (Mt CO2e),EN.GHG.CO2.AG.MT.CE.AR5,0.0097
Cote d'Ivoire,CIV,1987,Carbon dioxide (CO2) emissions from Agriculture (Mt CO2e),EN.GHG.CO2.AG.MT.CE.AR5,0.0035
Cote d'Ivoire,CIV,1986,Carbon dioxide (CO2) emissions from Agriculture (Mt CO2e),EN.GHG.CO2.AG.MT.CE.AR5,0.0042
Cote d'Ivoire,CIV,1985,Carbon dioxide (CO2) emissions from Agriculture (Mt CO2e),EN.GHG.CO2.AG.MT.CE.AR5,0.0044
Cote d'Ivoire,CIV,1984,Carbon dioxide (CO2) emissions from Agriculture (Mt CO2e),EN.GHG.CO2.AG.MT.CE.AR5,0.0074
Cote d'Ivoire,CIV,1983,Carbon dioxide (CO2) emissions from Agriculture (Mt CO2e),EN.GHG.CO2.AG.MT.CE.AR5,0.0082
Cote d'Ivoire,CIV,1982,Carbon dioxide (CO2) emissions from Agriculture (Mt CO2e),EN.GHG.CO2.AG.MT.CE.AR5,0.0115
Cote d'Ivoire,CIV,1981,Carbon dioxide (CO2) emissions from Agriculture (Mt CO2e),EN.GHG.CO2.AG.MT.CE.AR5,0.0126
Cote d'Ivoire,CIV,1980,Carbon dioxide (CO2) emissions from Agriculture (Mt CO2e),EN.GHG.CO2.AG.MT.CE.AR5,0.0134
Cote d'Ivoire,CIV,1979,Carbon dioxide (CO2) emissions from Agriculture (Mt CO2e),EN.GHG.CO2.AG.MT.CE.AR5,0.0115
Cote d'Ivoire,CIV,1978,Carbon dioxide (CO2) emissions from Agriculture (Mt CO2e),EN.GHG.CO2.AG.MT.CE.AR5,0.011
Cote d'Ivoire,CIV,1977,Carbon dioxide (CO2) emissions from Agriculture (Mt CO2e),EN.GHG.CO2.AG.MT.CE.AR5,0.0134
Cote d'Ivoire,CIV,1976,Carbon dioxide (CO2) emissions from Agriculture (Mt CO2e),EN.GHG.CO2.AG.MT.CE.AR5,0.0079
Cote d'Ivoire,CIV,1975,Carbon dioxide (CO2) emissions from Agriculture (Mt CO2e),EN.GHG.CO2.AG.MT.CE.AR5,0.0077
Cote d'Ivoire,CIV,1974,Carbon dioxide (CO2) emissions from Agriculture (Mt CO2e),EN.GHG.CO2.AG.MT.CE.AR5,0.0075
Cote d'Ivoire,CIV,1973,Carbon dioxide (CO2) emissions from Agriculture (Mt CO2e),EN.GHG.CO2.AG.MT.CE.AR5,0.0047
Cote d'Ivoire,CIV,1972,Carbon dioxide (CO2) emissions from Agriculture (Mt CO2e),EN.GHG.CO2.AG.MT.CE.AR5,0.0047
Cote d'Ivoire,CIV,1971,Carbon dioxide (CO2) emissions from Agriculture (Mt CO2e),EN.GHG.CO2.AG.MT.CE.AR5,0.0047
Cote d'Ivoire,CIV,1970,Carbon dioxide (CO2) emissions from Agriculture (Mt CO2e),EN.GHG.CO2.AG.MT.CE.AR5,0.0047
Cote d'Ivoire,CIV,2023,Carbon dioxide (CO2) emissions from Building (Energy) (Mt CO2e),EN.GHG.CO2.BU.MT.CE.AR5,1.4612
Cote d'Ivoire,CIV,2022,Carbon dioxide (CO2) emissions from Building (Energy) (Mt CO2e),EN.GHG.CO2.BU.MT.CE.AR5,1.508
Cote d'Ivoire,CIV,2021,Carbon dioxide (CO2) emissions from Building (Energy) (Mt CO2e),EN.GHG.CO2.BU.MT.CE.AR5,1.4481
Cote d'Ivoire,CIV,2020,Carbon dioxide (CO2) emissions from Building (Energy) (Mt CO2e),EN.GHG.CO2.BU.MT.CE.AR5,1.3232
Cote d'Ivoire,CIV,2019,Carbon dioxide (CO2) emissions from Building (Energy) (Mt CO2e),EN.GHG.CO2.BU.MT.CE.AR5,1.3637
Cote d'Ivoire,CIV,2018,Carbon dioxide (CO2) emissions from Building (Energy) (Mt CO2e),EN.GHG.CO2.BU.MT.CE.AR5,1.3067
Cote d'Ivoire,CIV,2017,Carbon dioxide (CO2) emissions from Building (Energy) (Mt CO2e),EN.GHG.CO2.BU.MT.CE.AR5,1.3881
Cote d'Ivoire,CIV,2016,Carbon dioxide (CO2) emissions from Building (Energy) (Mt CO2e),EN.GHG.CO2.BU.MT.CE.AR5,1.2153
Cote d'Ivoire,CIV,2015,Carbon dioxide (CO2) emissions from Building (Energy) (Mt CO2e),EN.GHG.CO2.BU.MT.CE.AR5,1.1065
Cote d'Ivoire,CIV,2014,Carbon dioxide (CO2) emissions from Building (Energy) (Mt CO2e),EN.GHG.CO2.BU.MT.CE.AR5,1.0819
Cote d'Ivoire,CIV,2013,Carbon dioxide (CO2) emissions from Building (Energy) (Mt CO2e),EN.GHG.CO2.BU.MT.CE.AR5,1.0928
Cote d'Ivoire,CIV,2012,Carbon dioxide (CO2) emissions from Building (Energy) (Mt CO2e),EN.GHG.CO2.BU.MT.CE.AR5,0.854
Cote d'Ivoire,CIV,2011,Carbon dioxide (CO2) emissions from Building (Energy) (Mt CO2e),EN.GHG.CO2.BU.MT.CE.AR5,0.6501
Cote d'Ivoire,CIV,2010,Carbon dioxide (CO2) emissions from Building (Energy) (Mt CO2e),EN.GHG.CO2.BU.MT.CE.AR5,0.8308
Cote d'Ivoire,CIV,2009,Carbon dioxide (CO2) emissions from Building (Energy) (Mt CO2e),EN.GHG.CO2.BU.MT.CE.AR5,0.7714
Cote d'Ivoire,CIV,2008,Carbon dioxide (CO2) emissions from Building (Energy) (Mt CO2e),EN.GHG.CO2.BU.MT.CE.AR5,1.3929
Cote d'Ivoire,CIV,2007,Carbon dioxide (CO2) emissions from Building (Energy) (Mt CO2e),EN.GHG.CO2.BU.MT.CE.AR5,1.3882
Cote d'Ivoire,CIV,2006,Carbon dioxide (CO2) emissions from Building (Energy) (Mt CO2e),EN.GHG.CO2.BU.MT.CE.AR5,1.4737
Cote d'Ivoire,CIV,2005,Carbon dioxide (CO2) emissions from Building (Energy) (Mt CO2e),EN.GHG.CO2.BU.MT.CE.AR5,1.0766
Cote d'Ivoire,CIV,2004,Carbon dioxide (CO2) emissions from Building (Energy) (Mt CO2e),EN.GHG.CO2.BU.MT.CE.AR5,1.4032
Cote d'Ivoire,CIV,2003,Carbon dioxide (CO2) emissions from Building (Energy) (Mt CO2e),EN.GHG.CO2.BU.MT.CE.AR5,1.4044
Cote d'Ivoire,CIV,2002,Carbon dioxide (CO2) emissions from Building (Energy) (Mt CO2e),EN.GHG.CO2.BU.MT.CE.AR5,1.6469
Cote d'Ivoire,CIV,2001,Carbon dioxide (CO2) emissions from Building (Energy) (Mt CO2e),EN.GHG.CO2.BU.MT.CE.AR5,1.7981
Cote d'Ivoire,CIV,2000,Carbon dioxide (CO2) emissions from Building (Energy) (Mt CO2e),EN.GHG.CO2.BU.MT.CE.AR5,1.9263
Cote d'Ivoire,CIV,1999,Carbon dioxide (CO2) emissions from Building (Energy) (Mt CO2e),EN.GHG.CO2.BU.MT.CE.AR5,2.0003
Cote d'Ivoire,CIV,1998,Carbon dioxide (CO2) emissions from Building (Energy) (Mt CO2e),EN.GHG.CO2.BU.MT.CE.AR5,0.6402
Cote d'Ivoire,CIV,1997,Carbon dioxide (CO2) emissions from Building (Energy) (Mt CO2e),EN.GHG.CO2.BU.MT.CE.AR5,0.6701
Cote d'Ivoire,CIV,1996,Carbon dioxide (CO2) emissions from Building (Energy) (Mt CO2e),EN.GHG.CO2.BU.MT.CE.AR5,0.6135
Cote d'Ivoire,CIV,1995,Carbon dioxide (CO2) emissions from Building (Energy) (Mt CO2e),EN.GHG.CO2.BU.MT.CE.AR5,0.5644
Cote d'Ivoire,CIV,1994,Carbon dioxide (CO2) emissions from Building (Energy) (Mt CO2e),EN.GHG.CO2.BU.MT.CE.AR5,0.5171
Cote d'Ivoire,CIV,1993,Carbon dioxide (CO2) emissions from Building (Energy) (Mt CO2e),EN.GHG.CO2.BU.MT.CE.AR5,0.5207
Cote d'Ivoire,CIV,1992,Carbon dioxide (CO2) emissions from Building (Energy) (Mt CO2e),EN.GHG.CO2.BU.MT.CE.AR5,0.5332
Cote d'Ivoire,CIV,1991,Carbon dioxide (CO2) emissions from Building (Energy) (Mt CO2e),EN.GHG.CO2.BU.MT.CE.AR5,0.5611
Cote d'Ivoire,CIV,1990,Carbon dioxide (CO2) emissions from Building (Energy) (Mt CO2e),EN.GHG.CO2.BU.MT.CE.AR5,0.5302
Cote d'Ivoire,CIV,1989,Carbon dioxide (CO2) emissions from Building (Energy) (Mt CO2e),EN.GHG.CO2.BU.MT.CE.AR5,0.5965
Cote d'Ivoire,CIV,1988,Carbon dioxide (CO2) emissions from Building (Energy) (Mt CO2e),EN.GHG.CO2.BU.MT.CE.AR5,0.625
Cote d'Ivoire,CIV,1987,Carbon dioxide (CO2) emissions from Building (Energy) (Mt CO2e),EN.GHG.CO2.BU.MT.CE.AR5,0.5464
Cote d'Ivoire,CIV,1986,Carbon dioxide (CO2) emissions from Building (Energy) (Mt CO2e),EN.GHG.CO2.BU.MT.CE.AR5,0.5111
Cote d'Ivoire,CIV,1985,Carbon dioxide (CO2) emissions from Building (Energy) (Mt CO2e),EN.GHG.CO2.BU.MT.CE.AR5,0.4563
Cote d'Ivoire,CIV,1984,Carbon dioxide (CO2) emissions from Building (Energy) (Mt CO2e),EN.GHG.CO2.BU.MT.CE.AR5,0.447
Cote d'Ivoire,CIV,1983,Carbon dioxide (CO2) emissions from Building (Energy) (Mt CO2e),EN.GHG.CO2.BU.MT.CE.AR5,0.4517
Cote d'Ivoire,CIV,1982,Carbon dioxide (CO2) emissions from Building (Energy) (Mt CO2e),EN.GHG.CO2.BU.MT.CE.AR5,0.4929
Cote d'Ivoire,CIV,1981,Carbon dioxide (CO2) emissions from Building (Energy) (Mt CO2e),EN.GHG.CO2.BU.MT.CE.AR5,0.547
Cote d'Ivoire,CIV,1980,Carbon dioxide (CO2) emissions from Building (Energy) (Mt CO2e),EN.GHG.CO2.BU.MT.CE.AR5,0.5509
Cote d'Ivoire,CIV,1979,Carbon dioxide (CO2) emissions from Building (Energy) (Mt CO2e),EN.GHG.CO2.BU.MT.CE.AR5,0.4785
Cote d'Ivoire,CIV,1978,Carbon dioxide (CO2) emissions from Building (Energy) (Mt CO2e),EN.GHG.CO2.BU.MT.CE.AR5,0.4565
Cote d'Ivoire,CIV,1977,Carbon dioxide (CO2) emissions from Building (Energy) (Mt CO2e),EN.GHG.CO2.BU.MT.CE.AR5,0.4155
Cote d'Ivoire,CIV,1976,Carbon dioxide (CO2) emissions from Building (Energy) (Mt CO2e),EN.GHG.CO2.BU.MT.CE.AR5,0.3804
Cote d'Ivoire,CIV,1975,Carbon dioxide (CO2) emissions from Building (Energy) (Mt CO2e),EN.GHG.CO2.BU.MT.CE.AR5,0.3229
Cote d'Ivoire,CIV,1974,Carbon dioxide (CO2) emissions from Building (Energy) (Mt CO2e),EN.GHG.CO2.BU.MT.CE.AR5,0.2945
Cote d'Ivoire,CIV,1973,Carbon dioxide (CO2) emissions from Building (Energy) (Mt CO2e),EN.GHG.CO2.BU.MT.CE.AR5,0.2752
Cote d'Ivoire,CIV,1972,Carbon dioxide (CO2) emissions from Building (Energy) (Mt CO2e),EN.GHG.CO2.BU.MT.CE.AR5,0.3104
Cote d'Ivoire,CIV,1971,Carbon dioxide (CO2) emissions from Building (Energy) (Mt CO2e),EN.GHG.CO2.BU.MT.CE.AR5,0.2817
Cote d'Ivoire,CIV,1970,Carbon dioxide (CO2) emissions from Building (Energy) (Mt CO2e),EN.GHG.CO2.BU.MT.CE.AR5,0.2817
Cote d'Ivoire,CIV,2023,Carbon dioxide (CO2) emissions from Fugitive Emissions (Energy) (Mt CO2e),EN.GHG.CO2.FE.MT.CE.AR5,0.4005
Cote d'Ivoire,CIV,2022,Carbon dioxide (CO2) emissions from Fugitive Emissions (Energy) (Mt CO2e),EN.GHG.CO2.FE.MT.CE.AR5,0.3853
Cote d'Ivoire,CIV,2021,Carbon dioxide (CO2) emissions from Fugitive Emissions (Energy) (Mt CO2e),EN.GHG.CO2.FE.MT.CE.AR5,0.3656
Cote d'Ivoire,CIV,2020,Carbon dioxide (CO2) emissions from Fugitive Emissions (Energy) (Mt CO2e),EN.GHG.CO2.FE.MT.CE.AR5,0.3935
Cote d'Ivoire,CIV,2019,Carbon dioxide (CO2) emissions from Fugitive Emissions (Energy) (Mt CO2e),EN.GHG.CO2.FE.MT.CE.AR5,0.4116
Cote d'Ivoire,CIV,2018,Carbon dioxide (CO2) emissions from Fugitive Emissions (Energy) (Mt CO2e),EN.GHG.CO2.FE.MT.CE.AR5,0.3824
Cote d'Ivoire,CIV,2017,Carbon dioxide (CO2) emissions from Fugitive Emissions (Energy) (Mt CO2e),EN.GHG.CO2.FE.MT.CE.AR5,0.2665
Cote d'Ivoire,CIV,2016,Carbon dioxide (CO2) emissions from Fugitive Emissions (Energy) (Mt CO2e),EN.GHG.CO2.FE.MT.CE.AR5,0.2859
Cote d'Ivoire,CIV,2015,Carbon dioxide (CO2) emissions from Fugitive Emissions (Energy) (Mt CO2e),EN.GHG.CO2.FE.MT.CE.AR5,0.3128
Cote d'Ivoire,CIV,2014,Carbon dioxide (CO2) emissions from Fugitive Emissions (Energy) (Mt CO2e),EN.GHG.CO2.FE.MT.CE.AR5,0.3303
Cote d'Ivoire,CIV,2013,Carbon dioxide (CO2) emissions from Fugitive Emissions (Energy) (Mt CO2e),EN.GHG.CO2.FE.MT.CE.AR5,0.3253
Cote d'Ivoire,CIV,2012,Carbon dioxide (CO2) emissions from Fugitive Emissions (Energy) (Mt CO2e),EN.GHG.CO2.FE.MT.CE.AR5,0.3786
Cote d'Ivoire,CIV,2011,Carbon dioxide (CO2) emissions from Fugitive Emissions (Energy) (Mt CO2e),EN.GHG.CO2.FE.MT.CE.AR5,0.3392
Cote d'Ivoire,CIV,2010,Carbon dioxide (CO2) emissions from Fugitive Emissions (Energy) (Mt CO2e),EN.GHG.CO2.FE.MT.CE.AR5,0.3066
Cote d'Ivoire,CIV,2009,Carbon dioxide (CO2) emissions from Fugitive Emissions (Energy) (Mt CO2e),EN.GHG.CO2.FE.MT.CE.AR5,0.3539
Cote d'Ivoire,CIV,2008,Carbon dioxide (CO2) emissions from Fugitive Emissions (Energy) (Mt CO2e),EN.GHG.CO2.FE.MT.CE.AR5,0.3464
Cote d'Ivoire,CIV,2007,Carbon dioxide (CO2) emissions from Fugitive Emissions (Energy) (Mt CO2e),EN.GHG.CO2.FE.MT.CE.AR5,0.2564
Cote d'Ivoire,CIV,2006,Carbon dioxide (CO2) emissions from Fugitive Emissions (Energy) (Mt CO2e),EN.GHG.CO2.FE.MT.CE.AR5,0.2242
Cote d'Ivoire,CIV,2005,Carbon dioxide (CO2) emissions from Fugitive Emissions (Energy) (Mt CO2e),EN.GHG.CO2.FE.MT.CE.AR5,0.5888
Cote d'Ivoire,CIV,2004,Carbon dioxide (CO2) emissions from Fugitive Emissions (Energy) (Mt CO2e),EN.GHG.CO2.FE.MT.CE.AR5,0.4079
Cote d'Ivoire,CIV,2003,Carbon dioxide (CO2) emissions from Fugitive Emissions (Energy) (Mt CO2e),EN.GHG.CO2.FE.MT.CE.AR5,0.3922
Cote d'Ivoire,CIV,2002,Carbon dioxide (CO2) emissions from Fugitive Emissions (Energy) (Mt CO2e),EN.GHG.CO2.FE.MT.CE.AR5,0.949
Cote d'Ivoire,CIV,2001,Carbon dioxide (CO2) emissions from Fugitive Emissions (Energy) (Mt CO2e),EN.GHG.CO2.FE.MT.CE.AR5,0.7981
Cote d'Ivoire,CIV,2000,Carbon dioxide (CO2) emissions from Fugitive Emissions (Energy) (Mt CO2e),EN.GHG.CO2.FE.MT.CE.AR5,0.7149
Cote d'Ivoire,CIV,1999,Carbon dioxide (CO2) emissions from Fugitive Emissions (Energy) (Mt CO2e),EN.GHG.CO2.FE.MT.CE.AR5,0.6654
Cote d'Ivoire,CIV,1998,Carbon dioxide (CO2) emissions from Fugitive Emissions (Energy) (Mt CO2e),EN.GHG.CO2.FE.MT.CE.AR5,0.5563
Cote d'Ivoire,CIV,1997,Carbon dioxide (CO2) emissions from Fugitive Emissions (Energy) (Mt CO2e),EN.GHG.CO2.FE.MT.CE.AR5,0.6294
Cote d'Ivoire,CIV,1996,Carbon dioxide (CO2) emissions from Fugitive Emissions (Energy) (Mt CO2e),EN.GHG.CO2.FE.MT.CE.AR5,0.5686
Cote d'Ivoire,CIV,1995,Carbon dioxide (CO2) emissions from Fugitive Emissions (Energy) (Mt CO2e),EN.GHG.CO2.FE.MT.CE.AR5,0.3162
Cote d'Ivoire,CIV,1994,Carbon dioxide (CO2) emissions from Fugitive Emissions (Energy) (Mt CO2e),EN.GHG.CO2.FE.MT.CE.AR5,0.2861
Cote d'Ivoire,CIV,1993,Carbon dioxide (CO2) emissions from Fugitive Emissions (Energy) (Mt CO2e),EN.GHG.CO2.FE.MT.CE.AR5,0.2726
Cote d'Ivoire,CIV,1992,Carbon dioxide (CO2) emissions from Fugitive Emissions (Energy) (Mt CO2e),EN.GHG.CO2.FE.MT.CE.AR5,0.2259
Cote d'Ivoire,CIV,1991,Carbon dioxide (CO2) emissions from Fugitive Emissions (Energy) (Mt CO2e),EN.GHG.CO2.FE.MT.CE.AR5,0.1824
Cote d'Ivoire,CIV,1990,Carbon dioxide (CO2) emissions from Fugitive Emissions (Energy) (Mt CO2e),EN.GHG.CO2.FE.MT.CE.AR5,0.1762
Cote d'Ivoire,CIV,1989,Carbon dioxide (CO2) emissions from Fugitive Emissions (Energy) (Mt CO2e),EN.GHG.CO2.FE.MT.CE.AR5,0.1948
Cote d'Ivoire,CIV,1988,Carbon dioxide (CO2) emissions from Fugitive Emissions (Energy) (Mt CO2e),EN.GHG.CO2.FE.MT.CE.AR5,0.2011
Cote d'Ivoire,CIV,1987,Carbon dioxide (CO2) emissions from Fugitive Emissions (Energy) (Mt CO2e),EN.GHG.CO2.FE.MT.CE.AR5,0.2104
Cote d'Ivoire,CIV,1986,Carbon dioxide (CO2) emissions from Fugitive Emissions (Energy) (Mt CO2e),EN.GHG.CO2.FE.MT.CE.AR5,0.2785
Cote d'Ivoire,CIV,1985,Carbon dioxide (CO2) emissions from Fugitive Emissions (Energy) (Mt CO2e),EN.GHG.CO2.FE.MT.CE.AR5,0.3086
Cote d'Ivoire,CIV,1984,Carbon dioxide (CO2) emissions from Fugitive Emissions (Energy) (Mt CO2e),EN.GHG.CO2.FE.MT.CE.AR5,0.2314
Cote d'Ivoire,CIV,1983,Carbon dioxide (CO2) emissions from Fugitive Emissions (Energy) (Mt CO2e),EN.GHG.CO2.FE.MT.CE.AR5,0.2404
Cote d'Ivoire,CIV,1982,Carbon dioxide (CO2) emissions from Fugitive Emissions (Energy) (Mt CO2e),EN.GHG.CO2.FE.MT.CE.AR5,0.273
Cote d'Ivoire,CIV,1981,Carbon dioxide (CO2) emissions from Fugitive Emissions (Energy) (Mt CO2e),EN.GHG.CO2.FE.MT.CE.AR5,0.264
Cote d'Ivoire,CIV,1980,Carbon dioxide (CO2) emissions from Fugitive Emissions (Energy) (Mt CO2e),EN.GHG.CO2.FE.MT.CE.AR5,0.2612
Cote d'Ivoire,CIV,1979,Carbon dioxide (CO2) emissions from Fugitive Emissions (Energy) (Mt CO2e),EN.GHG.CO2.FE.MT.CE.AR5,0.2792
Cote d'Ivoire,CIV,1978,Carbon dioxide (CO2) emissions from Fugitive Emissions (Energy) (Mt CO2e),EN.GHG.CO2.FE.MT.CE.AR5,0.2138
Cote d'Ivoire,CIV,1977,Carbon dioxide (CO2) emissions from Fugitive Emissions (Energy) (Mt CO2e),EN.GHG.CO2.FE.MT.CE.AR5,0.1245
Cote d'Ivoire,CIV,1976,Carbon dioxide (CO2) emissions from Fugitive Emissions (Energy) (Mt CO2e),EN.GHG.CO2.FE.MT.CE.AR5,0.1809
Cote d'Ivoire,CIV,1975,Carbon dioxide (CO2) emissions from Fugitive Emissions (Energy) (Mt CO2e),EN.GHG.CO2.FE.MT.CE.AR5,0.1038
Cote d'Ivoire,CIV,1974,Carbon dioxide (CO2) emissions from Fugitive Emissions (Energy) (Mt CO2e),EN.GHG.CO2.FE.MT.CE.AR5,0.0979
Cote d'Ivoire,CIV,1973,Carbon dioxide (CO2) emissions from Fugitive Emissions (Energy) (Mt CO2e),EN.GHG.CO2.FE.MT.CE.AR5,0.1277
Cote d'Ivoire,CIV,1972,Carbon dioxide (CO2) emissions from Fugitive Emissions (Energy) (Mt CO2e),EN.GHG.CO2.FE.MT.CE.AR5,0.0592
Cote d'Ivoire,CIV,1971,Carbon dioxide (CO2) emissions from Fugitive Emissions (Energy) (Mt CO2e),EN.GHG.CO2.FE.MT.CE.AR5,0.0623
Cote d'Ivoire,CIV,1970,Carbon dioxide (CO2) emissions from Fugitive Emissions (Energy) (Mt CO2e),EN.GHG.CO2.FE.MT.CE.AR5,0.0623
Cote d'Ivoire,CIV,2023,Carbon dioxide (CO2) emissions from Industrial Combustion (Energy) (Mt CO2e),EN.GHG.CO2.IC.MT.CE.AR5,1.4187
Cote d'Ivoire,CIV,2022,Carbon dioxide (CO2) emissions from Industrial Combustion (Energy) (Mt CO2e),EN.GHG.CO2.IC.MT.CE.AR5,1.4641
Cote d'Ivoire,CIV,2021,Carbon dioxide (CO2) emissions from Industrial Combustion (Energy) (Mt CO2e),EN.GHG.CO2.IC.MT.CE.AR5,1.4442
Cote d'Ivoire,CIV,2020,Carbon dioxide (CO2) emissions from Industrial Combustion (Energy) (Mt CO2e),EN.GHG.CO2.IC.MT.CE.AR5,1.2729
Cote d'Ivoire,CIV,2019,Carbon dioxide (CO2) emissions from Industrial Combustion (Energy) (Mt CO2e),EN.GHG.CO2.IC.MT.CE.AR5,1.3287
Cote d'Ivoire,CIV,2018,Carbon dioxide (CO2) emissions from Industrial Combustion (Energy) (Mt CO2e),EN.GHG.CO2.IC.MT.CE.AR5,1.2599
Cote d'Ivoire,CIV,2017,Carbon dioxide (CO2) emissions from Industrial Combustion (Energy) (Mt CO2e),EN.GHG.CO2.IC.MT.CE.AR5,1.5599
Cote d'Ivoire,CIV,2016,Carbon dioxide (CO2) emissions from Industrial Combustion (Energy) (Mt CO2e),EN.GHG.CO2.IC.MT.CE.AR5,0.8018
Cote d'Ivoire,CIV,2015,Carbon dioxide (CO2) emissions from Industrial Combustion (Energy) (Mt CO2e),EN.GHG.CO2.IC.MT.CE.AR5,1.435
Cote d'Ivoire,CIV,2014,Carbon dioxide (CO2) emissions from Industrial Combustion (Energy) (Mt CO2e),EN.GHG.CO2.IC.MT.CE.AR5,1.3292
Cote d'Ivoire,CIV,2013,Carbon dioxide (CO2) emissions from Industrial Combustion (Energy) (Mt CO2e),EN.GHG.CO2.IC.MT.CE.AR5,1.2874
Cote d'Ivoire,CIV,2012,Carbon dioxide (CO2) emissions from Industrial Combustion (Energy) (Mt CO2e),EN.GHG.CO2.IC.MT.CE.AR5,1.0012
Cote d'Ivoire,CIV,2011,Carbon dioxide (CO2) emissions from Industrial Combustion (Energy) (Mt CO2e),EN.GHG.CO2.IC.MT.CE.AR5,0.9131
Cote d'Ivoire,CIV,2010,Carbon dioxide (CO2) emissions from Industrial Combustion (Energy) (Mt CO2e),EN.GHG.CO2.IC.MT.CE.AR5,0.971
Cote d'Ivoire,CIV,2009,Carbon dioxide (CO2) emissions from Industrial Combustion (Energy) (Mt CO2e),EN.GHG.CO2.IC.MT.CE.AR5,1.0567
Cote d'Ivoire,CIV,2008,Carbon dioxide (CO2) emissions from Industrial Combustion (Energy) (Mt CO2e),EN.GHG.CO2.IC.MT.CE.AR5,0.5644
Cote d'Ivoire,CIV,2007,Carbon dioxide (CO2) emissions from Industrial Combustion (Energy) (Mt CO2e),EN.GHG.CO2.IC.MT.CE.AR5,0.4149
Cote d'Ivoire,CIV,2006,Carbon dioxide (CO2) emissions from Industrial Combustion (Energy) (Mt CO2e),EN.GHG.CO2.IC.MT.CE.AR5,0.5329
Cote d'Ivoire,CIV,2005,Carbon dioxide (CO2) emissions from Industrial Combustion (Energy) (Mt CO2e),EN.GHG.CO2.IC.MT.CE.AR5,0.3778
Cote d'Ivoire,CIV,2004,Carbon dioxide (CO2) emissions from Industrial Combustion (Energy) (Mt CO2e),EN.GHG.CO2.IC.MT.CE.AR5,0.5399
Cote d'Ivoire,CIV,2003,Carbon dioxide (CO2) emissions from Industrial Combustion (Energy) (Mt CO2e),EN.GHG.CO2.IC.MT.CE.AR5,0.5207
Cote d'Ivoire,CIV,2002,Carbon dioxide (CO2) emissions from Industrial Combustion (Energy) (Mt CO2e),EN.GHG.CO2.IC.MT.CE.AR5,0.6843
Cote d'Ivoire,CIV,2001,Carbon dioxide (CO2) emissions from Industrial Combustion (Energy) (Mt CO2e),EN.GHG.CO2.IC.MT.CE.AR5,0.7325
Cote d'Ivoire,CIV,2000,Carbon dioxide (CO2) emissions from Industrial Combustion (Energy) (Mt CO2e),EN.GHG.CO2.IC.MT.CE.AR5,0.7452
Cote d'Ivoire,CIV,1999,Carbon dioxide (CO2) emissions from Industrial Combustion (Energy) (Mt CO2e),EN.GHG.CO2.IC.MT.CE.AR5,0.7583
Cote d'Ivoire,CIV,1998,Carbon dioxide (CO2) emissions from Industrial Combustion (Energy) (Mt CO2e),EN.GHG.CO2.IC.MT.CE.AR5,0.5077
Cote d'Ivoire,CIV,1997,Carbon dioxide (CO2) emissions from Industrial Combustion (Energy) (Mt CO2e),EN.GHG.CO2.IC.MT.CE.AR5,0.613
Cote d'Ivoire,CIV,1996,Carbon dioxide (CO2) emissions from Industrial Combustion (Energy) (Mt CO2e),EN.GHG.CO2.IC.MT.CE.AR5,0.5242
Cote d'Ivoire,CIV,1995,Carbon dioxide (CO2) emissions from Industrial Combustion (Energy) (Mt CO2e),EN.GHG.CO2.IC.MT.CE.AR5,0.4499
Cote d'Ivoire,CIV,1994,Carbon dioxide (CO2) emissions from Industrial Combustion (Energy) (Mt CO2e),EN.GHG.CO2.IC.MT.CE.AR5,0.4326
Cote d'Ivoire,CIV,1993,Carbon dioxide (CO2) emissions from Industrial Combustion (Energy) (Mt CO2e),EN.GHG.CO2.IC.MT.CE.AR5,0.4297
Cote d'Ivoire,CIV,1992,Carbon dioxide (CO2) emissions from Industrial Combustion (Energy) (Mt CO2e),EN.GHG.CO2.IC.MT.CE.AR5,0.4176
Cote d'Ivoire,CIV,1991,Carbon dioxide (CO2) emissions from Industrial Combustion (Energy) (Mt CO2e),EN.GHG.CO2.IC.MT.CE.AR5,0.418
Cote d'Ivoire,CIV,1990,Carbon dioxide (CO2) emissions from Industrial Combustion (Energy) (Mt CO2e),EN.GHG.CO2.IC.MT.CE.AR5,0.3957
Cote d'Ivoire,CIV,1989,Carbon dioxide (CO2) emissions from Industrial Combustion (Energy) (Mt CO2e),EN.GHG.CO2.IC.MT.CE.AR5,0.4146
Cote d'Ivoire,CIV,1988,Carbon dioxide (CO2) emissions from Industrial Combustion (Energy) (Mt CO2e),EN.GHG.CO2.IC.MT.CE.AR5,0.4338
Cote d'Ivoire,CIV,1987,Carbon dioxide (CO2) emissions from Industrial Combustion (Energy) (Mt CO2e),EN.GHG.CO2.IC.MT.CE.AR5,0.4149
Cote d'Ivoire,CIV,1986,Carbon dioxide (CO2) emissions from Industrial Combustion (Energy) (Mt CO2e),EN.GHG.CO2.IC.MT.CE.AR5,0.4011
Cote d'Ivoire,CIV,1985,Carbon dioxide (CO2) emissions from Industrial Combustion (Energy) (Mt CO2e),EN.GHG.CO2.IC.MT.CE.AR5,0.4005
Cote d'Ivoire,CIV,1984,Carbon dioxide (CO2) emissions from Industrial Combustion (Energy) (Mt CO2e),EN.GHG.CO2.IC.MT.CE.AR5,0.2038
Cote d'Ivoire,CIV,1983,Carbon dioxide (CO2) emissions from Industrial Combustion (Energy) (Mt CO2e),EN.GHG.CO2.IC.MT.CE.AR5,0.7785
Cote d'Ivoire,CIV,1982,Carbon dioxide (CO2) emissions from Industrial Combustion (Energy) (Mt CO2e),EN.GHG.CO2.IC.MT.CE.AR5,0.5602
Cote d'Ivoire,CIV,1981,Carbon dioxide (CO2) emissions from Industrial Combustion (Energy) (Mt CO2e),EN.GHG.CO2.IC.MT.CE.AR5,0.5186
Cote d'Ivoire,CIV,1980,Carbon dioxide (CO2) emissions from Industrial Combustion (Energy) (Mt CO2e),EN.GHG.CO2.IC.MT.CE.AR5,0.6247
Cote d'Ivoire,CIV,1979,Carbon dioxide (CO2) emissions from Industrial Combustion (Energy) (Mt CO2e),EN.GHG.CO2.IC.MT.CE.AR5,0.5435
Cote d'Ivoire,CIV,1978,Carbon dioxide (CO2) emissions from Industrial Combustion (Energy) (Mt CO2e),EN.GHG.CO2.IC.MT.CE.AR5,0.6426
Cote d'Ivoire,CIV,1977,Carbon dioxide (CO2) emissions from Industrial Combustion (Energy) (Mt CO2e),EN.GHG.CO2.IC.MT.CE.AR5,0.5424
Cote d'Ivoire,CIV,1976,Carbon dioxide (CO2) emissions from Industrial Combustion (Energy) (Mt CO2e),EN.GHG.CO2.IC.MT.CE.AR5,0.9241
Cote d'Ivoire,CIV,1975,Carbon dioxide (CO2) emissions from Industrial Combustion (Energy) (Mt CO2e),EN.GHG.CO2.IC.MT.CE.AR5,1.0036
Cote d'Ivoire,CIV,1974,Carbon dioxide (CO2) emissions from Industrial Combustion (Energy) (Mt CO2e),EN.GHG.CO2.IC.MT.CE.AR5,0.8664
Cote d'Ivoire,CIV,1973,Carbon dioxide (CO2) emissions from Industrial Combustion (Energy) (Mt CO2e),EN.GHG.CO2.IC.MT.CE.AR5,0.7349
Cote d'Ivoire,CIV,1972,Carbon dioxide (CO2) emissions from Industrial Combustion (Energy) (Mt CO2e),EN.GHG.CO2.IC.MT.CE.AR5,0.8356
Cote d'Ivoire,CIV,1971,Carbon dioxide (CO2) emissions from Industrial Combustion (Energy) (Mt CO2e),EN.GHG.CO2.IC.MT.CE.AR5,0.7043
Cote d'Ivoire,CIV,1970,Carbon dioxide (CO2) emissions from Industrial Combustion (Energy) (Mt CO2e),EN.GHG.CO2.IC.MT.CE.AR5,0.7043
Cote d'Ivoire,CIV,2023,Carbon dioxide (CO2) emissions from Industrial Processes (Mt CO2e),EN.GHG.CO2.IP.MT.CE.AR5,2.2852
Cote d'Ivoire,CIV,2022,Carbon dioxide (CO2) emissions from Industrial Processes (Mt CO2e),EN.GHG.CO2.IP.MT.CE.AR5,2.2924
Cote d'Ivoire,CIV,2021,Carbon dioxide (CO2) emissions from Industrial Processes (Mt CO2e),EN.GHG.CO2.IP.MT.CE.AR5,2.2788
Cote d'Ivoire,CIV,2020,Carbon dioxide (CO2) emissions from Industrial Processes (Mt CO2e),EN.GHG.CO2.IP.MT.CE.AR5,2.2564
Cote d'Ivoire,CIV,2019,Carbon dioxide (CO2) emissions from Industrial Processes (Mt CO2e),EN.GHG.CO2.IP.MT.CE.AR5,2.2302
Cote d'Ivoire,CIV,2018,Carbon dioxide (CO2) emissions from Industrial Processes (Mt CO2e),EN.GHG.CO2.IP.MT.CE.AR5,2.0892
Cote d'Ivoire,CIV,2017,Carbon dioxide (CO2) emissions from Industrial Processes (Mt CO2e),EN.GHG.CO2.IP.MT.CE.AR5,1.6912
Cote d'Ivoire,CIV,2016,Carbon dioxide (CO2) emissions from Industrial Processes (Mt CO2e),EN.GHG.CO2.IP.MT.CE.AR5,1.7308
Cote d'Ivoire,CIV,2015,Carbon dioxide (CO2) emissions from Industrial Processes (Mt CO2e),EN.GHG.CO2.IP.MT.CE.AR5,1.3715
Cote d'Ivoire,CIV,2014,Carbon dioxide (CO2) emissions from Industrial Processes (Mt CO2e),EN.GHG.CO2.IP.MT.CE.AR5,1.136
Cote d'Ivoire,CIV,2013,Carbon dioxide (CO2) emissions from Industrial Processes (Mt CO2e),EN.GHG.CO2.IP.MT.CE.AR5,1.0016
Cote d'Ivoire,CIV,2012,Carbon dioxide (CO2) emissions from Industrial Processes (Mt CO2e),EN.GHG.CO2.IP.MT.CE.AR5,0.9005
Cote d'Ivoire,CIV,2011,Carbon dioxide (CO2) emissions from Industrial Processes (Mt CO2e),EN.GHG.CO2.IP.MT.CE.AR5,0.8592
Cote d'Ivoire,CIV,2010,Carbon dioxide (CO2) emissions from Industrial Processes (Mt CO2e),EN.GHG.CO2.IP.MT.CE.AR5,0.8886
Cote d'Ivoire,CIV,2009,Carbon dioxide (CO2) emissions from Industrial Processes (Mt CO2e),EN.GHG.CO2.IP.MT.CE.AR5,0.3045
Cote d'Ivoire,CIV,2008,Carbon dioxide (CO2) emissions from Industrial Processes (Mt CO2e),EN.GHG.CO2.IP.MT.CE.AR5,0.3981
Cote d'Ivoire,CIV,2007,Carbon dioxide (CO2) emissions from Industrial Processes (Mt CO2e),EN.GHG.CO2.IP.MT.CE.AR5,0.5066
Cote d'Ivoire,CIV,2006,Carbon dioxide (CO2) emissions from Industrial Processes (Mt CO2e),EN.GHG.CO2.IP.MT.CE.AR5,0.4901
Cote d'Ivoire,CIV,2005,Carbon dioxide (CO2) emissions from Industrial Processes (Mt CO2e),EN.GHG.CO2.IP.MT.CE.AR5,0.4626
Cote d'Ivoire,CIV,2004,Carbon dioxide (CO2) emissions from Industrial Processes (Mt CO2e),EN.GHG.CO2.IP.MT.CE.AR5,0.4571
Cote d'Ivoire,CIV,2003,Carbon dioxide (CO2) emissions from Industrial Processes (Mt CO2e),EN.GHG.CO2.IP.MT.CE.AR5,0.4622
Cote d'Ivoire,CIV,2002,Carbon dioxide (CO2) emissions from Industrial Processes (Mt CO2e),EN.GHG.CO2.IP.MT.CE.AR5,0.429
Cote d'Ivoire,CIV,2001,Carbon dioxide (CO2) emissions from Industrial Processes (Mt CO2e),EN.GHG.CO2.IP.MT.CE.AR5,0.4226
Cote d'Ivoire,CIV,2000,Carbon dioxide (CO2) emissions from Industrial Processes (Mt CO2e),EN.GHG.CO2.IP.MT.CE.AR5,0.4037
Cote d'Ivoire,CIV,1999,Carbon dioxide (CO2) emissions from Industrial Processes (Mt CO2e),EN.GHG.CO2.IP.MT.CE.AR5,0.3969
Cote d'Ivoire,CIV,1998,Carbon dioxide (CO2) emissions from Industrial Processes (Mt CO2e),EN.GHG.CO2.IP.MT.CE.AR5,0.3803
Cote d'Ivoire,CIV,1997,Carbon dioxide (CO2) emissions from Industrial Processes (Mt CO2e),EN.GHG.CO2.IP.MT.CE.AR5,0.5577
Cote d'Ivoire,CIV,1996,Carbon dioxide (CO2) emissions from Industrial Processes (Mt CO2e),EN.GHG.CO2.IP.MT.CE.AR5,0.5005
Cote d'Ivoire,CIV,1995,Carbon dioxide (CO2) emissions from Industrial Processes (Mt CO2e),EN.GHG.CO2.IP.MT.CE.AR5,0.2859
Cote d'Ivoire,CIV,1994,Carbon dioxide (CO2) emissions from Industrial Processes (Mt CO2e),EN.GHG.CO2.IP.MT.CE.AR5,0.2532
Cote d'Ivoire,CIV,1993,Carbon dioxide (CO2) emissions from Industrial Processes (Mt CO2e),EN.GHG.CO2.IP.MT.CE.AR5,0.2527
Cote d'Ivoire,CIV,1992,Carbon dioxide (CO2) emissions from Industrial Processes (Mt CO2e),EN.GHG.CO2.IP.MT.CE.AR5,0.2563
Cote d'Ivoire,CIV,1991,Carbon dioxide (CO2) emissions from Industrial Processes (Mt CO2e),EN.GHG.CO2.IP.MT.CE.AR5,0.2513
Cote d'Ivoire,CIV,1990,Carbon dioxide (CO2) emissions from Industrial Processes (Mt CO2e),EN.GHG.CO2.IP.MT.CE.AR5,0.2508
Cote d'Ivoire,CIV,1989,Carbon dioxide (CO2) emissions from Industrial Processes (Mt CO2e),EN.GHG.CO2.IP.MT.CE.AR5,0.3403
Cote d'Ivoire,CIV,1988,Carbon dioxide (CO2) emissions from Industrial Processes (Mt CO2e),EN.GHG.CO2.IP.MT.CE.AR5,0.342
Cote d'Ivoire,CIV,1987,Carbon dioxide (CO2) emissions from Industrial Processes (Mt CO2e),EN.GHG.CO2.IP.MT.CE.AR5,0.3227
Cote d'Ivoire,CIV,1986,Carbon dioxide (CO2) emissions from Industrial Processes (Mt CO2e),EN.GHG.CO2.IP.MT.CE.AR5,0.3775
Cote d'Ivoire,CIV,1985,Carbon dioxide (CO2) emissions from Industrial Processes (Mt CO2e),EN.GHG.CO2.IP.MT.CE.AR5,0.2613
Cote d'Ivoire,CIV,1984,Carbon dioxide (CO2) emissions from Industrial Processes (Mt CO2e),EN.GHG.CO2.IP.MT.CE.AR5,0.2699
Cote d'Ivoire,CIV,1983,Carbon dioxide (CO2) emissions from Industrial Processes (Mt CO2e),EN.GHG.CO2.IP.MT.CE.AR5,0.3087
Cote d'Ivoire,CIV,1982,Carbon dioxide (CO2) emissions from Industrial Processes (Mt CO2e),EN.GHG.CO2.IP.MT.CE.AR5,0.4708
Cote d'Ivoire,CIV,1981,Carbon dioxide (CO2) emissions from Industrial Processes (Mt CO2e),EN.GHG.CO2.IP.MT.CE.AR5,0.6254
Cote d'Ivoire,CIV,1980,Carbon dioxide (CO2) emissions from Industrial Processes (Mt CO2e),EN.GHG.CO2.IP.MT.CE.AR5,0.5558
Cote d'Ivoire,CIV,1979,Carbon dioxide (CO2) emissions from Industrial Processes (Mt CO2e),EN.GHG.CO2.IP.MT.CE.AR5,0.4978
Cote d'Ivoire,CIV,1978,Carbon dioxide (CO2) emissions from Industrial Processes (Mt CO2e),EN.GHG.CO2.IP.MT.CE.AR5,0.4691
Cote d'Ivoire,CIV,1977,Carbon dioxide (CO2) emissions from Industrial Processes (Mt CO2e),EN.GHG.CO2.IP.MT.CE.AR5,0.4291
Cote d'Ivoire,CIV,1976,Carbon dioxide (CO2) emissions from Industrial Processes (Mt CO2e),EN.GHG.CO2.IP.MT.CE.AR5,0.3972
Cote d'Ivoire,CIV,1975,Carbon dioxide (CO2) emissions from Industrial Processes (Mt CO2e),EN.GHG.CO2.IP.MT.CE.AR5,0.3569
Cote d'Ivoire,CIV,1974,Carbon dioxide (CO2) emissions from Industrial Processes (Mt CO2e),EN.GHG.CO2.IP.MT.CE.AR5,0.3167
Cote d'Ivoire,CIV,1973,Carbon dioxide (CO2) emissions from Industrial Processes (Mt CO2e),EN.GHG.CO2.IP.MT.CE.AR5,0.3345
Cote d'Ivoire,CIV,1972,Carbon dioxide (CO2) emissions from Industrial Processes (Mt CO2e),EN.GHG.CO2.IP.MT.CE.AR5,0.3072
Cote d'Ivoire,CIV,1971,Carbon dioxide (CO2) emissions from Industrial Processes (Mt CO2e),EN.GHG.CO2.IP.MT.CE.AR5,0.2611
Cote d'Ivoire,CIV,1970,Carbon dioxide (CO2) emissions from Industrial Processes (Mt CO2e),EN.GHG.CO2.IP.MT.CE.AR5,0.2093
Cote d'Ivoire,CIV,2022,Carbon dioxide (CO2) net fluxes from LULUCF - Deforestation (Mt CO2e),EN.GHG.CO2.LU.DF.MT.CE.AR5,67.244131
Cote d'Ivoire,CIV,2021,Carbon dioxide (CO2) net fluxes from LULUCF - Deforestation (Mt CO2e),EN.GHG.CO2.LU.DF.MT.CE.AR5,67.244131
Cote d'Ivoire,CIV,2020,Carbon dioxide (CO2) net fluxes from LULUCF - Deforestation (Mt CO2e),EN.GHG.CO2.LU.DF.MT.CE.AR5,67.244131
Cote d'Ivoire,CIV,2019,Carbon dioxide (CO2) net fluxes from LULUCF - Deforestation (Mt CO2e),EN.GHG.CO2.LU.DF.MT.CE.AR5,66.242272
Cote d'Ivoire,CIV,2018,Carbon dioxide (CO2) net fluxes from LULUCF - Deforestation (Mt CO2e),EN.GHG.CO2.LU.DF.MT.CE.AR5,62.16537
Cote d'Ivoire,CIV,2017,Carbon dioxide (CO2) net fluxes from LULUCF - Deforestation (Mt CO2e),EN.GHG.CO2.LU.DF.MT.CE.AR5,59.861108
Cote d'Ivoire,CIV,2016,Carbon dioxide (CO2) net fluxes from LULUCF - Deforestation (Mt CO2e),EN.GHG.CO2.LU.DF.MT.CE.AR5,58.153876
Cote d'Ivoire,CIV,2015,Carbon dioxide (CO2) net fluxes from LULUCF - Deforestation (Mt CO2e),EN.GHG.CO2.LU.DF.MT.CE.AR5,54.271288
Cote d'Ivoire,CIV,2014,Carbon dioxide (CO2) net fluxes from LULUCF - Deforestation (Mt CO2e),EN.GHG.CO2.LU.DF.MT.CE.AR5,54.688299
Cote d'Ivoire,CIV,2013,Carbon dioxide (CO2) net fluxes from LULUCF - Deforestation (Mt CO2e),EN.GHG.CO2.LU.DF.MT.CE.AR5,54.07017
Cote d'Ivoire,CIV,2012,Carbon dioxide (CO2) net fluxes from LULUCF - Deforestation (Mt CO2e),EN.GHG.CO2.LU.DF.MT.CE.AR5,55.542483
Cote d'Ivoire,CIV,2011,Carbon dioxide (CO2) net fluxes from LULUCF - Deforestation (Mt CO2e),EN.GHG.CO2.LU.DF.MT.CE.AR5,53.963187
Cote d'Ivoire,CIV,2010,Carbon dioxide (CO2) net fluxes from LULUCF - Deforestation (Mt CO2e),EN.GHG.CO2.LU.DF.MT.CE.AR5,55.143254
Cote d'Ivoire,CIV,2009,Carbon dioxide (CO2) net fluxes from LULUCF - Deforestation (Mt CO2e),EN.GHG.CO2.LU.DF.MT.CE.AR5,55.562416
Cote d'Ivoire,CIV,2008,Carbon dioxide (CO2) net fluxes from LULUCF - Deforestation (Mt CO2e),EN.GHG.CO2.LU.DF.MT.CE.AR5,55.282319
Cote d'Ivoire,CIV,2007,Carbon dioxide (CO2) net fluxes from LULUCF - Deforestation (Mt CO2e),EN.GHG.CO2.LU.DF.MT.CE.AR5,54.928734
Cote d'Ivoire,CIV,2006,Carbon dioxide (CO2) net fluxes from LULUCF - Deforestation (Mt CO2e),EN.GHG.CO2.LU.DF.MT.CE.AR5,56.569196
Cote d'Ivoire,CIV,2005,Carbon dioxide (CO2) net fluxes from LULUCF - Deforestation (Mt CO2e),EN.GHG.CO2.LU.DF.MT.CE.AR5,56.980398
Cote d'Ivoire,CIV,2004,Carbon dioxide (CO2) net fluxes from LULUCF - Deforestation (Mt CO2e),EN.GHG.CO2.LU.DF.MT.CE.AR5,56.944752
Cote d'Ivoire,CIV,2003,Carbon dioxide (CO2) net fluxes from LULUCF - Deforestation (Mt CO2e),EN.GHG.CO2.LU.DF.MT.CE.AR5,54.523945
Cote d'Ivoire,CIV,2002,Carbon dioxide (CO2) net fluxes from LULUCF - Deforestation (Mt CO2e),EN.GHG.CO2.LU.DF.MT.CE.AR5,54.461071
Cote d'Ivoire,CIV,2001,Carbon dioxide (CO2) net fluxes from LULUCF - Deforestation (Mt CO2e),EN.GHG.CO2.LU.DF.MT.CE.AR5,55.629082
Cote d'Ivoire,CIV,2000,Carbon dioxide (CO2) net fluxes from LULUCF - Deforestation (Mt CO2e),EN.GHG.CO2.LU.DF.MT.CE.AR5,61.231535
Cote d'Ivoire,CIV,2022,Carbon dioxide (CO2) net fluxes from LULUCF - Forest Land (Mt CO2e),EN.GHG.CO2.LU.FL.MT.CE.AR5,-16.762926
Cote d'Ivoire,CIV,2021,Carbon dioxide (CO2) net fluxes from LULUCF - Forest Land (Mt CO2e),EN.GHG.CO2.LU.FL.MT.CE.AR5,-16.762926
Cote d'Ivoire,CIV,2020,Carbon dioxide (CO2) net fluxes from LULUCF - Forest Land (Mt CO2e),EN.GHG.CO2.LU.FL.MT.CE.AR5,-16.762926
Cote d'Ivoire,CIV,2019,Carbon dioxide (CO2) net fluxes from LULUCF - Forest Land (Mt CO2e),EN.GHG.CO2.LU.FL.MT.CE.AR5,-17.934126
Cote d'Ivoire,CIV,2018,Carbon dioxide (CO2) net fluxes from LULUCF - Forest Land (Mt CO2e),EN.GHG.CO2.LU.FL.MT.CE.AR5,-19.104553
Cote d'Ivoire,CIV,2017,Carbon dioxide (CO2) net fluxes from LULUCF - Forest Land (Mt CO2e),EN.GHG.CO2.LU.FL.MT.CE.AR5,-20.27568
Cote d'Ivoire,CIV,2016,Carbon dioxide (CO2) net fluxes from LULUCF - Forest Land (Mt CO2e),EN.GHG.CO2.LU.FL.MT.CE.AR5,-21.44687
Cote d'Ivoire,CIV,2015,Carbon dioxide (CO2) net fluxes from LULUCF - Forest Land (Mt CO2e),EN.GHG.CO2.LU.FL.MT.CE.AR5,-22.617284
Cote d'Ivoire,CIV,2014,Carbon dioxide (CO2) net fluxes from LULUCF - Forest Land (Mt CO2e),EN.GHG.CO2.LU.FL.MT.CE.AR5,-23.630518
Cote d'Ivoire,CIV,2013,Carbon dioxide (CO2) net fluxes from LULUCF - Forest Land (Mt CO2e),EN.GHG.CO2.LU.FL.MT.CE.AR5,-25.622629
Cote d'Ivoire,CIV,2012,Carbon dioxide (CO2) net fluxes from LULUCF - Forest Land (Mt CO2e),EN.GHG.CO2.LU.FL.MT.CE.AR5,-25.726544
Cote d'Ivoire,CIV,2011,Carbon dioxide (CO2) net fluxes from LULUCF - Forest Land (Mt CO2e),EN.GHG.CO2.LU.FL.MT.CE.AR5,-28.119367
Cote d'Ivoire,CIV,2010,Carbon dioxide (CO2) net fluxes from LULUCF - Forest Land (Mt CO2e),EN.GHG.CO2.LU.FL.MT.CE.AR5,-29.283418
Cote d'Ivoire,CIV,2009,Carbon dioxide (CO2) net fluxes from LULUCF - Forest Land (Mt CO2e),EN.GHG.CO2.LU.FL.MT.CE.AR5,-32.313301
Cote d'Ivoire,CIV,2008,Carbon dioxide (CO2) net fluxes from LULUCF - Forest Land (Mt CO2e),EN.GHG.CO2.LU.FL.MT.CE.AR5,-32.896524
Cote d'Ivoire,CIV,2007,Carbon dioxide (CO2) net fluxes from LULUCF - Forest Land (Mt CO2e),EN.GHG.CO2.LU.FL.MT.CE.AR5,-31.230325
Cote d'Ivoire,CIV,2006,Carbon dioxide (CO2) net fluxes from LULUCF - Forest Land (Mt CO2e),EN.GHG.CO2.LU.FL.MT.CE.AR5,-35.323426
Cote d'Ivoire,CIV,2005,Carbon dioxide (CO2) net fluxes from LULUCF - Forest Land (Mt CO2e),EN.GHG.CO2.LU.FL.MT.CE.AR5,-36.25832
Cote d'Ivoire,CIV,2004,Carbon dioxide (CO2) net fluxes from LULUCF - Forest Land (Mt CO2e),EN.GHG.CO2.LU.FL.MT.CE.AR5,-36.104105
Cote d'Ivoire,CIV,2003,Carbon dioxide (CO2) net fluxes from LULUCF - Forest Land (Mt CO2e),EN.GHG.CO2.LU.FL.MT.CE.AR5,-37.614506
Cote d'Ivoire,CIV,2002,Carbon dioxide (CO2) net fluxes from LULUCF - Forest Land (Mt CO2e),EN.GHG.CO2.LU.FL.MT.CE.AR5,-37.430611
Cote d'Ivoire,CIV,2001,Carbon dioxide (CO2) net fluxes from LULUCF - Forest Land (Mt CO2e),EN.GHG.CO2.LU.FL.MT.CE.AR5,-35.815027
Cote d'Ivoire,CIV,2000,Carbon dioxide (CO2) net fluxes from LULUCF - Forest Land (Mt CO2e),EN.GHG.CO2.LU.FL.MT.CE.AR5,-35.479065
Cote d'Ivoire,CIV,2022,Carbon dioxide (CO2) net fluxes from LULUCF - Total excluding non-tropical fires (Mt CO2e),EN.GHG.CO2.LU.MT.CE.AR5,27.207307
Cote d'Ivoire,CIV,2021,Carbon dioxide (CO2) net fluxes from LULUCF - Total excluding non-tropical fires (Mt CO2e),EN.GHG.CO2.LU.MT.CE.AR5,27.207307
Cote d'Ivoire,CIV,2020,Carbon dioxide (CO2) net fluxes from LULUCF - Total excluding non-tropical fires (Mt CO2e),EN.GHG.CO2.LU.MT.CE.AR5,27.207307
Cote d'Ivoire,CIV,2019,Carbon dioxide (CO2) net fluxes from LULUCF - Total excluding non-tropical fires (Mt CO2e),EN.GHG.CO2.LU.MT.CE.AR5,28.365431
Cote d'Ivoire,CIV,2018,Carbon dioxide (CO2) net fluxes from LULUCF - Total excluding non-tropical fires (Mt CO2e),EN.GHG.CO2.LU.MT.CE.AR5,23.4129
Cote d'Ivoire,CIV,2017,Carbon dioxide (CO2) net fluxes from LULUCF - Total excluding non-tropical fires (Mt CO2e),EN.GHG.CO2.LU.MT.CE.AR5,21.126129
Cote d'Ivoire,CIV,2016,Carbon dioxide (CO2) net fluxes from LULUCF - Total excluding non-tropical fires (Mt CO2e),EN.GHG.CO2.LU.MT.CE.AR5,21.529123
Cote d'Ivoire,CIV,2015,Carbon dioxide (CO2) net fluxes from LULUCF - Total excluding non-tropical fires (Mt CO2e),EN.GHG.CO2.LU.MT.CE.AR5,20.65823
Cote d'Ivoire,CIV,2014,Carbon dioxide (CO2) net fluxes from LULUCF - Total excluding non-tropical fires (Mt CO2e),EN.GHG.CO2.LU.MT.CE.AR5,22.045503
Cote d'Ivoire,CIV,2013,Carbon dioxide (CO2) net fluxes from LULUCF - Total excluding non-tropical fires (Mt CO2e),EN.GHG.CO2.LU.MT.CE.AR5,19.592528
Cote d'Ivoire,CIV,2012,Carbon dioxide (CO2) net fluxes from LULUCF - Total excluding non-tropical fires (Mt CO2e),EN.GHG.CO2.LU.MT.CE.AR5,21.273335
Cote d'Ivoire,CIV,2011,Carbon dioxide (CO2) net fluxes from LULUCF - Total excluding non-tropical fires (Mt CO2e),EN.GHG.CO2.LU.MT.CE.AR5,17.399298
Cote d'Ivoire,CIV,2010,Carbon dioxide (CO2) net fluxes from LULUCF - Total excluding non-tropical fires (Mt CO2e),EN.GHG.CO2.LU.MT.CE.AR5,17.334688
Cote d'Ivoire,CIV,2009,Carbon dioxide (CO2) net fluxes from LULUCF - Total excluding non-tropical fires (Mt CO2e),EN.GHG.CO2.LU.MT.CE.AR5,15.79754
Cote d'Ivoire,CIV,2008,Carbon dioxide (CO2) net fluxes from LULUCF - Total excluding non-tropical fires (Mt CO2e),EN.GHG.CO2.LU.MT.CE.AR5,16.297232
Cote d'Ivoire,CIV,2007,Carbon dioxide (CO2) net fluxes from LULUCF - Total excluding non-tropical fires (Mt CO2e),EN.GHG.CO2.LU.MT.CE.AR5,15.091858
Cote d'Ivoire,CIV,2006,Carbon dioxide (CO2) net fluxes from LULUCF - Total excluding non-tropical fires (Mt CO2e),EN.GHG.CO2.LU.MT.CE.AR5,14.080141
Cote d'Ivoire,CIV,2005,Carbon dioxide (CO2) net fluxes from LULUCF - Total excluding non-tropical fires (Mt CO2e),EN.GHG.CO2.LU.MT.CE.AR5,11.502656
Cote d'Ivoire,CIV,2004,Carbon dioxide (CO2) net fluxes from LULUCF - Total excluding non-tropical fires (Mt CO2e),EN.GHG.CO2.LU.MT.CE.AR5,13.69744
Cote d'Ivoire,CIV,2003,Carbon dioxide (CO2) net fluxes from LULUCF - Total excluding non-tropical fires (Mt CO2e),EN.GHG.CO2.LU.MT.CE.AR5,12.598313
Cote d'Ivoire,CIV,2002,Carbon dioxide (CO2) net fluxes from LULUCF - Total excluding non-tropical fires (Mt CO2e),EN.GHG.CO2.LU.MT.CE.AR5,11.334486
Cote d'Ivoire,CIV,2001,Carbon dioxide (CO2) net fluxes from LULUCF - Total excluding non-tropical fires (Mt CO2e),EN.GHG.CO2.LU.MT.CE.AR5,14.13778
Cote d'Ivoire,CIV,2000,Carbon dioxide (CO2) net fluxes from LULUCF - Total excluding non-tropical fires (Mt CO2e),EN.GHG.CO2.LU.MT.CE.AR5,15.080484
Cote d'Ivoire,CIV,2022,Carbon dioxide (CO2) net fluxes from LULUCF - Other Land (Mt CO2e),EN.GHG.CO2.LU.OL.MT.CE.AR5,-22.38613
Cote d'Ivoire,CIV,2021,Carbon dioxide (CO2) net fluxes from LULUCF - Other Land (Mt CO2e),EN.GHG.CO2.LU.OL.MT.CE.AR5,-22.38613
Cote d'Ivoire,CIV,2020,Carbon dioxide (CO2) net fluxes from LULUCF - Other Land (Mt CO2e),EN.GHG.CO2.LU.OL.MT.CE.AR5,-22.38613
Cote d'Ivoire,CIV,2019,Carbon dioxide (CO2) net fluxes from LULUCF - Other Land (Mt CO2e),EN.GHG.CO2.LU.OL.MT.CE.AR5,-18.951784
Cote d'Ivoire,CIV,2018,Carbon dioxide (CO2) net fluxes from LULUCF - Other Land (Mt CO2e),EN.GHG.CO2.LU.OL.MT.CE.AR5,-18.518411
Cote d'Ivoire,CIV,2017,Carbon dioxide (CO2) net fluxes from LULUCF - Other Land (Mt CO2e),EN.GHG.CO2.LU.OL.MT.CE.AR5,-17.305551
Cote d'Ivoire,CIV,2016,Carbon dioxide (CO2) net fluxes from LULUCF - Other Land (Mt CO2e),EN.GHG.CO2.LU.OL.MT.CE.AR5,-14.028252
Cote d'Ivoire,CIV,2015,Carbon dioxide (CO2) net fluxes from LULUCF - Other Land (Mt CO2e),EN.GHG.CO2.LU.OL.MT.CE.AR5,-9.871416
Cote d'Ivoire,CIV,2014,Carbon dioxide (CO2) net fluxes from LULUCF - Other Land (Mt CO2e),EN.GHG.CO2.LU.OL.MT.CE.AR5,-7.974803
Cote d'Ivoire,CIV,2013,Carbon dioxide (CO2) net fluxes from LULUCF - Other Land (Mt CO2e),EN.GHG.CO2.LU.OL.MT.CE.AR5,-8.265823
Cote d'Ivoire,CIV,2012,Carbon dioxide (CO2) net fluxes from LULUCF - Other Land (Mt CO2e),EN.GHG.CO2.LU.OL.MT.CE.AR5,-8.073642
Cote d'Ivoire,CIV,2011,Carbon dioxide (CO2) net fluxes from LULUCF - Other Land (Mt CO2e),EN.GHG.CO2.LU.OL.MT.CE.AR5,-7.868941
Cote d'Ivoire,CIV,2010,Carbon dioxide (CO2) net fluxes from LULUCF - Other Land (Mt CO2e),EN.GHG.CO2.LU.OL.MT.CE.AR5,-8.080317
Cote d'Ivoire,CIV,2009,Carbon dioxide (CO2) net fluxes from LULUCF - Other Land (Mt CO2e),EN.GHG.CO2.LU.OL.MT.CE.AR5,-6.967463
Cote d'Ivoire,CIV,2008,Carbon dioxide (CO2) net fluxes from LULUCF - Other Land (Mt CO2e),EN.GHG.CO2.LU.OL.MT.CE.AR5,-6.062195
Cote d'Ivoire,CIV,2007,Carbon dioxide (CO2) net fluxes from LULUCF - Other Land (Mt CO2e),EN.GHG.CO2.LU.OL.MT.CE.AR5,-8.570072
Cote d'Ivoire,CIV,2006,Carbon dioxide (CO2) net fluxes from LULUCF - Other Land (Mt CO2e),EN.GHG.CO2.LU.OL.MT.CE.AR5,-7.222922
Cote d'Ivoire,CIV,2005,Carbon dioxide (CO2) net fluxes from LULUCF - Other Land (Mt CO2e),EN.GHG.CO2.LU.OL.MT.CE.AR5,-9.471238
Cote d'Ivoire,CIV,2004,Carbon dioxide (CO2) net fluxes from LULUCF - Other Land (Mt CO2e),EN.GHG.CO2.LU.OL.MT.CE.AR5,-7.089739
Cote d'Ivoire,CIV,2003,Carbon dioxide (CO2) net fluxes from LULUCF - Other Land (Mt CO2e),EN.GHG.CO2.LU.OL.MT.CE.AR5,-3.995882
Cote d'Ivoire,CIV,2002,Carbon dioxide (CO2) net fluxes from LULUCF - Other Land (Mt CO2e),EN.GHG.CO2.LU.OL.MT.CE.AR5,-5.391605
Cote d'Ivoire,CIV,2001,Carbon dioxide (CO2) net fluxes from LULUCF - Other Land (Mt CO2e),EN.GHG.CO2.LU.OL.MT.CE.AR5,-5.924095
Cote d'Ivoire,CIV,2000,Carbon dioxide (CO2) net fluxes from LULUCF - Other Land (Mt CO2e),EN.GHG.CO2.LU.OL.MT.CE.AR5,-10.598211
Cote d'Ivoire,CIV,2020,Carbon dioxide (CO2) net fluxes from LULUCF - Organic Soil (Mt CO2e),EN.GHG.CO2.LU.OS.MT.CE.AR5,0
Cote d'Ivoire,CIV,2019,Carbon dioxide (CO2) net fluxes from LULUCF - Organic Soil (Mt CO2e),EN.GHG.CO2.LU.OS.MT.CE.AR5,0
Cote d'Ivoire,CIV,2018,Carbon dioxide (CO2) net fluxes from LULUCF - Organic Soil (Mt CO2e),EN.GHG.CO2.LU.OS.MT.CE.AR5,0
Cote d'Ivoire,CIV,2017,Carbon dioxide (CO2) net fluxes from LULUCF - Organic Soil (Mt CO2e),EN.GHG.CO2.LU.OS.MT.CE.AR5,0
Cote d'Ivoire,CIV,2016,Carbon dioxide (CO2) net fluxes from LULUCF - Organic Soil (Mt CO2e),EN.GHG.CO2.LU.OS.MT.CE.AR5,0
Cote d'Ivoire,CIV,2015,Carbon dioxide (CO2) net fluxes from LULUCF - Organic Soil (Mt CO2e),EN.GHG.CO2.LU.OS.MT.CE.AR5,0
Cote d'Ivoire,CIV,2014,Carbon dioxide (CO2) net fluxes from LULUCF - Organic Soil (Mt CO2e),EN.GHG.CO2.LU.OS.MT.CE.AR5,0
Cote d'Ivoire,CIV,2013,Carbon dioxide (CO2) net fluxes from LULUCF - Organic Soil (Mt CO2e),EN.GHG.CO2.LU.OS.MT.CE.AR5,0
Cote d'Ivoire,CIV,2012,Carbon dioxide (CO2) net fluxes from LULUCF - Organic Soil (Mt CO2e),EN.GHG.CO2.LU.OS.MT.CE.AR5,0
Cote d'Ivoire,CIV,2011,Carbon dioxide (CO2) net fluxes from LULUCF - Organic Soil (Mt CO2e),EN.GHG.CO2.LU.OS.MT.CE.AR5,0
Cote d'Ivoire,CIV,2010,Carbon dioxide (CO2) net fluxes from LULUCF - Organic Soil (Mt CO2e),EN.GHG.CO2.LU.OS.MT.CE.AR5,0
Cote d'Ivoire,CIV,2009,Carbon dioxide (CO2) net fluxes from LULUCF - Organic Soil (Mt CO2e),EN.GHG.CO2.LU.OS.MT.CE.AR5,0
Cote d'Ivoire,CIV,2008,Carbon dioxide (CO2) net fluxes from LULUCF - Organic Soil (Mt CO2e),EN.GHG.CO2.LU.OS.MT.CE.AR5,0
Cote d'Ivoire,CIV,2007,Carbon dioxide (CO2) net fluxes from LULUCF - Organic Soil (Mt CO2e),EN.GHG.CO2.LU.OS.MT.CE.AR5,0
Cote d'Ivoire,CIV,2006,Carbon dioxide (CO2) net fluxes from LULUCF - Organic Soil (Mt CO2e),EN.GHG.CO2.LU.OS.MT.CE.AR5,0
Cote d'Ivoire,CIV,2005,Carbon dioxide (CO2) net fluxes from LULUCF - Organic Soil (Mt CO2e),EN.GHG.CO2.LU.OS.MT.CE.AR5,0
Cote d'Ivoire,CIV,2004,Carbon dioxide (CO2) net fluxes from LULUCF - Organic Soil (Mt CO2e),EN.GHG.CO2.LU.OS.MT.CE.AR5,0
Cote d'Ivoire,CIV,2003,Carbon dioxide (CO2) net fluxes from LULUCF - Organic Soil (Mt CO2e),EN.GHG.CO2.LU.OS.MT.CE.AR5,0
Cote d'Ivoire,CIV,2002,Carbon dioxide (CO2) net fluxes from LULUCF - Organic Soil (Mt CO2e),EN.GHG.CO2.LU.OS.MT.CE.AR5,0
Cote d'Ivoire,CIV,2001,Carbon dioxide (CO2) net fluxes from LULUCF - Organic Soil (Mt CO2e),EN.GHG.CO2.LU.OS.MT.CE.AR5,0
Cote d'Ivoire,CIV,2000,Carbon dioxide (CO2) net fluxes from LULUCF - Organic Soil (Mt CO2e),EN.GHG.CO2.LU.OS.MT.CE.AR5,0
Cote d'Ivoire,CIV,2023,Carbon dioxide (CO2) emissions (total) excluding LULUCF (Mt CO2e),EN.GHG.CO2.MT.CE.AR5,14.4125
Cote d'Ivoire,CIV,2022,Carbon dioxide (CO2) emissions (total) excluding LULUCF (Mt CO2e),EN.GHG.CO2.MT.CE.AR5,14.7633
Cote d'Ivoire,CIV,2021,Carbon dioxide (CO2) emissions (total) excluding LULUCF (Mt CO2e),EN.GHG.CO2.MT.CE.AR5,14.5134
Cote d'Ivoire,CIV,2020,Carbon dioxide (CO2) emissions (total) excluding LULUCF (Mt CO2e),EN.GHG.CO2.MT.CE.AR5,13.0806
Cote d'Ivoire,CIV,2019,Carbon dioxide (CO2) emissions (total) excluding LULUCF (Mt CO2e),EN.GHG.CO2.MT.CE.AR5,13.1903
Cote d'Ivoire,CIV,2018,Carbon dioxide (CO2) emissions (total) excluding LULUCF (Mt CO2e),EN.GHG.CO2.MT.CE.AR5,12.3429
Cote d'Ivoire,CIV,2017,Carbon dioxide (CO2) emissions (total) excluding LULUCF (Mt CO2e),EN.GHG.CO2.MT.CE.AR5,12.3298
Cote d'Ivoire,CIV,2016,Carbon dioxide (CO2) emissions (total) excluding LULUCF (Mt CO2e),EN.GHG.CO2.MT.CE.AR5,11.4035
Cote d'Ivoire,CIV,2015,Carbon dioxide (CO2) emissions (total) excluding LULUCF (Mt CO2e),EN.GHG.CO2.MT.CE.AR5,11.265
Cote d'Ivoire,CIV,2014,Carbon dioxide (CO2) emissions (total) excluding LULUCF (Mt CO2e),EN.GHG.CO2.MT.CE.AR5,10.4591
Cote d'Ivoire,CIV,2013,Carbon dioxide (CO2) emissions (total) excluding LULUCF (Mt CO2e),EN.GHG.CO2.MT.CE.AR5,9.801
Cote d'Ivoire,CIV,2012,Carbon dioxide (CO2) emissions (total) excluding LULUCF (Mt CO2e),EN.GHG.CO2.MT.CE.AR5,9.0201
Cote d'Ivoire,CIV,2011,Carbon dioxide (CO2) emissions (total) excluding LULUCF (Mt CO2e),EN.GHG.CO2.MT.CE.AR5,7.0784
Cote d'Ivoire,CIV,2010,Carbon dioxide (CO2) emissions (total) excluding LULUCF (Mt CO2e),EN.GHG.CO2.MT.CE.AR5,7.3148
Cote d'Ivoire,CIV,2009,Carbon dioxide (CO2) emissions (total) excluding LULUCF (Mt CO2e),EN.GHG.CO2.MT.CE.AR5,6.4112
Cote d'Ivoire,CIV,2008,Carbon dioxide (CO2) emissions (total) excluding LULUCF (Mt CO2e),EN.GHG.CO2.MT.CE.AR5,6.9184
Cote d'Ivoire,CIV,2007,Carbon dioxide (CO2) emissions (total) excluding LULUCF (Mt CO2e),EN.GHG.CO2.MT.CE.AR5,6.2348
Cote d'Ivoire,CIV,2006,Carbon dioxide (CO2) emissions (total) excluding LULUCF (Mt CO2e),EN.GHG.CO2.MT.CE.AR5,6.2786
Cote d'Ivoire,CIV,2005,Carbon dioxide (CO2) emissions (total) excluding LULUCF (Mt CO2e),EN.GHG.CO2.MT.CE.AR5,6.3955
Cote d'Ivoire,CIV,2004,Carbon dioxide (CO2) emissions (total) excluding LULUCF (Mt CO2e),EN.GHG.CO2.MT.CE.AR5,5.9957
Cote d'Ivoire,CIV,2003,Carbon dioxide (CO2) emissions (total) excluding LULUCF (Mt CO2e),EN.GHG.CO2.MT.CE.AR5,5.8143
Cote d'Ivoire,CIV,2002,Carbon dioxide (CO2) emissions (total) excluding LULUCF (Mt CO2e),EN.GHG.CO2.MT.CE.AR5,7.3873
Cote d'Ivoire,CIV,2001,Carbon dioxide (CO2) emissions (total) excluding LULUCF (Mt CO2e),EN.GHG.CO2.MT.CE.AR5,6.9869
Cote d'Ivoire,CIV,2000,Carbon dioxide (CO2) emissions (total) excluding LULUCF (Mt CO2e),EN.GHG.CO2.MT.CE.AR5,6.9671
Cote d'Ivoire,CIV,1999,Carbon dioxide (CO2) emissions (total) excluding LULUCF (Mt CO2e),EN.GHG.CO2.MT.CE.AR5,7.2971
Cote d'Ivoire,CIV,1998,Carbon dioxide (CO2) emissions (total) excluding LULUCF (Mt CO2e),EN.GHG.CO2.MT.CE.AR5,5.4646
Cote d'Ivoire,CIV,1997,Carbon dioxide (CO2) emissions (total) excluding LULUCF (Mt CO2e),EN.GHG.CO2.MT.CE.AR5,5.6389
Cote d'Ivoire,CIV,1996,Carbon dioxide (CO2) emissions (total) excluding LULUCF (Mt CO2e),EN.GHG.CO2.MT.CE.AR5,4.632
Cote d'Ivoire,CIV,1995,Carbon dioxide (CO2) emissions (total) excluding LULUCF (Mt CO2e),EN.GHG.CO2.MT.CE.AR5,3.7028
Cote d'Ivoire,CIV,1994,Carbon dioxide (CO2) emissions (total) excluding LULUCF (Mt CO2e),EN.GHG.CO2.MT.CE.AR5,3.3845
Cote d'Ivoire,CIV,1993,Carbon dioxide (CO2) emissions (total) excluding LULUCF (Mt CO2e),EN.GHG.CO2.MT.CE.AR5,3.2383
Cote d'Ivoire,CIV,1992,Carbon dioxide (CO2) emissions (total) excluding LULUCF (Mt CO2e),EN.GHG.CO2.MT.CE.AR5,3.052
Cote d'Ivoire,CIV,1991,Carbon dioxide (CO2) emissions (total) excluding LULUCF (Mt CO2e),EN.GHG.CO2.MT.CE.AR5,3.0648
Cote d'Ivoire,CIV,1990,Carbon dioxide (CO2) emissions (total) excluding LULUCF (Mt CO2e),EN.GHG.CO2.MT.CE.AR5,2.9721
Cote d'Ivoire,CIV,1989,Carbon dioxide (CO2) emissions (total) excluding LULUCF (Mt CO2e),EN.GHG.CO2.MT.CE.AR5,3.2791
Cote d'Ivoire,CIV,1988,Carbon dioxide (CO2) emissions (total) excluding LULUCF (Mt CO2e),EN.GHG.CO2.MT.CE.AR5,3.4132
Cote d'Ivoire,CIV,1987,Carbon dioxide (CO2) emissions (total) excluding LULUCF (Mt CO2e),EN.GHG.CO2.MT.CE.AR5,3.3755
Cote d'Ivoire,CIV,1986,Carbon dioxide (CO2) emissions (total) excluding LULUCF (Mt CO2e),EN.GHG.CO2.MT.CE.AR5,3.4591
Cote d'Ivoire,CIV,1985,Carbon dioxide (CO2) emissions (total) excluding LULUCF (Mt CO2e),EN.GHG.CO2.MT.CE.AR5,3.3124
Cote d'Ivoire,CIV,1984,Carbon dioxide (CO2) emissions (total) excluding LULUCF (Mt CO2e),EN.GHG.CO2.MT.CE.AR5,3.6146
Cote d'Ivoire,CIV,1983,Carbon dioxide (CO2) emissions (total) excluding LULUCF (Mt CO2e),EN.GHG.CO2.MT.CE.AR5,4.0555
Cote d'Ivoire,CIV,1982,Carbon dioxide (CO2) emissions (total) excluding LULUCF (Mt CO2e),EN.GHG.CO2.MT.CE.AR5,3.4455
Cote d'Ivoire,CIV,1981,Carbon dioxide (CO2) emissions (total) excluding LULUCF (Mt CO2e),EN.GHG.CO2.MT.CE.AR5,3.6246
Cote d'Ivoire,CIV,1980,Carbon dioxide (CO2) emissions (total) excluding LULUCF (Mt CO2e),EN.GHG.CO2.MT.CE.AR5,3.9601
Cote d'Ivoire,CIV,1979,Carbon dioxide (CO2) emissions (total) excluding LULUCF (Mt CO2e),EN.GHG.CO2.MT.CE.AR5,4.1629
Cote d'Ivoire,CIV,1978,Carbon dioxide (CO2) emissions (total) excluding LULUCF (Mt CO2e),EN.GHG.CO2.MT.CE.AR5,4.4631
Cote d'Ivoire,CIV,1977,Carbon dioxide (CO2) emissions (total) excluding LULUCF (Mt CO2e),EN.GHG.CO2.MT.CE.AR5,3.857
Cote d'Ivoire,CIV,1976,Carbon dioxide (CO2) emissions (total) excluding LULUCF (Mt CO2e),EN.GHG.CO2.MT.CE.AR5,3.8886
Cote d'Ivoire,CIV,1975,Carbon dioxide (CO2) emissions (total) excluding LULUCF (Mt CO2e),EN.GHG.CO2.MT.CE.AR5,3.4029
Cote d'Ivoire,CIV,1974,Carbon dioxide (CO2) emissions (total) excluding LULUCF (Mt CO2e),EN.GHG.CO2.MT.CE.AR5,3.1332
Cote d'Ivoire,CIV,1973,Carbon dioxide (CO2) emissions (total) excluding LULUCF (Mt CO2e),EN.GHG.CO2.MT.CE.AR5,3.0499
Cote d'Ivoire,CIV,1972,Carbon dioxide (CO2) emissions (total) excluding LULUCF (Mt CO2e),EN.GHG.CO2.MT.CE.AR5,2.9648
Cote d'Ivoire,CIV,1971,Carbon dioxide (CO2) emissions (total) excluding LULUCF (Mt CO2e),EN.GHG.CO2.MT.CE.AR5,2.6676
Cote d'Ivoire,CIV,1970,Carbon dioxide (CO2) emissions (total) excluding LULUCF (Mt CO2e),EN.GHG.CO2.MT.CE.AR5,2.6158
Cote d'Ivoire,CIV,2023,Carbon dioxide (CO2) emissions excluding LULUCF per capita (t CO2e/capita),EN.GHG.CO2.PC.CE.AR5,0.462448180936617
Cote d'Ivoire,CIV,2022,Carbon dioxide (CO2) emissions excluding LULUCF per capita (t CO2e/capita),EN.GHG.CO2.PC.CE.AR5,0.485714723756228
Cote d'Ivoire,CIV,2021,Carbon dioxide (CO2) emissions excluding LULUCF per capita (t CO2e/capita),EN.GHG.CO2.PC.CE.AR5,0.489660231791538
Cote d'Ivoire,CIV,2020,Carbon dioxide (CO2) emissions excluding LULUCF per capita (t CO2e/capita),EN.GHG.CO2.PC.CE.AR5,0.452374092479076
Cote d'Ivoire,CIV,2019,Carbon dioxide (CO2) emissions excluding LULUCF per capita (t CO2e/capita),EN.GHG.CO2.PC.CE.AR5,0.467857120181815
Cote d'Ivoire,CIV,2018,Carbon dioxide (CO2) emissions excluding LULUCF per capita (t CO2e/capita),EN.GHG.CO2.PC.CE.AR5,0.449418229341914
Cote d'Ivoire,CIV,2017,Carbon dioxide (CO2) emissions excluding LULUCF per capita (t CO2e/capita),EN.GHG.CO2.PC.CE.AR5,0.461213796748124
Cote d'Ivoire,CIV,2016,Carbon dioxide (CO2) emissions excluding LULUCF per capita (t CO2e/capita),EN.GHG.CO2.PC.CE.AR5,0.43877495464017
Cote d'Ivoire,CIV,2015,Carbon dioxide (CO2) emissions excluding LULUCF per capita (t CO2e/capita),EN.GHG.CO2.PC.CE.AR5,0.44620325590139
Cote d'Ivoire,CIV,2014,Carbon dioxide (CO2) emissions excluding LULUCF per capita (t CO2e/capita),EN.GHG.CO2.PC.CE.AR5,0.426425227791211
Cote d'Ivoire,CIV,2013,Carbon dioxide (CO2) emissions excluding LULUCF per capita (t CO2e/capita),EN.GHG.CO2.PC.CE.AR5,0.409402344006993
Cote d'Ivoire,CIV,2012,Carbon dioxide (CO2) emissions excluding LULUCF per capita (t CO2e/capita),EN.GHG.CO2.PC.CE.AR5,0.384372523924794
Cote d'Ivoire,CIV,2011,Carbon dioxide (CO2) emissions excluding LULUCF per capita (t CO2e/capita),EN.GHG.CO2.PC.CE.AR5,0.307997563310417
Cote d'Ivoire,CIV,2010,Carbon dioxide (CO2) emissions excluding LULUCF per capita (t CO2e/capita),EN.GHG.CO2.PC.CE.AR5,0.325274762412862
Cote d'Ivoire,CIV,2009,Carbon dioxide (CO2) emissions excluding LULUCF per capita (t CO2e/capita),EN.GHG.CO2.PC.CE.AR5,0.291445471712351
Cote d'Ivoire,CIV,2008,Carbon dioxide (CO2) emissions excluding LULUCF per capita (t CO2e/capita),EN.GHG.CO2.PC.CE.AR5,0.321570086024553
Cote d'Ivoire,CIV,2007,Carbon dioxide (CO2) emissions excluding LULUCF per capita (t CO2e/capita),EN.GHG.CO2.PC.CE.AR5,0.296463840854817
Cote d'Ivoire,CIV,2006,Carbon dioxide (CO2) emissions excluding LULUCF per capita (t CO2e/capita),EN.GHG.CO2.PC.CE.AR5,0.305575534333762
Cote d'Ivoire,CIV,2005,Carbon dioxide (CO2) emissions excluding LULUCF per capita (t CO2e/capita),EN.GHG.CO2.PC.CE.AR5,0.318684175934195
Cote d'Ivoire,CIV,2004,Carbon dioxide (CO2) emissions excluding LULUCF per capita (t CO2e/capita),EN.GHG.CO2.PC.CE.AR5,0.305981117632049
Cote d'Ivoire,CIV,2003,Carbon dioxide (CO2) emissions excluding LULUCF per capita (t CO2e/capita),EN.GHG.CO2.PC.CE.AR5,0.304007070753864
Cote d'Ivoire,CIV,2002,Carbon dioxide (CO2) emissions excluding LULUCF per capita (t CO2e/capita),EN.GHG.CO2.PC.CE.AR5,0.39600057272212
Cote d'Ivoire,CIV,2001,Carbon dioxide (CO2) emissions excluding LULUCF per capita (t CO2e/capita),EN.GHG.CO2.PC.CE.AR5,0.38434091191261
Cote d'Ivoire,CIV,2000,Carbon dioxide (CO2) emissions excluding LULUCF per capita (t CO2e/capita),EN.GHG.CO2.PC.CE.AR5,0.39364361972007
Cote d'Ivoire,CIV,1999,Carbon dioxide (CO2) emissions excluding LULUCF per capita (t CO2e/capita),EN.GHG.CO2.PC.CE.AR5,0.423857315911102
Cote d'Ivoire,CIV,1998,Carbon dioxide (CO2) emissions excluding LULUCF per capita (t CO2e/capita),EN.GHG.CO2.PC.CE.AR5,0.327929491858712
Cote d'Ivoire,CIV,1997,Carbon dioxide (CO2) emissions excluding LULUCF per capita (t CO2e/capita),EN.GHG.CO2.PC.CE.AR5,0.351395292752554
Cote d'Ivoire,CIV,1996,Carbon dioxide (CO2) emissions excluding LULUCF per capita (t CO2e/capita),EN.GHG.CO2.PC.CE.AR5,0.299955084445904
Cote d'Ivoire,CIV,1995,Carbon dioxide (CO2) emissions excluding LULUCF per capita (t CO2e/capita),EN.GHG.CO2.PC.CE.AR5,0.249253394266728
Cote d'Ivoire,CIV,1994,Carbon dioxide (CO2) emissions excluding LULUCF per capita (t CO2e/capita),EN.GHG.CO2.PC.CE.AR5,0.236890346821606
Cote d'Ivoire,CIV,1993,Carbon dioxide (CO2) emissions excluding LULUCF per capita (t CO2e/capita),EN.GHG.CO2.PC.CE.AR5,0.235753607449532
Cote d'Ivoire,CIV,1992,Carbon dioxide (CO2) emissions excluding LULUCF per capita (t CO2e/capita),EN.GHG.CO2.PC.CE.AR5,0.231206691358006
Cote d'Ivoire,CIV,1991,Carbon dioxide (CO2) emissions excluding LULUCF per capita (t CO2e/capita),EN.GHG.CO2.PC.CE.AR5,0.241629723420376
Cote d'Ivoire,CIV,1990,Carbon dioxide (CO2) emissions excluding LULUCF per capita (t CO2e/capita),EN.GHG.CO2.PC.CE.AR5,0.243819042479691
Cote d'Ivoire,CIV,1989,Carbon dioxide (CO2) emissions excluding LULUCF per capita (t CO2e/capita),EN.GHG.CO2.PC.CE.AR5,0.279792156348447
Cote d'Ivoire,CIV,1988,Carbon dioxide (CO2) emissions excluding LULUCF per capita (t CO2e/capita),EN.GHG.CO2.PC.CE.AR5,0.302717763755446
Cote d'Ivoire,CIV,1987,Carbon dioxide (CO2) emissions excluding LULUCF per capita (t CO2e/capita),EN.GHG.CO2.PC.CE.AR5,0.311063703321438
Cote d'Ivoire,CIV,1986,Carbon dioxide (CO2) emissions excluding LULUCF per capita (t CO2e/capita),EN.GHG.CO2.PC.CE.AR5,0.331302317602946
Cote d'Ivoire,CIV,1985,Carbon dioxide (CO2) emissions excluding LULUCF per capita (t CO2e/capita),EN.GHG.CO2.PC.CE.AR5,0.329904447823875
Cote d'Ivoire,CIV,1984,Carbon dioxide (CO2) emissions excluding LULUCF per capita (t CO2e/capita),EN.GHG.CO2.PC.CE.AR5,0.374549920439487
Cote d'Ivoire,CIV,1983,Carbon dioxide (CO2) emissions excluding LULUCF per capita (t CO2e/capita),EN.GHG.CO2.PC.CE.AR5,0.437357054179432
Cote d'Ivoire,CIV,1982,Carbon dioxide (CO2) emissions excluding LULUCF per capita (t CO2e/capita),EN.GHG.CO2.PC.CE.AR5,0.386789936524016
Cote d'Ivoire,CIV,1981,Carbon dioxide (CO2) emissions excluding LULUCF per capita (t CO2e/capita),EN.GHG.CO2.PC.CE.AR5,0.423603030924915
Cote d'Ivoire,CIV,1980,Carbon dioxide (CO2) emissions excluding LULUCF per capita (t CO2e/capita),EN.GHG.CO2.PC.CE.AR5,0.48172214724901
Cote d'Ivoire,CIV,1979,Carbon dioxide (CO2) emissions excluding LULUCF per capita (t CO2e/capita),EN.GHG.CO2.PC.CE.AR5,0.526798196011347
Cote d'Ivoire,CIV,1978,Carbon dioxide (CO2) emissions excluding LULUCF per capita (t CO2e/capita),EN.GHG.CO2.PC.CE.AR5,0.587008245288454
Cote d'Ivoire,CIV,1977,Carbon dioxide (CO2) emissions excluding LULUCF per capita (t CO2e/capita),EN.GHG.CO2.PC.CE.AR5,0.526772239635616
Cote d'Ivoire,CIV,1976,Carbon dioxide (CO2) emissions excluding LULUCF per capita (t CO2e/capita),EN.GHG.CO2.PC.CE.AR5,0.550952555965904
Cote d'Ivoire,CIV,1975,Carbon dioxide (CO2) emissions excluding LULUCF per capita (t CO2e/capita),EN.GHG.CO2.PC.CE.AR5,0.502176926424565
Cote d'Ivoire,CIV,1974,Carbon dioxide (CO2) emissions excluding LULUCF per capita (t CO2e/capita),EN.GHG.CO2.PC.CE.AR5,0.48396237475203
Cote d'Ivoire,CIV,1973,Carbon dioxide (CO2) emissions excluding LULUCF per capita (t CO2e/capita),EN.GHG.CO2.PC.CE.AR5,0.493116833394126
Cote d'Ivoire,CIV,1972,Carbon dioxide (CO2) emissions excluding LULUCF per capita (t CO2e/capita),EN.GHG.CO2.PC.CE.AR5,0.501682314344716
Cote d'Ivoire,CIV,1971,Carbon dioxide (CO2) emissions excluding LULUCF per capita (t CO2e/capita),EN.GHG.CO2.PC.CE.AR5,0.472069069742914
Cote d'Ivoire,CIV,1970,Carbon dioxide (CO2) emissions excluding LULUCF per capita (t CO2e/capita),EN.GHG.CO2.PC.CE.AR5,0.483372006666461
Cote d'Ivoire,CIV,2023,Carbon dioxide (CO2) emissions from Power Industry (Energy) (Mt CO2e),EN.GHG.CO2.PI.MT.CE.AR5,3.548
Cote d'Ivoire,CIV,2022,Carbon dioxide (CO2) emissions from Power Industry (Energy) (Mt CO2e),EN.GHG.CO2.PI.MT.CE.AR5,3.6609
Cote d'Ivoire,CIV,2021,Carbon dioxide (CO2) emissions from Power Industry (Energy) (Mt CO2e),EN.GHG.CO2.PI.MT.CE.AR5,3.8202
Cote d'Ivoire,CIV,2020,Carbon dioxide (CO2) emissions from Power Industry (Energy) (Mt CO2e),EN.GHG.CO2.PI.MT.CE.AR5,3.5898
Cote d'Ivoire,CIV,2019,Carbon dioxide (CO2) emissions from Power Industry (Energy) (Mt CO2e),EN.GHG.CO2.PI.MT.CE.AR5,3.501
Cote d'Ivoire,CIV,2018,Carbon dioxide (CO2) emissions from Power Industry (Energy) (Mt CO2e),EN.GHG.CO2.PI.MT.CE.AR5,3.285
Cote d'Ivoire,CIV,2017,Carbon dioxide (CO2) emissions from Power Industry (Energy) (Mt CO2e),EN.GHG.CO2.PI.MT.CE.AR5,3.784
Cote d'Ivoire,CIV,2016,Carbon dioxide (CO2) emissions from Power Industry (Energy) (Mt CO2e),EN.GHG.CO2.PI.MT.CE.AR5,3.4416
Cote d'Ivoire,CIV,2015,Carbon dioxide (CO2) emissions from Power Industry (Energy) (Mt CO2e),EN.GHG.CO2.PI.MT.CE.AR5,3.7923
Cote d'Ivoire,CIV,2014,Carbon dioxide (CO2) emissions from Power Industry (Energy) (Mt CO2e),EN.GHG.CO2.PI.MT.CE.AR5,3.764
Cote d'Ivoire,CIV,2013,Carbon dioxide (CO2) emissions from Power Industry (Energy) (Mt CO2e),EN.GHG.CO2.PI.MT.CE.AR5,3.4377
Cote d'Ivoire,CIV,2012,Carbon dioxide (CO2) emissions from Power Industry (Energy) (Mt CO2e),EN.GHG.CO2.PI.MT.CE.AR5,3.4609
Cote d'Ivoire,CIV,2011,Carbon dioxide (CO2) emissions from Power Industry (Energy) (Mt CO2e),EN.GHG.CO2.PI.MT.CE.AR5,2.678
Cote d'Ivoire,CIV,2010,Carbon dioxide (CO2) emissions from Power Industry (Energy) (Mt CO2e),EN.GHG.CO2.PI.MT.CE.AR5,2.7633
Cote d'Ivoire,CIV,2009,Carbon dioxide (CO2) emissions from Power Industry (Energy) (Mt CO2e),EN.GHG.CO2.PI.MT.CE.AR5,2.3076
Cote d'Ivoire,CIV,2008,Carbon dioxide (CO2) emissions from Power Industry (Energy) (Mt CO2e),EN.GHG.CO2.PI.MT.CE.AR5,2.6171
Cote d'Ivoire,CIV,2007,Carbon dioxide (CO2) emissions from Power Industry (Energy) (Mt CO2e),EN.GHG.CO2.PI.MT.CE.AR5,2.3154
Cote d'Ivoire,CIV,2006,Carbon dioxide (CO2) emissions from Power Industry (Energy) (Mt CO2e),EN.GHG.CO2.PI.MT.CE.AR5,2.1911
Cote d'Ivoire,CIV,2005,Carbon dioxide (CO2) emissions from Power Industry (Energy) (Mt CO2e),EN.GHG.CO2.PI.MT.CE.AR5,2.6125
Cote d'Ivoire,CIV,2004,Carbon dioxide (CO2) emissions from Power Industry (Energy) (Mt CO2e),EN.GHG.CO2.PI.MT.CE.AR5,1.9743
Cote d'Ivoire,CIV,2003,Carbon dioxide (CO2) emissions from Power Industry (Energy) (Mt CO2e),EN.GHG.CO2.PI.MT.CE.AR5,1.9647
Cote d'Ivoire,CIV,2002,Carbon dioxide (CO2) emissions from Power Industry (Energy) (Mt CO2e),EN.GHG.CO2.PI.MT.CE.AR5,2.1781
Cote d'Ivoire,CIV,2001,Carbon dioxide (CO2) emissions from Power Industry (Energy) (Mt CO2e),EN.GHG.CO2.PI.MT.CE.AR5,1.9347
Cote d'Ivoire,CIV,2000,Carbon dioxide (CO2) emissions from Power Industry (Energy) (Mt CO2e),EN.GHG.CO2.PI.MT.CE.AR5,1.8311
Cote d'Ivoire,CIV,1999,Carbon dioxide (CO2) emissions from Power Industry (Energy) (Mt CO2e),EN.GHG.CO2.PI.MT.CE.AR5,2.0049
Cote d'Ivoire,CIV,1998,Carbon dioxide (CO2) emissions from Power Industry (Energy) (Mt CO2e),EN.GHG.CO2.PI.MT.CE.AR5,2.0937
Cote d'Ivoire,CIV,1997,Carbon dioxide (CO2) emissions from Power Industry (Energy) (Mt CO2e),EN.GHG.CO2.PI.MT.CE.AR5,1.7048
Cote d'Ivoire,CIV,1996,Carbon dioxide (CO2) emissions from Power Industry (Energy) (Mt CO2e),EN.GHG.CO2.PI.MT.CE.AR5,1.1159
Cote d'Ivoire,CIV,1995,Carbon dioxide (CO2) emissions from Power Industry (Energy) (Mt CO2e),EN.GHG.CO2.PI.MT.CE.AR5,0.8186
Cote d'Ivoire,CIV,1994,Carbon dioxide (CO2) emissions from Power Industry (Energy) (Mt CO2e),EN.GHG.CO2.PI.MT.CE.AR5,0.7635
Cote d'Ivoire,CIV,1993,Carbon dioxide (CO2) emissions from Power Industry (Energy) (Mt CO2e),EN.GHG.CO2.PI.MT.CE.AR5,0.6333
Cote d'Ivoire,CIV,1992,Carbon dioxide (CO2) emissions from Power Industry (Energy) (Mt CO2e),EN.GHG.CO2.PI.MT.CE.AR5,0.4597
Cote d'Ivoire,CIV,1991,Carbon dioxide (CO2) emissions from Power Industry (Energy) (Mt CO2e),EN.GHG.CO2.PI.MT.CE.AR5,0.4496
Cote d'Ivoire,CIV,1990,Carbon dioxide (CO2) emissions from Power Industry (Energy) (Mt CO2e),EN.GHG.CO2.PI.MT.CE.AR5,0.4117
Cote d'Ivoire,CIV,1989,Carbon dioxide (CO2) emissions from Power Industry (Energy) (Mt CO2e),EN.GHG.CO2.PI.MT.CE.AR5,0.487
Cote d'Ivoire,CIV,1988,Carbon dioxide (CO2) emissions from Power Industry (Energy) (Mt CO2e),EN.GHG.CO2.PI.MT.CE.AR5,0.6984
Cote d'Ivoire,CIV,1987,Carbon dioxide (CO2) emissions from Power Industry (Energy) (Mt CO2e),EN.GHG.CO2.PI.MT.CE.AR5,0.7876
Cote d'Ivoire,CIV,1986,Carbon dioxide (CO2) emissions from Power Industry (Energy) (Mt CO2e),EN.GHG.CO2.PI.MT.CE.AR5,0.7371
Cote d'Ivoire,CIV,1985,Carbon dioxide (CO2) emissions from Power Industry (Energy) (Mt CO2e),EN.GHG.CO2.PI.MT.CE.AR5,0.6935
Cote d'Ivoire,CIV,1984,Carbon dioxide (CO2) emissions from Power Industry (Energy) (Mt CO2e),EN.GHG.CO2.PI.MT.CE.AR5,1.2702
Cote d'Ivoire,CIV,1983,Carbon dioxide (CO2) emissions from Power Industry (Energy) (Mt CO2e),EN.GHG.CO2.PI.MT.CE.AR5,0.9952
Cote d'Ivoire,CIV,1982,Carbon dioxide (CO2) emissions from Power Industry (Energy) (Mt CO2e),EN.GHG.CO2.PI.MT.CE.AR5,0.2287
Cote d'Ivoire,CIV,1981,Carbon dioxide (CO2) emissions from Power Industry (Energy) (Mt CO2e),EN.GHG.CO2.PI.MT.CE.AR5,0.1507
Cote d'Ivoire,CIV,1980,Carbon dioxide (CO2) emissions from Power Industry (Energy) (Mt CO2e),EN.GHG.CO2.PI.MT.CE.AR5,0.3971
Cote d'Ivoire,CIV,1979,Carbon dioxide (CO2) emissions from Power Industry (Energy) (Mt CO2e),EN.GHG.CO2.PI.MT.CE.AR5,0.8586
Cote d'Ivoire,CIV,1978,Carbon dioxide (CO2) emissions from Power Industry (Energy) (Mt CO2e),EN.GHG.CO2.PI.MT.CE.AR5,1.2579
Cote d'Ivoire,CIV,1977,Carbon dioxide (CO2) emissions from Power Industry (Energy) (Mt CO2e),EN.GHG.CO2.PI.MT.CE.AR5,1.0298
Cote d'Ivoire,CIV,1976,Carbon dioxide (CO2) emissions from Power Industry (Energy) (Mt CO2e),EN.GHG.CO2.PI.MT.CE.AR5,0.7811
Cote d'Ivoire,CIV,1975,Carbon dioxide (CO2) emissions from Power Industry (Energy) (Mt CO2e),EN.GHG.CO2.PI.MT.CE.AR5,0.5945
Cote d'Ivoire,CIV,1974,Carbon dioxide (CO2) emissions from Power Industry (Energy) (Mt CO2e),EN.GHG.CO2.PI.MT.CE.AR5,0.5956
Cote d'Ivoire,CIV,1973,Carbon dioxide (CO2) emissions from Power Industry (Energy) (Mt CO2e),EN.GHG.CO2.PI.MT.CE.AR5,0.6607
Cote d'Ivoire,CIV,1972,Carbon dioxide (CO2) emissions from Power Industry (Energy) (Mt CO2e),EN.GHG.CO2.PI.MT.CE.AR5,0.49
Cote d'Ivoire,CIV,1971,Carbon dioxide (CO2) emissions from Power Industry (Energy) (Mt CO2e),EN.GHG.CO2.PI.MT.CE.AR5,0.4748
Cote d'Ivoire,CIV,1970,Carbon dioxide (CO2) emissions from Power Industry (Energy) (Mt CO2e),EN.GHG.CO2.PI.MT.CE.AR5,0.4748
Cote d'Ivoire,CIV,2023,Carbon intensity of GDP (kg CO2e per constant 2015 US$ of GDP),EN.GHG.CO2.RT.GDP.KD,0.200009301741623
Cote d'Ivoire,CIV,2022,Carbon intensity of GDP (kg CO2e per constant 2015 US$ of GDP),EN.GHG.CO2.RT.GDP.KD,0.218093063293889
Cote d'Ivoire,CIV,2021,Carbon intensity of GDP (kg CO2e per constant 2015 US$ of GDP),EN.GHG.CO2.RT.GDP.KD,0.228122816757907
Cote d'Ivoire,CIV,2020,Carbon intensity of GDP (kg CO2e per constant 2015 US$ of GDP),EN.GHG.CO2.RT.GDP.KD,0.220124290580105
Cote d'Ivoire,CIV,2019,Carbon intensity of GDP (kg CO2e per constant 2015 US$ of GDP),EN.GHG.CO2.RT.GDP.KD,0.223523545383729
Cote d'Ivoire,CIV,2018,Carbon intensity of GDP (kg CO2e per constant 2015 US$ of GDP),EN.GHG.CO2.RT.GDP.KD,0.223222112090502
Cote d'Ivoire,CIV,2017,Carbon intensity of GDP (kg CO2e per constant 2015 US$ of GDP),EN.GHG.CO2.RT.GDP.KD,0.233784696596046
Cote d'Ivoire,CIV,2016,Carbon intensity of GDP (kg CO2e per constant 2015 US$ of GDP),EN.GHG.CO2.RT.GDP.KD,0.232244807725647
Cote d'Ivoire,CIV,2015,Carbon intensity of GDP (kg CO2e per constant 2015 US$ of GDP),EN.GHG.CO2.RT.GDP.KD,0.245880142507484
Cote d'Ivoire,CIV,2014,Carbon intensity of GDP (kg CO2e per constant 2015 US$ of GDP),EN.GHG.CO2.RT.GDP.KD,0.24471517386339
Cote d'Ivoire,CIV,2013,Carbon intensity of GDP (kg CO2e per constant 2015 US$ of GDP),EN.GHG.CO2.RT.GDP.KD,0.25080900575438
Cote d'Ivoire,CIV,2012,Carbon intensity of GDP (kg CO2e per constant 2015 US$ of GDP),EN.GHG.CO2.RT.GDP.KD,0.255662995140896
Cote d'Ivoire,CIV,2011,Carbon intensity of GDP (kg CO2e per constant 2015 US$ of GDP),EN.GHG.CO2.RT.GDP.KD,0.215916718133939
Cote d'Ivoire,CIV,2010,Carbon intensity of GDP (kg CO2e per constant 2015 US$ of GDP),EN.GHG.CO2.RT.GDP.KD,0.211144811187036
Cote d'Ivoire,CIV,2009,Carbon intensity of GDP (kg CO2e per constant 2015 US$ of GDP),EN.GHG.CO2.RT.GDP.KD,0.197735151184538
Cote d'Ivoire,CIV,2008,Carbon intensity of GDP (kg CO2e per constant 2015 US$ of GDP),EN.GHG.CO2.RT.GDP.KD,0.221066992242732
Cote d'Ivoire,CIV,2007,Carbon intensity of GDP (kg CO2e per constant 2015 US$ of GDP),EN.GHG.CO2.RT.GDP.KD,0.208751788584806
Cote d'Ivoire,CIV,2006,Carbon intensity of GDP (kg CO2e per constant 2015 US$ of GDP),EN.GHG.CO2.RT.GDP.KD,0.212533694442687
Cote d'Ivoire,CIV,2005,Carbon intensity of GDP (kg CO2e per constant 2015 US$ of GDP),EN.GHG.CO2.RT.GDP.KD,0.222586285965917
Cote d'Ivoire,CIV,2004,Carbon intensity of GDP (kg CO2e per constant 2015 US$ of GDP),EN.GHG.CO2.RT.GDP.KD,0.210750323398082
Cote d'Ivoire,CIV,2003,Carbon intensity of GDP (kg CO2e per constant 2015 US$ of GDP),EN.GHG.CO2.RT.GDP.KD,0.210883461191951
Cote d'Ivoire,CIV,2002,Carbon intensity of GDP (kg CO2e per constant 2015 US$ of GDP),EN.GHG.CO2.RT.GDP.KD,0.25527355594901
Cote d'Ivoire,CIV,2001,Carbon intensity of GDP (kg CO2e per constant 2015 US$ of GDP),EN.GHG.CO2.RT.GDP.KD,0.234844927775513
Cote d'Ivoire,CIV,2000,Carbon intensity of GDP (kg CO2e per constant 2015 US$ of GDP),EN.GHG.CO2.RT.GDP.KD,0.229135152977405
Cote d'Ivoire,CIV,1999,Carbon intensity of GDP (kg CO2e per constant 2015 US$ of GDP),EN.GHG.CO2.RT.GDP.KD,0.239350384833977
Cote d'Ivoire,CIV,1998,Carbon intensity of GDP (kg CO2e per constant 2015 US$ of GDP),EN.GHG.CO2.RT.GDP.KD,0.181334517286476
Cote d'Ivoire,CIV,1997,Carbon intensity of GDP (kg CO2e per constant 2015 US$ of GDP),EN.GHG.CO2.RT.GDP.KD,0.195096952749798
Cote d'Ivoire,CIV,1996,Carbon intensity of GDP (kg CO2e per constant 2015 US$ of GDP),EN.GHG.CO2.RT.GDP.KD,0.175723030996883
Cote d'Ivoire,CIV,1995,Carbon intensity of GDP (kg CO2e per constant 2015 US$ of GDP),EN.GHG.CO2.RT.GDP.KD,0.151329758311828
Cote d'Ivoire,CIV,1994,Carbon intensity of GDP (kg CO2e per constant 2015 US$ of GDP),EN.GHG.CO2.RT.GDP.KD,0.148177565753536
Cote d'Ivoire,CIV,1993,Carbon intensity of GDP (kg CO2e per constant 2015 US$ of GDP),EN.GHG.CO2.RT.GDP.KD,0.142926852706278
Cote d'Ivoire,CIV,1992,Carbon intensity of GDP (kg CO2e per constant 2015 US$ of GDP),EN.GHG.CO2.RT.GDP.KD,0.134444958746564
Cote d'Ivoire,CIV,1991,Carbon intensity of GDP (kg CO2e per constant 2015 US$ of GDP),EN.GHG.CO2.RT.GDP.KD,0.134678638639613
Cote d'Ivoire,CIV,1990,Carbon intensity of GDP (kg CO2e per constant 2015 US$ of GDP),EN.GHG.CO2.RT.GDP.KD,0.130658508390748
Cote d'Ivoire,CIV,1989,Carbon intensity of GDP (kg CO2e per constant 2015 US$ of GDP),EN.GHG.CO2.RT.GDP.KD,0.142574940107432
Cote d'Ivoire,CIV,1988,Carbon intensity of GDP (kg CO2e per constant 2015 US$ of GDP),EN.GHG.CO2.RT.GDP.KD,0.15278059896606
Cote d'Ivoire,CIV,1987,Carbon intensity of GDP (kg CO2e per constant 2015 US$ of GDP),EN.GHG.CO2.RT.GDP.KD,0.152810231932387
Cote d'Ivoire,CIV,1986,Carbon intensity of GDP (kg CO2e per constant 2015 US$ of GDP),EN.GHG.CO2.RT.GDP.KD,0.156048363724685
Cote d'Ivoire,CIV,1985,Carbon intensity of GDP (kg CO2e per constant 2015 US$ of GDP),EN.GHG.CO2.RT.GDP.KD,0.154300829050515
Cote d'Ivoire,CIV,1984,Carbon intensity of GDP (kg CO2e per constant 2015 US$ of GDP),EN.GHG.CO2.RT.GDP.KD,0.175957223992624
Cote d'Ivoire,CIV,1983,Carbon intensity of GDP (kg CO2e per constant 2015 US$ of GDP),EN.GHG.CO2.RT.GDP.KD,0.192087220793599
Cote d'Ivoire,CIV,1982,Carbon intensity of GDP (kg CO2e per constant 2015 US$ of GDP),EN.GHG.CO2.RT.GDP.KD,0.156829812270977
Cote d'Ivoire,CIV,1981,Carbon intensity of GDP (kg CO2e per constant 2015 US$ of GDP),EN.GHG.CO2.RT.GDP.KD,0.165313279008507
Cote d'Ivoire,CIV,1980,Carbon intensity of GDP (kg CO2e per constant 2015 US$ of GDP),EN.GHG.CO2.RT.GDP.KD,0.186937422449006
Cote d'Ivoire,CIV,1979,Carbon intensity of GDP (kg CO2e per constant 2015 US$ of GDP),EN.GHG.CO2.RT.GDP.KD,0.174977601327234
Cote d'Ivoire,CIV,1978,Carbon intensity of GDP (kg CO2e per constant 2015 US$ of GDP),EN.GHG.CO2.RT.GDP.KD,0.192087602093438
Cote d'Ivoire,CIV,1977,Carbon intensity of GDP (kg CO2e per constant 2015 US$ of GDP),EN.GHG.CO2.RT.GDP.KD,0.184111502482766
Cote d'Ivoire,CIV,1976,Carbon intensity of GDP (kg CO2e per constant 2015 US$ of GDP),EN.GHG.CO2.RT.GDP.KD,0.199197001297073
Cote d'Ivoire,CIV,1975,Carbon intensity of GDP (kg CO2e per constant 2015 US$ of GDP),EN.GHG.CO2.RT.GDP.KD,0.196832008871417
Cote d'Ivoire,CIV,1974,Carbon intensity of GDP (kg CO2e per constant 2015 US$ of GDP),EN.GHG.CO2.RT.GDP.KD,0.196188768394626
Cote d'Ivoire,CIV,1973,Carbon intensity of GDP (kg CO2e per constant 2015 US$ of GDP),EN.GHG.CO2.RT.GDP.KD,0.199236969592798
Cote d'Ivoire,CIV,1972,Carbon intensity of GDP (kg CO2e per constant 2015 US$ of GDP),EN.GHG.CO2.RT.GDP.KD,0.205180653365436
Cote d'Ivoire,CIV,1971,Carbon intensity of GDP (kg CO2e per constant 2015 US$ of GDP),EN.GHG.CO2.RT.GDP.KD,0.192434110389527
Cote d'Ivoire,CIV,1970,Carbon intensity of GDP (kg CO2e per constant 2015 US$ of GDP),EN.GHG.CO2.RT.GDP.KD,0.206541813686887
Cote d'Ivoire,CIV,2023,Carbon intensity of GDP (kg CO2e per 2021 PPP $ of GDP),EN.GHG.CO2.RT.GDP.PP.KD,0.0710174841811345
Cote d'Ivoire,CIV,2022,Carbon intensity of GDP (kg CO2e per 2021 PPP $ of GDP),EN.GHG.CO2.RT.GDP.PP.KD,0.0774385017977677
Cote d'Ivoire,CIV,2021,Carbon intensity of GDP (kg CO2e per 2021 PPP $ of GDP),EN.GHG.CO2.RT.GDP.PP.KD,0.0809997754573885
Cote d'Ivoire,CIV,2020,Carbon intensity of GDP (kg CO2e per 2021 PPP $ of GDP),EN.GHG.CO2.RT.GDP.PP.KD,0.0781597315126411
Cote d'Ivoire,CIV,2019,Carbon intensity of GDP (kg CO2e per 2021 PPP $ of GDP),EN.GHG.CO2.RT.GDP.PP.KD,0.0793667079989439
Cote d'Ivoire,CIV,2018,Carbon intensity of GDP (kg CO2e per 2021 PPP $ of GDP),EN.GHG.CO2.RT.GDP.PP.KD,0.0792596778061127
Cote d'Ivoire,CIV,2017,Carbon intensity of GDP (kg CO2e per 2021 PPP $ of GDP),EN.GHG.CO2.RT.GDP.PP.KD,0.0830101442669346
Cote d'Ivoire,CIV,2016,Carbon intensity of GDP (kg CO2e per 2021 PPP $ of GDP),EN.GHG.CO2.RT.GDP.PP.KD,0.0824633745290175
Cote d'Ivoire,CIV,2015,Carbon intensity of GDP (kg CO2e per 2021 PPP $ of GDP),EN.GHG.CO2.RT.GDP.PP.KD,0.0873048852174779
Cote d'Ivoire,CIV,2014,Carbon intensity of GDP (kg CO2e per 2021 PPP $ of GDP),EN.GHG.CO2.RT.GDP.PP.KD,0.086891238744374
Cote d'Ivoire,CIV,2013,Carbon intensity of GDP (kg CO2e per 2021 PPP $ of GDP),EN.GHG.CO2.RT.GDP.PP.KD,0.0890549811611138
Cote d'Ivoire,CIV,2012,Carbon intensity of GDP (kg CO2e per 2021 PPP $ of GDP),EN.GHG.CO2.RT.GDP.PP.KD,0.0907784915752324
Cote d'Ivoire,CIV,2011,Carbon intensity of GDP (kg CO2e per 2021 PPP $ of GDP),EN.GHG.CO2.RT.GDP.PP.KD,0.0766657449478434
Cote d'Ivoire,CIV,2010,Carbon intensity of GDP (kg CO2e per 2021 PPP $ of GDP),EN.GHG.CO2.RT.GDP.PP.KD,0.0749713796200079
Cote d'Ivoire,CIV,2009,Carbon intensity of GDP (kg CO2e per 2021 PPP $ of GDP),EN.GHG.CO2.RT.GDP.PP.KD,0.0702099994801384
Cote d'Ivoire,CIV,2008,Carbon intensity of GDP (kg CO2e per 2021 PPP $ of GDP),EN.GHG.CO2.RT.GDP.PP.KD,0.0784944574470358
Cote d'Ivoire,CIV,2007,Carbon intensity of GDP (kg CO2e per 2021 PPP $ of GDP),EN.GHG.CO2.RT.GDP.PP.KD,0.0741216869141234
Cote d'Ivoire,CIV,2006,Carbon intensity of GDP (kg CO2e per 2021 PPP $ of GDP),EN.GHG.CO2.RT.GDP.PP.KD,0.075464531657332
Cote d'Ivoire,CIV,2005,Carbon intensity of GDP (kg CO2e per 2021 PPP $ of GDP),EN.GHG.CO2.RT.GDP.PP.KD,0.0790339144473516
Cote d'Ivoire,CIV,2004,Carbon intensity of GDP (kg CO2e per 2021 PPP $ of GDP),EN.GHG.CO2.RT.GDP.PP.KD,0.0748313084829771
Cote d'Ivoire,CIV,2003,Carbon intensity of GDP (kg CO2e per 2021 PPP $ of GDP),EN.GHG.CO2.RT.GDP.PP.KD,0.0748785818402043
Cote d'Ivoire,CIV,2002,Carbon intensity of GDP (kg CO2e per 2021 PPP $ of GDP),EN.GHG.CO2.RT.GDP.PP.KD,0.0906402130481417
Cote d'Ivoire,CIV,2001,Carbon intensity of GDP (kg CO2e per 2021 PPP $ of GDP),EN.GHG.CO2.RT.GDP.PP.KD,0.0833866015134753
Cote d'Ivoire,CIV,2000,Carbon intensity of GDP (kg CO2e per 2021 PPP $ of GDP),EN.GHG.CO2.RT.GDP.PP.KD,0.0813592265970511
Cote d'Ivoire,CIV,1999,Carbon intensity of GDP (kg CO2e per 2021 PPP $ of GDP),EN.GHG.CO2.RT.GDP.PP.KD,0.0849863582377481
Cote d'Ivoire,CIV,1998,Carbon intensity of GDP (kg CO2e per 2021 PPP $ of GDP),EN.GHG.CO2.RT.GDP.PP.KD,0.0643866115263079
Cote d'Ivoire,CIV,1997,Carbon intensity of GDP (kg CO2e per 2021 PPP $ of GDP),EN.GHG.CO2.RT.GDP.PP.KD,0.0692732519690255
Cote d'Ivoire,CIV,1996,Carbon intensity of GDP (kg CO2e per 2021 PPP $ of GDP),EN.GHG.CO2.RT.GDP.PP.KD,0.0623941359997513
Cote d'Ivoire,CIV,1995,Carbon intensity of GDP (kg CO2e per 2021 PPP $ of GDP),EN.GHG.CO2.RT.GDP.PP.KD,0.053732794542368
Cote d'Ivoire,CIV,1994,Carbon intensity of GDP (kg CO2e per 2021 PPP $ of GDP),EN.GHG.CO2.RT.GDP.PP.KD,0.0526135426716049
Cote d'Ivoire,CIV,1993,Carbon intensity of GDP (kg CO2e per 2021 PPP $ of GDP),EN.GHG.CO2.RT.GDP.PP.KD,0.0507491672274314
Cote d'Ivoire,CIV,1992,Carbon intensity of GDP (kg CO2e per 2021 PPP $ of GDP),EN.GHG.CO2.RT.GDP.PP.KD,0.0477374934459381
Cote d'Ivoire,CIV,1991,Carbon intensity of GDP (kg CO2e per 2021 PPP $ of GDP),EN.GHG.CO2.RT.GDP.PP.KD,0.0478204663775144
Cote d'Ivoire,CIV,1990,Carbon intensity of GDP (kg CO2e per 2021 PPP $ of GDP),EN.GHG.CO2.RT.GDP.PP.KD,0.0463930350837256
Cote d'Ivoire,CIV,2023,Carbon dioxide (CO2) emissions from Transport (Energy) (Mt CO2e),EN.GHG.CO2.TR.MT.CE.AR5,5.1628
Cote d'Ivoire,CIV,2022,Carbon dioxide (CO2) emissions from Transport (Energy) (Mt CO2e),EN.GHG.CO2.TR.MT.CE.AR5,5.3239
Cote d'Ivoire,CIV,2021,Carbon dioxide (CO2) emissions from Transport (Energy) (Mt CO2e),EN.GHG.CO2.TR.MT.CE.AR5,5.0343
Cote d'Ivoire,CIV,2020,Carbon dioxide (CO2) emissions from Transport (Energy) (Mt CO2e),EN.GHG.CO2.TR.MT.CE.AR5,4.162
Cote d'Ivoire,CIV,2019,Carbon dioxide (CO2) emissions from Transport (Energy) (Mt CO2e),EN.GHG.CO2.TR.MT.CE.AR5,4.2357
Cote d'Ivoire,CIV,2018,Carbon dioxide (CO2) emissions from Transport (Energy) (Mt CO2e),EN.GHG.CO2.TR.MT.CE.AR5,3.9669
Cote d'Ivoire,CIV,2017,Carbon dioxide (CO2) emissions from Transport (Energy) (Mt CO2e),EN.GHG.CO2.TR.MT.CE.AR5,3.574
Cote d'Ivoire,CIV,2016,Carbon dioxide (CO2) emissions from Transport (Energy) (Mt CO2e),EN.GHG.CO2.TR.MT.CE.AR5,3.8397
Cote d'Ivoire,CIV,2015,Carbon dioxide (CO2) emissions from Transport (Energy) (Mt CO2e),EN.GHG.CO2.TR.MT.CE.AR5,3.165
Cote d'Ivoire,CIV,2014,Carbon dioxide (CO2) emissions from Transport (Energy) (Mt CO2e),EN.GHG.CO2.TR.MT.CE.AR5,2.7017
Cote d'Ivoire,CIV,2013,Carbon dioxide (CO2) emissions from Transport (Energy) (Mt CO2e),EN.GHG.CO2.TR.MT.CE.AR5,2.5584
Cote d'Ivoire,CIV,2012,Carbon dioxide (CO2) emissions from Transport (Energy) (Mt CO2e),EN.GHG.CO2.TR.MT.CE.AR5,2.3561
Cote d'Ivoire,CIV,2011,Carbon dioxide (CO2) emissions from Transport (Energy) (Mt CO2e),EN.GHG.CO2.TR.MT.CE.AR5,1.5836
Cote d'Ivoire,CIV,2010,Carbon dioxide (CO2) emissions from Transport (Energy) (Mt CO2e),EN.GHG.CO2.TR.MT.CE.AR5,1.4843
Cote d'Ivoire,CIV,2009,Carbon dioxide (CO2) emissions from Transport (Energy) (Mt CO2e),EN.GHG.CO2.TR.MT.CE.AR5,1.5512
Cote d'Ivoire,CIV,2008,Carbon dioxide (CO2) emissions from Transport (Energy) (Mt CO2e),EN.GHG.CO2.TR.MT.CE.AR5,1.5618
Cote d'Ivoire,CIV,2007,Carbon dioxide (CO2) emissions from Transport (Energy) (Mt CO2e),EN.GHG.CO2.TR.MT.CE.AR5,1.2905
Cote d'Ivoire,CIV,2006,Carbon dioxide (CO2) emissions from Transport (Energy) (Mt CO2e),EN.GHG.CO2.TR.MT.CE.AR5,1.2819
Cote d'Ivoire,CIV,2005,Carbon dioxide (CO2) emissions from Transport (Energy) (Mt CO2e),EN.GHG.CO2.TR.MT.CE.AR5,1.2253
Cote d'Ivoire,CIV,2004,Carbon dioxide (CO2) emissions from Transport (Energy) (Mt CO2e),EN.GHG.CO2.TR.MT.CE.AR5,1.1441
Cote d'Ivoire,CIV,2003,Carbon dioxide (CO2) emissions from Transport (Energy) (Mt CO2e),EN.GHG.CO2.TR.MT.CE.AR5,1.0374
Cote d'Ivoire,CIV,2002,Carbon dioxide (CO2) emissions from Transport (Energy) (Mt CO2e),EN.GHG.CO2.TR.MT.CE.AR5,1.4126
Cote d'Ivoire,CIV,2001,Carbon dioxide (CO2) emissions from Transport (Energy) (Mt CO2e),EN.GHG.CO2.TR.MT.CE.AR5,1.259
Cote d'Ivoire,CIV,2000,Carbon dioxide (CO2) emissions from Transport (Energy) (Mt CO2e),EN.GHG.CO2.TR.MT.CE.AR5,1.2909
Cote d'Ivoire,CIV,1999,Carbon dioxide (CO2) emissions from Transport (Energy) (Mt CO2e),EN.GHG.CO2.TR.MT.CE.AR5,1.4227
Cote d'Ivoire,CIV,1998,Carbon dioxide (CO2) emissions from Transport (Energy) (Mt CO2e),EN.GHG.CO2.TR.MT.CE.AR5,1.2111
Cote d'Ivoire,CIV,1997,Carbon dioxide (CO2) emissions from Transport (Energy) (Mt CO2e),EN.GHG.CO2.TR.MT.CE.AR5,1.3775
Cote d'Ivoire,CIV,1996,Carbon dioxide (CO2) emissions from Transport (Energy) (Mt CO2e),EN.GHG.CO2.TR.MT.CE.AR5,1.2528
Cote d'Ivoire,CIV,1995,Carbon dioxide (CO2) emissions from Transport (Energy) (Mt CO2e),EN.GHG.CO2.TR.MT.CE.AR5,1.2285
Cote d'Ivoire,CIV,1994,Carbon dioxide (CO2) emissions from Transport (Energy) (Mt CO2e),EN.GHG.CO2.TR.MT.CE.AR5,1.0943
Cote d'Ivoire,CIV,1993,Carbon dioxide (CO2) emissions from Transport (Energy) (Mt CO2e),EN.GHG.CO2.TR.MT.CE.AR5,1.101
Cote d'Ivoire,CIV,1992,Carbon dioxide (CO2) emissions from Transport (Energy) (Mt CO2e),EN.GHG.CO2.TR.MT.CE.AR5,1.1357
Cote d'Ivoire,CIV,1991,Carbon dioxide (CO2) emissions from Transport (Energy) (Mt CO2e),EN.GHG.CO2.TR.MT.CE.AR5,1.1804
Cote d'Ivoire,CIV,1990,Carbon dioxide (CO2) emissions from Transport (Energy) (Mt CO2e),EN.GHG.CO2.TR.MT.CE.AR5,1.1917
Cote d'Ivoire,CIV,1989,Carbon dioxide (CO2) emissions from Transport (Energy) (Mt CO2e),EN.GHG.CO2.TR.MT.CE.AR5,1.2353
Cote d'Ivoire,CIV,1988,Carbon dioxide (CO2) emissions from Transport (Energy) (Mt CO2e),EN.GHG.CO2.TR.MT.CE.AR5,1.1032
Cote d'Ivoire,CIV,1987,Carbon dioxide (CO2) emissions from Transport (Energy) (Mt CO2e),EN.GHG.CO2.TR.MT.CE.AR5,1.0901
Cote d'Ivoire,CIV,1986,Carbon dioxide (CO2) emissions from Transport (Energy) (Mt CO2e),EN.GHG.CO2.TR.MT.CE.AR5,1.1496
Cote d'Ivoire,CIV,1985,Carbon dioxide (CO2) emissions from Transport (Energy) (Mt CO2e),EN.GHG.CO2.TR.MT.CE.AR5,1.188
Cote d'Ivoire,CIV,1984,Carbon dioxide (CO2) emissions from Transport (Energy) (Mt CO2e),EN.GHG.CO2.TR.MT.CE.AR5,1.1849
Cote d'Ivoire,CIV,1983,Carbon dioxide (CO2) emissions from Transport (Energy) (Mt CO2e),EN.GHG.CO2.TR.MT.CE.AR5,1.2728
Cote d'Ivoire,CIV,1982,Carbon dioxide (CO2) emissions from Transport (Energy) (Mt CO2e),EN.GHG.CO2.TR.MT.CE.AR5,1.4085
Cote d'Ivoire,CIV,1981,Carbon dioxide (CO2) emissions from Transport (Energy) (Mt CO2e),EN.GHG.CO2.TR.MT.CE.AR5,1.5065
Cote d'Ivoire,CIV,1980,Carbon dioxide (CO2) emissions from Transport (Energy) (Mt CO2e),EN.GHG.CO2.TR.MT.CE.AR5,1.557
Cote d'Ivoire,CIV,1979,Carbon dioxide (CO2) emissions from Transport (Energy) (Mt CO2e),EN.GHG.CO2.TR.MT.CE.AR5,1.494
Cote d'Ivoire,CIV,1978,Carbon dioxide (CO2) emissions from Transport (Energy) (Mt CO2e),EN.GHG.CO2.TR.MT.CE.AR5,1.4122
Cote d'Ivoire,CIV,1977,Carbon dioxide (CO2) emissions from Transport (Energy) (Mt CO2e),EN.GHG.CO2.TR.MT.CE.AR5,1.3024
Cote d'Ivoire,CIV,1976,Carbon dioxide (CO2) emissions from Transport (Energy) (Mt CO2e),EN.GHG.CO2.TR.MT.CE.AR5,1.217
Cote d'Ivoire,CIV,1975,Carbon dioxide (CO2) emissions from Transport (Energy) (Mt CO2e),EN.GHG.CO2.TR.MT.CE.AR5,1.0136
Cote d'Ivoire,CIV,1974,Carbon dioxide (CO2) emissions from Transport (Energy) (Mt CO2e),EN.GHG.CO2.TR.MT.CE.AR5,0.9546
Cote d'Ivoire,CIV,1973,Carbon dioxide (CO2) emissions from Transport (Energy) (Mt CO2e),EN.GHG.CO2.TR.MT.CE.AR5,0.9122
Cote d'Ivoire,CIV,1972,Carbon dioxide (CO2) emissions from Transport (Energy) (Mt CO2e),EN.GHG.CO2.TR.MT.CE.AR5,0.9578
Cote d'Ivoire,CIV,1971,Carbon dioxide (CO2) emissions from Transport (Energy) (Mt CO2e),EN.GHG.CO2.TR.MT.CE.AR5,0.8787
Cote d'Ivoire,CIV,1970,Carbon dioxide (CO2) emissions from Transport (Energy) (Mt CO2e),EN.GHG.CO2.TR.MT.CE.AR5,0.8787
Cote d'Ivoire,CIV,2023,Carbon dioxide (CO2) emissions (total) excluding LULUCF (% change from 1990),EN.GHG.CO2.ZG.AR5,384.926482958178
Cote d'Ivoire,CIV,2022,Carbon dioxide (CO2) emissions (total) excluding LULUCF (% change from 1990),EN.GHG.CO2.ZG.AR5,396.729585141819
Cote d'Ivoire,CIV,2021,Carbon dioxide (CO2) emissions (total) excluding LULUCF (% change from 1990),EN.GHG.CO2.ZG.AR5,388.321388916927
Cote d'Ivoire,CIV,2020,Carbon dioxide (CO2) emissions (total) excluding LULUCF (% change from 1990),EN.GHG.CO2.ZG.AR5,340.113051377814
Cote d'Ivoire,CIV,2019,Carbon dioxide (CO2) emissions (total) excluding LULUCF (% change from 1990),EN.GHG.CO2.ZG.AR5,343.804044278456
Cote d'Ivoire,CIV,2018,Carbon dioxide (CO2) emissions (total) excluding LULUCF (% change from 1990),EN.GHG.CO2.ZG.AR5,315.292217623902
Cote d'Ivoire,CIV,2017,Carbon dioxide (CO2) emissions (total) excluding LULUCF (% change from 1990),EN.GHG.CO2.ZG.AR5,314.851451835403
Cote d'Ivoire,CIV,2016,Carbon dioxide (CO2) emissions (total) excluding LULUCF (% change from 1990),EN.GHG.CO2.ZG.AR5,283.684936576831
Cote d'Ivoire,CIV,2015,Carbon dioxide (CO2) emissions (total) excluding LULUCF (% change from 1990),EN.GHG.CO2.ZG.AR5,279.024931866357
Cote d'Ivoire,CIV,2014,Carbon dioxide (CO2) emissions (total) excluding LULUCF (% change from 1990),EN.GHG.CO2.ZG.AR5,251.909424312775
Cote d'Ivoire,CIV,2013,Carbon dioxide (CO2) emissions (total) excluding LULUCF (% change from 1990),EN.GHG.CO2.ZG.AR5,229.766831533259
Cote d'Ivoire,CIV,2012,Carbon dioxide (CO2) emissions (total) excluding LULUCF (% change from 1990),EN.GHG.CO2.ZG.AR5,203.492480064601
Cote d'Ivoire,CIV,2011,Carbon dioxide (CO2) emissions (total) excluding LULUCF (% change from 1990),EN.GHG.CO2.ZG.AR5,138.161569260792
Cote d'Ivoire,CIV,2010,Carbon dioxide (CO2) emissions (total) excluding LULUCF (% change from 1990),EN.GHG.CO2.ZG.AR5,146.115541199825
Cote d'Ivoire,CIV,2009,Carbon dioxide (CO2) emissions (total) excluding LULUCF (% change from 1990),EN.GHG.CO2.ZG.AR5,115.712795666364
Cote d'Ivoire,CIV,2008,Carbon dioxide (CO2) emissions (total) excluding LULUCF (% change from 1990),EN.GHG.CO2.ZG.AR5,132.778170317284
Cote d'Ivoire,CIV,2007,Carbon dioxide (CO2) emissions (total) excluding LULUCF (% change from 1990),EN.GHG.CO2.ZG.AR5,109.777598331146
Cote d'Ivoire,CIV,2006,Carbon dioxide (CO2) emissions (total) excluding LULUCF (% change from 1990),EN.GHG.CO2.ZG.AR5,111.251303791932
Cote d'Ivoire,CIV,2005,Carbon dioxide (CO2) emissions (total) excluding LULUCF (% change from 1990),EN.GHG.CO2.ZG.AR5,115.184549645032
Cote d'Ivoire,CIV,2004,Carbon dioxide (CO2) emissions (total) excluding LULUCF (% change from 1990),EN.GHG.CO2.ZG.AR5,101.732781534942
Cote d'Ivoire,CIV,2003,Carbon dioxide (CO2) emissions (total) excluding LULUCF (% change from 1990),EN.GHG.CO2.ZG.AR5,95.6293529827395
Cote d'Ivoire,CIV,2002,Carbon dioxide (CO2) emissions (total) excluding LULUCF (% change from 1990),EN.GHG.CO2.ZG.AR5,148.554893846102
Cote d'Ivoire,CIV,2001,Carbon dioxide (CO2) emissions (total) excluding LULUCF (% change from 1990),EN.GHG.CO2.ZG.AR5,135.082937989973
Cote d'Ivoire,CIV,2000,Carbon dioxide (CO2) emissions (total) excluding LULUCF (% change from 1990),EN.GHG.CO2.ZG.AR5,134.416742370714
Cote d'Ivoire,CIV,1999,Carbon dioxide (CO2) emissions (total) excluding LULUCF (% change from 1990),EN.GHG.CO2.ZG.AR5,145.520002691699
Cote d'Ivoire,CIV,1998,Carbon dioxide (CO2) emissions (total) excluding LULUCF (% change from 1990),EN.GHG.CO2.ZG.AR5,83.8632616668349
Cote d'Ivoire,CIV,1997,Carbon dioxide (CO2) emissions (total) excluding LULUCF (% change from 1990),EN.GHG.CO2.ZG.AR5,89.7278018909188
Cote d'Ivoire,CIV,1996,Carbon dioxide (CO2) emissions (total) excluding LULUCF (% change from 1990),EN.GHG.CO2.ZG.AR5,55.8493994145553
Cote d'Ivoire,CIV,1995,Carbon dioxide (CO2) emissions (total) excluding LULUCF (% change from 1990),EN.GHG.CO2.ZG.AR5,24.5853100501329
Cote d'Ivoire,CIV,1994,Carbon dioxide (CO2) emissions (total) excluding LULUCF (% change from 1990),EN.GHG.CO2.ZG.AR5,13.8757107768918
Cote d'Ivoire,CIV,1993,Carbon dioxide (CO2) emissions (total) excluding LULUCF (% change from 1990),EN.GHG.CO2.ZG.AR5,8.95662999226137
Cote d'Ivoire,CIV,1992,Carbon dioxide (CO2) emissions (total) excluding LULUCF (% change from 1990),EN.GHG.CO2.ZG.AR5,2.68833484741429
Cote d'Ivoire,CIV,1991,Carbon dioxide (CO2) emissions (total) excluding LULUCF (% change from 1990),EN.GHG.CO2.ZG.AR5,3.11900676289492
Cote d'Ivoire,CIV,2023,F-gases emissions from Industrial Processes (Mt CO2e),EN.GHG.FGAS.IP.MT.CE.AR5,2.3835
Cote d'Ivoire,CIV,2022,F-gases emissions from Industrial Processes (Mt CO2e),EN.GHG.FGAS.IP.MT.CE.AR5,2.2173
Cote d'Ivoire,CIV,2021,F-gases emissions from Industrial Processes (Mt CO2e),EN.GHG.FGAS.IP.MT.CE.AR5,2.0523
Cote d'Ivoire,CIV,2020,F-gases emissions from Industrial Processes (Mt CO2e),EN.GHG.FGAS.IP.MT.CE.AR5,1.883
Cote d'Ivoire,CIV,2019,F-gases emissions from Industrial Processes (Mt CO2e),EN.GHG.FGAS.IP.MT.CE.AR5,1.7186
Cote d'Ivoire,CIV,2018,F-gases emissions from Industrial Processes (Mt CO2e),EN.GHG.FGAS.IP.MT.CE.AR5,1.5575
Cote d'Ivoire,CIV,2017,F-gases emissions from Industrial Processes (Mt CO2e),EN.GHG.FGAS.IP.MT.CE.AR5,1.3748
Cote d'Ivoire,CIV,2016,F-gases emissions from Industrial Processes (Mt CO2e),EN.GHG.FGAS.IP.MT.CE.AR5,1.2255
Cote d'Ivoire,CIV,2015,F-gases emissions from Industrial Processes (Mt CO2e),EN.GHG.FGAS.IP.MT.CE.AR5,1.0742
Cote d'Ivoire,CIV,2014,F-gases emissions from Industrial Processes (Mt CO2e),EN.GHG.FGAS.IP.MT.CE.AR5,0.9721
Cote d'Ivoire,CIV,2013,F-gases emissions from Industrial Processes (Mt CO2e),EN.GHG.FGAS.IP.MT.CE.AR5,0.8918
Cote d'Ivoire,CIV,2012,F-gases emissions from Industrial Processes (Mt CO2e),EN.GHG.FGAS.IP.MT.CE.AR5,0.8677
Cote d'Ivoire,CIV,2011,F-gases emissions from Industrial Processes (Mt CO2e),EN.GHG.FGAS.IP.MT.CE.AR5,0.8509
Cote d'Ivoire,CIV,2010,F-gases emissions from Industrial Processes (Mt CO2e),EN.GHG.FGAS.IP.MT.CE.AR5,0.8451
Cote d'Ivoire,CIV,2009,F-gases emissions from Industrial Processes (Mt CO2e),EN.GHG.FGAS.IP.MT.CE.AR5,0.8501
Cote d'Ivoire,CIV,2008,F-gases emissions from Industrial Processes (Mt CO2e),EN.GHG.FGAS.IP.MT.CE.AR5,0.8224
Cote d'Ivoire,CIV,2007,F-gases emissions from Industrial Processes (Mt CO2e),EN.GHG.FGAS.IP.MT.CE.AR5,0.7908
Cote d'Ivoire,CIV,2006,F-gases emissions from Industrial Processes (Mt CO2e),EN.GHG.FGAS.IP.MT.CE.AR5,0.7742
Cote d'Ivoire,CIV,2005,F-gases emissions from Industrial Processes (Mt CO2e),EN.GHG.FGAS.IP.MT.CE.AR5,0.7338
Cote d'Ivoire,CIV,2004,F-gases emissions from Industrial Processes (Mt CO2e),EN.GHG.FGAS.IP.MT.CE.AR5,0.6143
Cote d'Ivoire,CIV,2003,F-gases emissions from Industrial Processes (Mt CO2e),EN.GHG.FGAS.IP.MT.CE.AR5,0.5152
Cote d'Ivoire,CIV,2002,F-gases emissions from Industrial Processes (Mt CO2e),EN.GHG.FGAS.IP.MT.CE.AR5,0.417
Cote d'Ivoire,CIV,2001,F-gases emissions from Industrial Processes (Mt CO2e),EN.GHG.FGAS.IP.MT.CE.AR5,0.3312
Cote d'Ivoire,CIV,2000,F-gases emissions from Industrial Processes (Mt CO2e),EN.GHG.FGAS.IP.MT.CE.AR5,0.2418
Cote d'Ivoire,CIV,1999,F-gases emissions from Industrial Processes (Mt CO2e),EN.GHG.FGAS.IP.MT.CE.AR5,0.1332
Cote d'Ivoire,CIV,1998,F-gases emissions from Industrial Processes (Mt CO2e),EN.GHG.FGAS.IP.MT.CE.AR5,0.0913
Cote d'Ivoire,CIV,1997,F-gases emissions from Industrial Processes (Mt CO2e),EN.GHG.FGAS.IP.MT.CE.AR5,0.0671
Cote d'Ivoire,CIV,1996,F-gases emissions from Industrial Processes (Mt CO2e),EN.GHG.FGAS.IP.MT.CE.AR5,0.0486
Cote d'Ivoire,CIV,1995,F-gases emissions from Industrial Processes (Mt CO2e),EN.GHG.FGAS.IP.MT.CE.AR5,0.031
Cote d'Ivoire,CIV,1994,F-gases emissions from Industrial Processes (Mt CO2e),EN.GHG.FGAS.IP.MT.CE.AR5,0.0181
Cote d'Ivoire,CIV,1993,F-gases emissions from Industrial Processes (Mt CO2e),EN.GHG.FGAS.IP.MT.CE.AR5,0.0077
Cote d'Ivoire,CIV,1992,F-gases emissions from Industrial Processes (Mt CO2e),EN.GHG.FGAS.IP.MT.CE.AR5,0.0048
Cote d'Ivoire,CIV,1991,F-gases emissions from Industrial Processes (Mt CO2e),EN.GHG.FGAS.IP.MT.CE.AR5,0.003
Cote d'Ivoire,CIV,1990,F-gases emissions from Industrial Processes (Mt CO2e),EN.GHG.FGAS.IP.MT.CE.AR5,0.0005
Cote d'Ivoire,CIV,2023,Nitrous oxide (N2O) emissions from Agriculture (Mt CO2e),EN.GHG.N2O.AG.MT.CE.AR5,1.9782
Cote d'Ivoire,CIV,2022,Nitrous oxide (N2O) emissions from Agriculture (Mt CO2e),EN.GHG.N2O.AG.MT.CE.AR5,1.9122
Cote d'Ivoire,CIV,2021,Nitrous oxide (N2O) emissions from Agriculture (Mt CO2e),EN.GHG.N2O.AG.MT.CE.AR5,1.8959
Cote d'Ivoire,CIV,2020,Nitrous oxide (N2O) emissions from Agriculture (Mt CO2e),EN.GHG.N2O.AG.MT.CE.AR5,1.7285
Cote d'Ivoire,CIV,2019,Nitrous oxide (N2O) emissions from Agriculture (Mt CO2e),EN.GHG.N2O.AG.MT.CE.AR5,1.7986
Cote d'Ivoire,CIV,2018,Nitrous oxide (N2O) emissions from Agriculture (Mt CO2e),EN.GHG.N2O.AG.MT.CE.AR5,1.5784
Cote d'Ivoire,CIV,2017,Nitrous oxide (N2O) emissions from Agriculture (Mt CO2e),EN.GHG.N2O.AG.MT.CE.AR5,1.5172
Cote d'Ivoire,CIV,2016,Nitrous oxide (N2O) emissions from Agriculture (Mt CO2e),EN.GHG.N2O.AG.MT.CE.AR5,1.5198
Cote d'Ivoire,CIV,2015,Nitrous oxide (N2O) emissions from Agriculture (Mt CO2e),EN.GHG.N2O.AG.MT.CE.AR5,1.4401
Cote d'Ivoire,CIV,2014,Nitrous oxide (N2O) emissions from Agriculture (Mt CO2e),EN.GHG.N2O.AG.MT.CE.AR5,1.4558
Cote d'Ivoire,CIV,2013,Nitrous oxide (N2O) emissions from Agriculture (Mt CO2e),EN.GHG.N2O.AG.MT.CE.AR5,1.3725
Cote d'Ivoire,CIV,2012,Nitrous oxide (N2O) emissions from Agriculture (Mt CO2e),EN.GHG.N2O.AG.MT.CE.AR5,1.3254
Cote d'Ivoire,CIV,2011,Nitrous oxide (N2O) emissions from Agriculture (Mt CO2e),EN.GHG.N2O.AG.MT.CE.AR5,1.248
Cote d'Ivoire,CIV,2010,Nitrous oxide (N2O) emissions from Agriculture (Mt CO2e),EN.GHG.N2O.AG.MT.CE.AR5,1.2593
Cote d'Ivoire,CIV,2009,Nitrous oxide (N2O) emissions from Agriculture (Mt CO2e),EN.GHG.N2O.AG.MT.CE.AR5,1.2981
Cote d'Ivoire,CIV,2008,Nitrous oxide (N2O) emissions from Agriculture (Mt CO2e),EN.GHG.N2O.AG.MT.CE.AR5,1.2673
Cote d'Ivoire,CIV,2007,Nitrous oxide (N2O) emissions from Agriculture (Mt CO2e),EN.GHG.N2O.AG.MT.CE.AR5,1.2443
Cote d'Ivoire,CIV,2006,Nitrous oxide (N2O) emissions from Agriculture (Mt CO2e),EN.GHG.N2O.AG.MT.CE.AR5,1.2305
Cote d'Ivoire,CIV,2005,Nitrous oxide (N2O) emissions from Agriculture (Mt CO2e),EN.GHG.N2O.AG.MT.CE.AR5,1.2135
Cote d'Ivoire,CIV,2004,Nitrous oxide (N2O) emissions from Agriculture (Mt CO2e),EN.GHG.N2O.AG.MT.CE.AR5,1.1983
Cote d'Ivoire,CIV,2003,Nitrous oxide (N2O) emissions from Agriculture (Mt CO2e),EN.GHG.N2O.AG.MT.CE.AR5,1.1944
Cote d'Ivoire,CIV,2002,Nitrous oxide (N2O) emissions from Agriculture (Mt CO2e),EN.GHG.N2O.AG.MT.CE.AR5,1.2791
Cote d'Ivoire,CIV,2001,Nitrous oxide (N2O) emissions from Agriculture (Mt CO2e),EN.GHG.N2O.AG.MT.CE.AR5,1.1339
Cote d'Ivoire,CIV,2000,Nitrous oxide (N2O) emissions from Agriculture (Mt CO2e),EN.GHG.N2O.AG.MT.CE.AR5,1.1791
Cote d'Ivoire,CIV,1999,Nitrous oxide (N2O) emissions from Agriculture (Mt CO2e),EN.GHG.N2O.AG.MT.CE.AR5,1.1658
Cote d'Ivoire,CIV,1998,Nitrous oxide (N2O) emissions from Agriculture (Mt CO2e),EN.GHG.N2O.AG.MT.CE.AR5,1.1976
Cote d'Ivoire,CIV,1997,Nitrous oxide (N2O) emissions from Agriculture (Mt CO2e),EN.GHG.N2O.AG.MT.CE.AR5,1.2482
Cote d'Ivoire,CIV,1996,Nitrous oxide (N2O) emissions from Agriculture (Mt CO2e),EN.GHG.N2O.AG.MT.CE.AR5,1.1221
Cote d'Ivoire,CIV,1995,Nitrous oxide (N2O) emissions from Agriculture (Mt CO2e),EN.GHG.N2O.AG.MT.CE.AR5,1.0967
Cote d'Ivoire,CIV,1994,Nitrous oxide (N2O) emissions from Agriculture (Mt CO2e),EN.GHG.N2O.AG.MT.CE.AR5,1.0674
Cote d'Ivoire,CIV,1993,Nitrous oxide (N2O) emissions from Agriculture (Mt CO2e),EN.GHG.N2O.AG.MT.CE.AR5,1.023
Cote d'Ivoire,CIV,1992,Nitrous oxide (N2O) emissions from Agriculture (Mt CO2e),EN.GHG.N2O.AG.MT.CE.AR5,0.9465
Cote d'Ivoire,CIV,1991,Nitrous oxide (N2O) emissions from Agriculture (Mt CO2e),EN.GHG.N2O.AG.MT.CE.AR5,0.9145
Cote d'Ivoire,CIV,1990,Nitrous oxide (N2O) emissions from Agriculture (Mt CO2e),EN.GHG.N2O.AG.MT.CE.AR5,0.8779
Cote d'Ivoire,CIV,1989,Nitrous oxide (N2O) emissions from Agriculture (Mt CO2e),EN.GHG.N2O.AG.MT.CE.AR5,0.8335
Cote d'Ivoire,CIV,1988,Nitrous oxide (N2O) emissions from Agriculture (Mt CO2e),EN.GHG.N2O.AG.MT.CE.AR5,0.7963
Cote d'Ivoire,CIV,1987,Nitrous oxide (N2O) emissions from Agriculture (Mt CO2e),EN.GHG.N2O.AG.MT.CE.AR5,0.7391
Cote d'Ivoire,CIV,1986,Nitrous oxide (N2O) emissions from Agriculture (Mt CO2e),EN.GHG.N2O.AG.MT.CE.AR5,0.7405
Cote d'Ivoire,CIV,1985,Nitrous oxide (N2O) emissions from Agriculture (Mt CO2e),EN.GHG.N2O.AG.MT.CE.AR5,0.719
Cote d'Ivoire,CIV,1984,Nitrous oxide (N2O) emissions from Agriculture (Mt CO2e),EN.GHG.N2O.AG.MT.CE.AR5,0.7284
Cote d'Ivoire,CIV,1983,Nitrous oxide (N2O) emissions from Agriculture (Mt CO2e),EN.GHG.N2O.AG.MT.CE.AR5,0.7
Cote d'Ivoire,CIV,1982,Nitrous oxide (N2O) emissions from Agriculture (Mt CO2e),EN.GHG.N2O.AG.MT.CE.AR5,0.7085
Cote d'Ivoire,CIV,1981,Nitrous oxide (N2O) emissions from Agriculture (Mt CO2e),EN.GHG.N2O.AG.MT.CE.AR5,0.683
Cote d'Ivoire,CIV,1980,Nitrous oxide (N2O) emissions from Agriculture (Mt CO2e),EN.GHG.N2O.AG.MT.CE.AR5,0.7046
Cote d'Ivoire,CIV,1979,Nitrous oxide (N2O) emissions from Agriculture (Mt CO2e),EN.GHG.N2O.AG.MT.CE.AR5,0.6793
Cote d'Ivoire,CIV,1978,Nitrous oxide (N2O) emissions from Agriculture (Mt CO2e),EN.GHG.N2O.AG.MT.CE.AR5,0.657
Cote d'Ivoire,CIV,1977,Nitrous oxide (N2O) emissions from Agriculture (Mt CO2e),EN.GHG.N2O.AG.MT.CE.AR5,0.6449
Cote d'Ivoire,CIV,1976,Nitrous oxide (N2O) emissions from Agriculture (Mt CO2e),EN.GHG.N2O.AG.MT.CE.AR5,0.5886
Cote d'Ivoire,CIV,1975,Nitrous oxide (N2O) emissions from Agriculture (Mt CO2e),EN.GHG.N2O.AG.MT.CE.AR5,0.5586
Cote d'Ivoire,CIV,1974,Nitrous oxide (N2O) emissions from Agriculture (Mt CO2e),EN.GHG.N2O.AG.MT.CE.AR5,0.5241
Cote d'Ivoire,CIV,1973,Nitrous oxide (N2O) emissions from Agriculture (Mt CO2e),EN.GHG.N2O.AG.MT.CE.AR5,0.5162
Cote d'Ivoire,CIV,1972,Nitrous oxide (N2O) emissions from Agriculture (Mt CO2e),EN.GHG.N2O.AG.MT.CE.AR5,0.5083
Cote d'Ivoire,CIV,1971,Nitrous oxide (N2O) emissions from Agriculture (Mt CO2e),EN.GHG.N2O.AG.MT.CE.AR5,0.4955
Cote d'Ivoire,CIV,1970,Nitrous oxide (N2O) emissions from Agriculture (Mt CO2e),EN.GHG.N2O.AG.MT.CE.AR5,0.4857
Cote d'Ivoire,CIV,2023,Nitrous oxide (N2O) emissions from Building (Energy) (Mt CO2e),EN.GHG.N2O.BU.MT.CE.AR5,0.1906
Cote d'Ivoire,CIV,2022,Nitrous oxide (N2O) emissions from Building (Energy) (Mt CO2e),EN.GHG.N2O.BU.MT.CE.AR5,0.1915
Cote d'Ivoire,CIV,2021,Nitrous oxide (N2O) emissions from Building (Energy) (Mt CO2e),EN.GHG.N2O.BU.MT.CE.AR5,0.1898
Cote d'Ivoire,CIV,2020,Nitrous oxide (N2O) emissions from Building (Energy) (Mt CO2e),EN.GHG.N2O.BU.MT.CE.AR5,0.1825
Cote d'Ivoire,CIV,2019,Nitrous oxide (N2O) emissions from Building (Energy) (Mt CO2e),EN.GHG.N2O.BU.MT.CE.AR5,0.1766
Cote d'Ivoire,CIV,2018,Nitrous oxide (N2O) emissions from Building (Energy) (Mt CO2e),EN.GHG.N2O.BU.MT.CE.AR5,0.1652
Cote d'Ivoire,CIV,2017,Nitrous oxide (N2O) emissions from Building (Energy) (Mt CO2e),EN.GHG.N2O.BU.MT.CE.AR5,0.1972
Cote d'Ivoire,CIV,2016,Nitrous oxide (N2O) emissions from Building (Energy) (Mt CO2e),EN.GHG.N2O.BU.MT.CE.AR5,0.1837
Cote d'Ivoire,CIV,2015,Nitrous oxide (N2O) emissions from Building (Energy) (Mt CO2e),EN.GHG.N2O.BU.MT.CE.AR5,0.189
Cote d'Ivoire,CIV,2014,Nitrous oxide (N2O) emissions from Building (Energy) (Mt CO2e),EN.GHG.N2O.BU.MT.CE.AR5,0.2347
Cote d'Ivoire,CIV,2013,Nitrous oxide (N2O) emissions from Building (Energy) (Mt CO2e),EN.GHG.N2O.BU.MT.CE.AR5,0.2292
Cote d'Ivoire,CIV,2012,Nitrous oxide (N2O) emissions from Building (Energy) (Mt CO2e),EN.GHG.N2O.BU.MT.CE.AR5,0.2218
Cote d'Ivoire,CIV,2011,Nitrous oxide (N2O) emissions from Building (Energy) (Mt CO2e),EN.GHG.N2O.BU.MT.CE.AR5,0.2082
Cote d'Ivoire,CIV,2010,Nitrous oxide (N2O) emissions from Building (Energy) (Mt CO2e),EN.GHG.N2O.BU.MT.CE.AR5,0.181
Cote d'Ivoire,CIV,2009,Nitrous oxide (N2O) emissions from Building (Energy) (Mt CO2e),EN.GHG.N2O.BU.MT.CE.AR5,0.1633
Cote d'Ivoire,CIV,2008,Nitrous oxide (N2O) emissions from Building (Energy) (Mt CO2e),EN.GHG.N2O.BU.MT.CE.AR5,0.1714
Cote d'Ivoire,CIV,2007,Nitrous oxide (N2O) emissions from Building (Energy) (Mt CO2e),EN.GHG.N2O.BU.MT.CE.AR5,0.1773
Cote d'Ivoire,CIV,2006,Nitrous oxide (N2O) emissions from Building (Energy) (Mt CO2e),EN.GHG.N2O.BU.MT.CE.AR5,0.1664
Cote d'Ivoire,CIV,2005,Nitrous oxide (N2O) emissions from Building (Energy) (Mt CO2e),EN.GHG.N2O.BU.MT.CE.AR5,0.1636
Cote d'Ivoire,CIV,2004,Nitrous oxide (N2O) emissions from Building (Energy) (Mt CO2e),EN.GHG.N2O.BU.MT.CE.AR5,0.1606
Cote d'Ivoire,CIV,2003,Nitrous oxide (N2O) emissions from Building (Energy) (Mt CO2e),EN.GHG.N2O.BU.MT.CE.AR5,0.1223
Cote d'Ivoire,CIV,2002,Nitrous oxide (N2O) emissions from Building (Energy) (Mt CO2e),EN.GHG.N2O.BU.MT.CE.AR5,0.1231
Cote d'Ivoire,CIV,2001,Nitrous oxide (N2O) emissions from Building (Energy) (Mt CO2e),EN.GHG.N2O.BU.MT.CE.AR5,0.1224
Cote d'Ivoire,CIV,2000,Nitrous oxide (N2O) emissions from Building (Energy) (Mt CO2e),EN.GHG.N2O.BU.MT.CE.AR5,0.1225
Cote d'Ivoire,CIV,1999,Nitrous oxide (N2O) emissions from Building (Energy) (Mt CO2e),EN.GHG.N2O.BU.MT.CE.AR5,0.1208
Cote d'Ivoire,CIV,1998,Nitrous oxide (N2O) emissions from Building (Energy) (Mt CO2e),EN.GHG.N2O.BU.MT.CE.AR5,0.111
Cote d'Ivoire,CIV,1997,Nitrous oxide (N2O) emissions from Building (Energy) (Mt CO2e),EN.GHG.N2O.BU.MT.CE.AR5,0.1125
Cote d'Ivoire,CIV,1996,Nitrous oxide (N2O) emissions from Building (Energy) (Mt CO2e),EN.GHG.N2O.BU.MT.CE.AR5,0.1072
Cote d'Ivoire,CIV,1995,Nitrous oxide (N2O) emissions from Building (Energy) (Mt CO2e),EN.GHG.N2O.BU.MT.CE.AR5,0.1046
Cote d'Ivoire,CIV,1994,Nitrous oxide (N2O) emissions from Building (Energy) (Mt CO2e),EN.GHG.N2O.BU.MT.CE.AR5,0.0996
Cote d'Ivoire,CIV,1993,Nitrous oxide (N2O) emissions from Building (Energy) (Mt CO2e),EN.GHG.N2O.BU.MT.CE.AR5,0.0975
Cote d'Ivoire,CIV,1992,Nitrous oxide (N2O) emissions from Building (Energy) (Mt CO2e),EN.GHG.N2O.BU.MT.CE.AR5,0.0953
Cote d'Ivoire,CIV,1991,Nitrous oxide (N2O) emissions from Building (Energy) (Mt CO2e),EN.GHG.N2O.BU.MT.CE.AR5,0.0934
Cote d'Ivoire,CIV,1990,Nitrous oxide (N2O) emissions from Building (Energy) (Mt CO2e),EN.GHG.N2O.BU.MT.CE.AR5,0.0901
Cote d'Ivoire,CIV,1989,Nitrous oxide (N2O) emissions from Building (Energy) (Mt CO2e),EN.GHG.N2O.BU.MT.CE.AR5,0.0879
Cote d'Ivoire,CIV,1988,Nitrous oxide (N2O) emissions from Building (Energy) (Mt CO2e),EN.GHG.N2O.BU.MT.CE.AR5,0.0859
Cote d'Ivoire,CIV,1987,Nitrous oxide (N2O) emissions from Building (Energy) (Mt CO2e),EN.GHG.N2O.BU.MT.CE.AR5,0.0828
Cote d'Ivoire,CIV,1986,Nitrous oxide (N2O) emissions from Building (Energy) (Mt CO2e),EN.GHG.N2O.BU.MT.CE.AR5,0.0784
Cote d'Ivoire,CIV,1985,Nitrous oxide (N2O) emissions from Building (Energy) (Mt CO2e),EN.GHG.N2O.BU.MT.CE.AR5,0.0751
Cote d'Ivoire,CIV,1984,Nitrous oxide (N2O) emissions from Building (Energy) (Mt CO2e),EN.GHG.N2O.BU.MT.CE.AR5,0.0728
Cote d'Ivoire,CIV,1983,Nitrous oxide (N2O) emissions from Building (Energy) (Mt CO2e),EN.GHG.N2O.BU.MT.CE.AR5,0.0724
Cote d'Ivoire,CIV,1982,Nitrous oxide (N2O) emissions from Building (Energy) (Mt CO2e),EN.GHG.N2O.BU.MT.CE.AR5,0.0727
Cote d'Ivoire,CIV,1981,Nitrous oxide (N2O) emissions from Building (Energy) (Mt CO2e),EN.GHG.N2O.BU.MT.CE.AR5,0.0724
Cote d'Ivoire,CIV,1980,Nitrous oxide (N2O) emissions from Building (Energy) (Mt CO2e),EN.GHG.N2O.BU.MT.CE.AR5,0.0712
Cote d'Ivoire,CIV,1979,Nitrous oxide (N2O) emissions from Building (Energy) (Mt CO2e),EN.GHG.N2O.BU.MT.CE.AR5,0.0686
Cote d'Ivoire,CIV,1978,Nitrous oxide (N2O) emissions from Building (Energy) (Mt CO2e),EN.GHG.N2O.BU.MT.CE.AR5,0.0658
Cote d'Ivoire,CIV,1977,Nitrous oxide (N2O) emissions from Building (Energy) (Mt CO2e),EN.GHG.N2O.BU.MT.CE.AR5,0.0628
Cote d'Ivoire,CIV,1976,Nitrous oxide (N2O) emissions from Building (Energy) (Mt CO2e),EN.GHG.N2O.BU.MT.CE.AR5,0.0591
Cote d'Ivoire,CIV,1975,Nitrous oxide (N2O) emissions from Building (Energy) (Mt CO2e),EN.GHG.N2O.BU.MT.CE.AR5,0.0545
Cote d'Ivoire,CIV,1974,Nitrous oxide (N2O) emissions from Building (Energy) (Mt CO2e),EN.GHG.N2O.BU.MT.CE.AR5,0.0523
Cote d'Ivoire,CIV,1973,Nitrous oxide (N2O) emissions from Building (Energy) (Mt CO2e),EN.GHG.N2O.BU.MT.CE.AR5,0.0496
Cote d'Ivoire,CIV,1972,Nitrous oxide (N2O) emissions from Building (Energy) (Mt CO2e),EN.GHG.N2O.BU.MT.CE.AR5,0.0502
Cote d'Ivoire,CIV,1971,Nitrous oxide (N2O) emissions from Building (Energy) (Mt CO2e),EN.GHG.N2O.BU.MT.CE.AR5,0.0475
Cote d'Ivoire,CIV,1970,Nitrous oxide (N2O) emissions from Building (Energy) (Mt CO2e),EN.GHG.N2O.BU.MT.CE.AR5,0.0475
Cote d'Ivoire,CIV,2023,Nitrous oxide (N2O) emissions from Fugitive Emissions (Energy) (Mt CO2e),EN.GHG.N2O.FE.MT.CE.AR5,0.0513
Cote d'Ivoire,CIV,2022,Nitrous oxide (N2O) emissions from Fugitive Emissions (Energy) (Mt CO2e),EN.GHG.N2O.FE.MT.CE.AR5,0.0513
Cote d'Ivoire,CIV,2021,Nitrous oxide (N2O) emissions from Fugitive Emissions (Energy) (Mt CO2e),EN.GHG.N2O.FE.MT.CE.AR5,0.0505
Cote d'Ivoire,CIV,2020,Nitrous oxide (N2O) emissions from Fugitive Emissions (Energy) (Mt CO2e),EN.GHG.N2O.FE.MT.CE.AR5,0.05
Cote d'Ivoire,CIV,2019,Nitrous oxide (N2O) emissions from Fugitive Emissions (Energy) (Mt CO2e),EN.GHG.N2O.FE.MT.CE.AR5,0.0488
Cote d'Ivoire,CIV,2018,Nitrous oxide (N2O) emissions from Fugitive Emissions (Energy) (Mt CO2e),EN.GHG.N2O.FE.MT.CE.AR5,0.0444
Cote d'Ivoire,CIV,2017,Nitrous oxide (N2O) emissions from Fugitive Emissions (Energy) (Mt CO2e),EN.GHG.N2O.FE.MT.CE.AR5,0.0521
Cote d'Ivoire,CIV,2016,Nitrous oxide (N2O) emissions from Fugitive Emissions (Energy) (Mt CO2e),EN.GHG.N2O.FE.MT.CE.AR5,0.0586
Cote d'Ivoire,CIV,2015,Nitrous oxide (N2O) emissions from Fugitive Emissions (Energy) (Mt CO2e),EN.GHG.N2O.FE.MT.CE.AR5,0.0539
Cote d'Ivoire,CIV,2014,Nitrous oxide (N2O) emissions from Fugitive Emissions (Energy) (Mt CO2e),EN.GHG.N2O.FE.MT.CE.AR5,0.0501
Cote d'Ivoire,CIV,2013,Nitrous oxide (N2O) emissions from Fugitive Emissions (Energy) (Mt CO2e),EN.GHG.N2O.FE.MT.CE.AR5,0.0489
Cote d'Ivoire,CIV,2012,Nitrous oxide (N2O) emissions from Fugitive Emissions (Energy) (Mt CO2e),EN.GHG.N2O.FE.MT.CE.AR5,0.0462
Cote d'Ivoire,CIV,2011,Nitrous oxide (N2O) emissions from Fugitive Emissions (Energy) (Mt CO2e),EN.GHG.N2O.FE.MT.CE.AR5,0.0446
Cote d'Ivoire,CIV,2010,Nitrous oxide (N2O) emissions from Fugitive Emissions (Energy) (Mt CO2e),EN.GHG.N2O.FE.MT.CE.AR5,0.0372
Cote d'Ivoire,CIV,2009,Nitrous oxide (N2O) emissions from Fugitive Emissions (Energy) (Mt CO2e),EN.GHG.N2O.FE.MT.CE.AR5,0.0353
Cote d'Ivoire,CIV,2008,Nitrous oxide (N2O) emissions from Fugitive Emissions (Energy) (Mt CO2e),EN.GHG.N2O.FE.MT.CE.AR5,0.0382
Cote d'Ivoire,CIV,2007,Nitrous oxide (N2O) emissions from Fugitive Emissions (Energy) (Mt CO2e),EN.GHG.N2O.FE.MT.CE.AR5,0.0376
Cote d'Ivoire,CIV,2006,Nitrous oxide (N2O) emissions from Fugitive Emissions (Energy) (Mt CO2e),EN.GHG.N2O.FE.MT.CE.AR5,0.0362
Cote d'Ivoire,CIV,2005,Nitrous oxide (N2O) emissions from Fugitive Emissions (Energy) (Mt CO2e),EN.GHG.N2O.FE.MT.CE.AR5,0.0357
Cote d'Ivoire,CIV,2004,Nitrous oxide (N2O) emissions from Fugitive Emissions (Energy) (Mt CO2e),EN.GHG.N2O.FE.MT.CE.AR5,0.034
Cote d'Ivoire,CIV,2003,Nitrous oxide (N2O) emissions from Fugitive Emissions (Energy) (Mt CO2e),EN.GHG.N2O.FE.MT.CE.AR5,0.0271
Cote d'Ivoire,CIV,2002,Nitrous oxide (N2O) emissions from Fugitive Emissions (Energy) (Mt CO2e),EN.GHG.N2O.FE.MT.CE.AR5,0.0282
Cote d'Ivoire,CIV,2001,Nitrous oxide (N2O) emissions from Fugitive Emissions (Energy) (Mt CO2e),EN.GHG.N2O.FE.MT.CE.AR5,0.027
Cote d'Ivoire,CIV,2000,Nitrous oxide (N2O) emissions from Fugitive Emissions (Energy) (Mt CO2e),EN.GHG.N2O.FE.MT.CE.AR5,0.0262
Cote d'Ivoire,CIV,1999,Nitrous oxide (N2O) emissions from Fugitive Emissions (Energy) (Mt CO2e),EN.GHG.N2O.FE.MT.CE.AR5,0.0254
Cote d'Ivoire,CIV,1998,Nitrous oxide (N2O) emissions from Fugitive Emissions (Energy) (Mt CO2e),EN.GHG.N2O.FE.MT.CE.AR5,0.0245
Cote d'Ivoire,CIV,1997,Nitrous oxide (N2O) emissions from Fugitive Emissions (Energy) (Mt CO2e),EN.GHG.N2O.FE.MT.CE.AR5,0.0242
Cote d'Ivoire,CIV,1996,Nitrous oxide (N2O) emissions from Fugitive Emissions (Energy) (Mt CO2e),EN.GHG.N2O.FE.MT.CE.AR5,0.0234
Cote d'Ivoire,CIV,1995,Nitrous oxide (N2O) emissions from Fugitive Emissions (Energy) (Mt CO2e),EN.GHG.N2O.FE.MT.CE.AR5,0.0221
Cote d'Ivoire,CIV,1994,Nitrous oxide (N2O) emissions from Fugitive Emissions (Energy) (Mt CO2e),EN.GHG.N2O.FE.MT.CE.AR5,0.0213
Cote d'Ivoire,CIV,1993,Nitrous oxide (N2O) emissions from Fugitive Emissions (Energy) (Mt CO2e),EN.GHG.N2O.FE.MT.CE.AR5,0.0207
Cote d'Ivoire,CIV,1992,Nitrous oxide (N2O) emissions from Fugitive Emissions (Energy) (Mt CO2e),EN.GHG.N2O.FE.MT.CE.AR5,0.02
Cote d'Ivoire,CIV,1991,Nitrous oxide (N2O) emissions from Fugitive Emissions (Energy) (Mt CO2e),EN.GHG.N2O.FE.MT.CE.AR5,0.0193
Cote d'Ivoire,CIV,1990,Nitrous oxide (N2O) emissions from Fugitive Emissions (Energy) (Mt CO2e),EN.GHG.N2O.FE.MT.CE.AR5,0.0186
Cote d'Ivoire,CIV,1989,Nitrous oxide (N2O) emissions from Fugitive Emissions (Energy) (Mt CO2e),EN.GHG.N2O.FE.MT.CE.AR5,0.0182
Cote d'Ivoire,CIV,1988,Nitrous oxide (N2O) emissions from Fugitive Emissions (Energy) (Mt CO2e),EN.GHG.N2O.FE.MT.CE.AR5,0.0177
Cote d'Ivoire,CIV,1987,Nitrous oxide (N2O) emissions from Fugitive Emissions (Energy) (Mt CO2e),EN.GHG.N2O.FE.MT.CE.AR5,0.0173
Cote d'Ivoire,CIV,1986,Nitrous oxide (N2O) emissions from Fugitive Emissions (Energy) (Mt CO2e),EN.GHG.N2O.FE.MT.CE.AR5,0.0169
Cote d'Ivoire,CIV,1985,Nitrous oxide (N2O) emissions from Fugitive Emissions (Energy) (Mt CO2e),EN.GHG.N2O.FE.MT.CE.AR5,0.0166
Cote d'Ivoire,CIV,1984,Nitrous oxide (N2O) emissions from Fugitive Emissions (Energy) (Mt CO2e),EN.GHG.N2O.FE.MT.CE.AR5,0.0161
Cote d'Ivoire,CIV,1983,Nitrous oxide (N2O) emissions from Fugitive Emissions (Energy) (Mt CO2e),EN.GHG.N2O.FE.MT.CE.AR5,0.0157
Cote d'Ivoire,CIV,1982,Nitrous oxide (N2O) emissions from Fugitive Emissions (Energy) (Mt CO2e),EN.GHG.N2O.FE.MT.CE.AR5,0.0153
Cote d'Ivoire,CIV,1981,Nitrous oxide (N2O) emissions from Fugitive Emissions (Energy) (Mt CO2e),EN.GHG.N2O.FE.MT.CE.AR5,0.0149
Cote d'Ivoire,CIV,1980,Nitrous oxide (N2O) emissions from Fugitive Emissions (Energy) (Mt CO2e),EN.GHG.N2O.FE.MT.CE.AR5,0.0145
Cote d'Ivoire,CIV,1979,Nitrous oxide (N2O) emissions from Fugitive Emissions (Energy) (Mt CO2e),EN.GHG.N2O.FE.MT.CE.AR5,0.0141
Cote d'Ivoire,CIV,1978,Nitrous oxide (N2O) emissions from Fugitive Emissions (Energy) (Mt CO2e),EN.GHG.N2O.FE.MT.CE.AR5,0.0137
Cote d'Ivoire,CIV,1977,Nitrous oxide (N2O) emissions from Fugitive Emissions (Energy) (Mt CO2e),EN.GHG.N2O.FE.MT.CE.AR5,0.0132
Cote d'Ivoire,CIV,1976,Nitrous oxide (N2O) emissions from Fugitive Emissions (Energy) (Mt CO2e),EN.GHG.N2O.FE.MT.CE.AR5,0.013
Cote d'Ivoire,CIV,1975,Nitrous oxide (N2O) emissions from Fugitive Emissions (Energy) (Mt CO2e),EN.GHG.N2O.FE.MT.CE.AR5,0.0125
Cote d'Ivoire,CIV,1974,Nitrous oxide (N2O) emissions from Fugitive Emissions (Energy) (Mt CO2e),EN.GHG.N2O.FE.MT.CE.AR5,0.0122
Cote d'Ivoire,CIV,1973,Nitrous oxide (N2O) emissions from Fugitive Emissions (Energy) (Mt CO2e),EN.GHG.N2O.FE.MT.CE.AR5,0.0119
Cote d'Ivoire,CIV,1972,Nitrous oxide (N2O) emissions from Fugitive Emissions (Energy) (Mt CO2e),EN.GHG.N2O.FE.MT.CE.AR5,0.0115
Cote d'Ivoire,CIV,1971,Nitrous oxide (N2O) emissions from Fugitive Emissions (Energy) (Mt CO2e),EN.GHG.N2O.FE.MT.CE.AR5,0.0112
Cote d'Ivoire,CIV,1970,Nitrous oxide (N2O) emissions from Fugitive Emissions (Energy) (Mt CO2e),EN.GHG.N2O.FE.MT.CE.AR5,0.0113
Cote d'Ivoire,CIV,2023,Nitrous oxide (N2O) emissions from Industrial Combustion (Energy) (Mt CO2e),EN.GHG.N2O.IC.MT.CE.AR5,0.0026
Cote d'Ivoire,CIV,2022,Nitrous oxide (N2O) emissions from Industrial Combustion (Energy) (Mt CO2e),EN.GHG.N2O.IC.MT.CE.AR5,0.0027
Cote d'Ivoire,CIV,2021,Nitrous oxide (N2O) emissions from Industrial Combustion (Energy) (Mt CO2e),EN.GHG.N2O.IC.MT.CE.AR5,0.0026
Cote d'Ivoire,CIV,2020,Nitrous oxide (N2O) emissions from Industrial Combustion (Energy) (Mt CO2e),EN.GHG.N2O.IC.MT.CE.AR5,0.0023
Cote d'Ivoire,CIV,2019,Nitrous oxide (N2O) emissions from Industrial Combustion (Energy) (Mt CO2e),EN.GHG.N2O.IC.MT.CE.AR5,0.0023
Cote d'Ivoire,CIV,2018,Nitrous oxide (N2O) emissions from Industrial Combustion (Energy) (Mt CO2e),EN.GHG.N2O.IC.MT.CE.AR5,0.0018
Cote d'Ivoire,CIV,2017,Nitrous oxide (N2O) emissions from Industrial Combustion (Energy) (Mt CO2e),EN.GHG.N2O.IC.MT.CE.AR5,0.0019
Cote d'Ivoire,CIV,2016,Nitrous oxide (N2O) emissions from Industrial Combustion (Energy) (Mt CO2e),EN.GHG.N2O.IC.MT.CE.AR5,0.0015
Cote d'Ivoire,CIV,2015,Nitrous oxide (N2O) emissions from Industrial Combustion (Energy) (Mt CO2e),EN.GHG.N2O.IC.MT.CE.AR5,0.0019
Cote d'Ivoire,CIV,2014,Nitrous oxide (N2O) emissions from Industrial Combustion (Energy) (Mt CO2e),EN.GHG.N2O.IC.MT.CE.AR5,0.0017
Cote d'Ivoire,CIV,2013,Nitrous oxide (N2O) emissions from Industrial Combustion (Energy) (Mt CO2e),EN.GHG.N2O.IC.MT.CE.AR5,0.0016
Cote d'Ivoire,CIV,2012,Nitrous oxide (N2O) emissions from Industrial Combustion (Energy) (Mt CO2e),EN.GHG.N2O.IC.MT.CE.AR5,0.0016
Cote d'Ivoire,CIV,2011,Nitrous oxide (N2O) emissions from Industrial Combustion (Energy) (Mt CO2e),EN.GHG.N2O.IC.MT.CE.AR5,0.0012
Cote d'Ivoire,CIV,2010,Nitrous oxide (N2O) emissions from Industrial Combustion (Energy) (Mt CO2e),EN.GHG.N2O.IC.MT.CE.AR5,0.0012
Cote d'Ivoire,CIV,2009,Nitrous oxide (N2O) emissions from Industrial Combustion (Energy) (Mt CO2e),EN.GHG.N2O.IC.MT.CE.AR5,0.0013
Cote d'Ivoire,CIV,2008,Nitrous oxide (N2O) emissions from Industrial Combustion (Energy) (Mt CO2e),EN.GHG.N2O.IC.MT.CE.AR5,0.0011
Cote d'Ivoire,CIV,2007,Nitrous oxide (N2O) emissions from Industrial Combustion (Energy) (Mt CO2e),EN.GHG.N2O.IC.MT.CE.AR5,0.0008
Cote d'Ivoire,CIV,2006,Nitrous oxide (N2O) emissions from Industrial Combustion (Energy) (Mt CO2e),EN.GHG.N2O.IC.MT.CE.AR5,0.0011
Cote d'Ivoire,CIV,2005,Nitrous oxide (N2O) emissions from Industrial Combustion (Energy) (Mt CO2e),EN.GHG.N2O.IC.MT.CE.AR5,0.0008
Cote d'Ivoire,CIV,2004,Nitrous oxide (N2O) emissions from Industrial Combustion (Energy) (Mt CO2e),EN.GHG.N2O.IC.MT.CE.AR5,0.0011
Cote d'Ivoire,CIV,2003,Nitrous oxide (N2O) emissions from Industrial Combustion (Energy) (Mt CO2e),EN.GHG.N2O.IC.MT.CE.AR5,0.001
Cote d'Ivoire,CIV,2002,Nitrous oxide (N2O) emissions from Industrial Combustion (Energy) (Mt CO2e),EN.GHG.N2O.IC.MT.CE.AR5,0.0014
Cote d'Ivoire,CIV,2001,Nitrous oxide (N2O) emissions from Industrial Combustion (Energy) (Mt CO2e),EN.GHG.N2O.IC.MT.CE.AR5,0.0015
Cote d'Ivoire,CIV,2000,Nitrous oxide (N2O) emissions from Industrial Combustion (Energy) (Mt CO2e),EN.GHG.N2O.IC.MT.CE.AR5,0.0015
Cote d'Ivoire,CIV,1999,Nitrous oxide (N2O) emissions from Industrial Combustion (Energy) (Mt CO2e),EN.GHG.N2O.IC.MT.CE.AR5,0.0016
Cote d'Ivoire,CIV,1998,Nitrous oxide (N2O) emissions from Industrial Combustion (Energy) (Mt CO2e),EN.GHG.N2O.IC.MT.CE.AR5,0.001
Cote d'Ivoire,CIV,1997,Nitrous oxide (N2O) emissions from Industrial Combustion (Energy) (Mt CO2e),EN.GHG.N2O.IC.MT.CE.AR5,0.0013
Cote d'Ivoire,CIV,1996,Nitrous oxide (N2O) emissions from Industrial Combustion (Energy) (Mt CO2e),EN.GHG.N2O.IC.MT.CE.AR5,0.0011
Cote d'Ivoire,CIV,1995,Nitrous oxide (N2O) emissions from Industrial Combustion (Energy) (Mt CO2e),EN.GHG.N2O.IC.MT.CE.AR5,0.0009
Cote d'Ivoire,CIV,1994,Nitrous oxide (N2O) emissions from Industrial Combustion (Energy) (Mt CO2e),EN.GHG.N2O.IC.MT.CE.AR5,0.0009
Cote d'Ivoire,CIV,1993,Nitrous oxide (N2O) emissions from Industrial Combustion (Energy) (Mt CO2e),EN.GHG.N2O.IC.MT.CE.AR5,0.0009
Cote d'Ivoire,CIV,1992,Nitrous oxide (N2O) emissions from Industrial Combustion (Energy) (Mt CO2e),EN.GHG.N2O.IC.MT.CE.AR5,0.0009
Cote d'Ivoire,CIV,1991,Nitrous oxide (N2O) emissions from Industrial Combustion (Energy) (Mt CO2e),EN.GHG.N2O.IC.MT.CE.AR5,0.0009
Cote d'Ivoire,CIV,1990,Nitrous oxide (N2O) emissions from Industrial Combustion (Energy) (Mt CO2e),EN.GHG.N2O.IC.MT.CE.AR5,0.0008
Cote d'Ivoire,CIV,1989,Nitrous oxide (N2O) emissions from Industrial Combustion (Energy) (Mt CO2e),EN.GHG.N2O.IC.MT.CE.AR5,0.0009
Cote d'Ivoire,CIV,1988,Nitrous oxide (N2O) emissions from Industrial Combustion (Energy) (Mt CO2e),EN.GHG.N2O.IC.MT.CE.AR5,0.0009
Cote d'Ivoire,CIV,1987,Nitrous oxide (N2O) emissions from Industrial Combustion (Energy) (Mt CO2e),EN.GHG.N2O.IC.MT.CE.AR5,0.0009
Cote d'Ivoire,CIV,1986,Nitrous oxide (N2O) emissions from Industrial Combustion (Energy) (Mt CO2e),EN.GHG.N2O.IC.MT.CE.AR5,0.0008
Cote d'Ivoire,CIV,1985,Nitrous oxide (N2O) emissions from Industrial Combustion (Energy) (Mt CO2e),EN.GHG.N2O.IC.MT.CE.AR5,0.0008
Cote d'Ivoire,CIV,1984,Nitrous oxide (N2O) emissions from Industrial Combustion (Energy) (Mt CO2e),EN.GHG.N2O.IC.MT.CE.AR5,0.0004
Cote d'Ivoire,CIV,1983,Nitrous oxide (N2O) emissions from Industrial Combustion (Energy) (Mt CO2e),EN.GHG.N2O.IC.MT.CE.AR5,0.0016
Cote d'Ivoire,CIV,1982,Nitrous oxide (N2O) emissions from Industrial Combustion (Energy) (Mt CO2e),EN.GHG.N2O.IC.MT.CE.AR5,0.0012
Cote d'Ivoire,CIV,1981,Nitrous oxide (N2O) emissions from Industrial Combustion (Energy) (Mt CO2e),EN.GHG.N2O.IC.MT.CE.AR5,0.0011
Cote d'Ivoire,CIV,1980,Nitrous oxide (N2O) emissions from Industrial Combustion (Energy) (Mt CO2e),EN.GHG.N2O.IC.MT.CE.AR5,0.0013
Cote d'Ivoire,CIV,1979,Nitrous oxide (N2O) emissions from Industrial Combustion (Energy) (Mt CO2e),EN.GHG.N2O.IC.MT.CE.AR5,0.0011
Cote d'Ivoire,CIV,1978,Nitrous oxide (N2O) emissions from Industrial Combustion (Energy) (Mt CO2e),EN.GHG.N2O.IC.MT.CE.AR5,0.0013
Cote d'Ivoire,CIV,1977,Nitrous oxide (N2O) emissions from Industrial Combustion (Energy) (Mt CO2e),EN.GHG.N2O.IC.MT.CE.AR5,0.0011
Cote d'Ivoire,CIV,1976,Nitrous oxide (N2O) emissions from Industrial Combustion (Energy) (Mt CO2e),EN.GHG.N2O.IC.MT.CE.AR5,0.0019
Cote d'Ivoire,CIV,1975,Nitrous oxide (N2O) emissions from Industrial Combustion (Energy) (Mt CO2e),EN.GHG.N2O.IC.MT.CE.AR5,0.0021
Cote d'Ivoire,CIV,1974,Nitrous oxide (N2O) emissions from Industrial Combustion (Energy) (Mt CO2e),EN.GHG.N2O.IC.MT.CE.AR5,0.0018
Cote d'Ivoire,CIV,1973,Nitrous oxide (N2O) emissions from Industrial Combustion (Energy) (Mt CO2e),EN.GHG.N2O.IC.MT.CE.AR5,0.0015
Cote d'Ivoire,CIV,1972,Nitrous oxide (N2O) emissions from Industrial Combustion (Energy) (Mt CO2e),EN.GHG.N2O.IC.MT.CE.AR5,0.0017
Cote d'Ivoire,CIV,1971,Nitrous oxide (N2O) emissions from Industrial Combustion (Energy) (Mt CO2e),EN.GHG.N2O.IC.MT.CE.AR5,0.0015
Cote d'Ivoire,CIV,1970,Nitrous oxide (N2O) emissions from Industrial Combustion (Energy) (Mt CO2e),EN.GHG.N2O.IC.MT.CE.AR5,0.0015
Cote d'Ivoire,CIV,2023,Nitrous oxide (N2O) emissions from Industrial Processes (Mt CO2e),EN.GHG.N2O.IP.MT.CE.AR5,0.3384
Cote d'Ivoire,CIV,2022,Nitrous oxide (N2O) emissions from Industrial Processes (Mt CO2e),EN.GHG.N2O.IP.MT.CE.AR5,0.3492
Cote d'Ivoire,CIV,2021,Nitrous oxide (N2O) emissions from Industrial Processes (Mt CO2e),EN.GHG.N2O.IP.MT.CE.AR5,0.3362
Cote d'Ivoire,CIV,2020,Nitrous oxide (N2O) emissions from Industrial Processes (Mt CO2e),EN.GHG.N2O.IP.MT.CE.AR5,0.3376
Cote d'Ivoire,CIV,2019,Nitrous oxide (N2O) emissions from Industrial Processes (Mt CO2e),EN.GHG.N2O.IP.MT.CE.AR5,0.3133
Cote d'Ivoire,CIV,2018,Nitrous oxide (N2O) emissions from Industrial Processes (Mt CO2e),EN.GHG.N2O.IP.MT.CE.AR5,0.3115
Cote d'Ivoire,CIV,2017,Nitrous oxide (N2O) emissions from Industrial Processes (Mt CO2e),EN.GHG.N2O.IP.MT.CE.AR5,0.342
Cote d'Ivoire,CIV,2016,Nitrous oxide (N2O) emissions from Industrial Processes (Mt CO2e),EN.GHG.N2O.IP.MT.CE.AR5,0.413
Cote d'Ivoire,CIV,2015,Nitrous oxide (N2O) emissions from Industrial Processes (Mt CO2e),EN.GHG.N2O.IP.MT.CE.AR5,0.3405
Cote d'Ivoire,CIV,2014,Nitrous oxide (N2O) emissions from Industrial Processes (Mt CO2e),EN.GHG.N2O.IP.MT.CE.AR5,0.3348
Cote d'Ivoire,CIV,2013,Nitrous oxide (N2O) emissions from Industrial Processes (Mt CO2e),EN.GHG.N2O.IP.MT.CE.AR5,0.3948
Cote d'Ivoire,CIV,2012,Nitrous oxide (N2O) emissions from Industrial Processes (Mt CO2e),EN.GHG.N2O.IP.MT.CE.AR5,0.3593
Cote d'Ivoire,CIV,2011,Nitrous oxide (N2O) emissions from Industrial Processes (Mt CO2e),EN.GHG.N2O.IP.MT.CE.AR5,0.3502
Cote d'Ivoire,CIV,2010,Nitrous oxide (N2O) emissions from Industrial Processes (Mt CO2e),EN.GHG.N2O.IP.MT.CE.AR5,0.2992
Cote d'Ivoire,CIV,2009,Nitrous oxide (N2O) emissions from Industrial Processes (Mt CO2e),EN.GHG.N2O.IP.MT.CE.AR5,0.3014
Cote d'Ivoire,CIV,2008,Nitrous oxide (N2O) emissions from Industrial Processes (Mt CO2e),EN.GHG.N2O.IP.MT.CE.AR5,0.332
Cote d'Ivoire,CIV,2007,Nitrous oxide (N2O) emissions from Industrial Processes (Mt CO2e),EN.GHG.N2O.IP.MT.CE.AR5,0.3609
Cote d'Ivoire,CIV,2006,Nitrous oxide (N2O) emissions from Industrial Processes (Mt CO2e),EN.GHG.N2O.IP.MT.CE.AR5,0.3504
Cote d'Ivoire,CIV,2005,Nitrous oxide (N2O) emissions from Industrial Processes (Mt CO2e),EN.GHG.N2O.IP.MT.CE.AR5,0.3868
Cote d'Ivoire,CIV,2004,Nitrous oxide (N2O) emissions from Industrial Processes (Mt CO2e),EN.GHG.N2O.IP.MT.CE.AR5,0.2698
Cote d'Ivoire,CIV,2003,Nitrous oxide (N2O) emissions from Industrial Processes (Mt CO2e),EN.GHG.N2O.IP.MT.CE.AR5,0.3104
Cote d'Ivoire,CIV,2002,Nitrous oxide (N2O) emissions from Industrial Processes (Mt CO2e),EN.GHG.N2O.IP.MT.CE.AR5,0.3352
Cote d'Ivoire,CIV,2001,Nitrous oxide (N2O) emissions from Industrial Processes (Mt CO2e),EN.GHG.N2O.IP.MT.CE.AR5,0.3755
Cote d'Ivoire,CIV,2000,Nitrous oxide (N2O) emissions from Industrial Processes (Mt CO2e),EN.GHG.N2O.IP.MT.CE.AR5,0.3223
Cote d'Ivoire,CIV,1999,Nitrous oxide (N2O) emissions from Industrial Processes (Mt CO2e),EN.GHG.N2O.IP.MT.CE.AR5,0.339
Cote d'Ivoire,CIV,1998,Nitrous oxide (N2O) emissions from Industrial Processes (Mt CO2e),EN.GHG.N2O.IP.MT.CE.AR5,0.359
Cote d'Ivoire,CIV,1997,Nitrous oxide (N2O) emissions from Industrial Processes (Mt CO2e),EN.GHG.N2O.IP.MT.CE.AR5,0.2911
Cote d'Ivoire,CIV,1996,Nitrous oxide (N2O) emissions from Industrial Processes (Mt CO2e),EN.GHG.N2O.IP.MT.CE.AR5,0.368
Cote d'Ivoire,CIV,1995,Nitrous oxide (N2O) emissions from Industrial Processes (Mt CO2e),EN.GHG.N2O.IP.MT.CE.AR5,0.386
Cote d'Ivoire,CIV,1994,Nitrous oxide (N2O) emissions from Industrial Processes (Mt CO2e),EN.GHG.N2O.IP.MT.CE.AR5,0.3828
Cote d'Ivoire,CIV,1993,Nitrous oxide (N2O) emissions from Industrial Processes (Mt CO2e),EN.GHG.N2O.IP.MT.CE.AR5,0.2753
Cote d'Ivoire,CIV,1992,Nitrous oxide (N2O) emissions from Industrial Processes (Mt CO2e),EN.GHG.N2O.IP.MT.CE.AR5,0.3027
Cote d'Ivoire,CIV,1991,Nitrous oxide (N2O) emissions from Industrial Processes (Mt CO2e),EN.GHG.N2O.IP.MT.CE.AR5,0.3322
Cote d'Ivoire,CIV,1990,Nitrous oxide (N2O) emissions from Industrial Processes (Mt CO2e),EN.GHG.N2O.IP.MT.CE.AR5,0.3416
Cote d'Ivoire,CIV,1989,Nitrous oxide (N2O) emissions from Industrial Processes (Mt CO2e),EN.GHG.N2O.IP.MT.CE.AR5,0.3197
Cote d'Ivoire,CIV,1988,Nitrous oxide (N2O) emissions from Industrial Processes (Mt CO2e),EN.GHG.N2O.IP.MT.CE.AR5,0.2541
Cote d'Ivoire,CIV,1987,Nitrous oxide (N2O) emissions from Industrial Processes (Mt CO2e),EN.GHG.N2O.IP.MT.CE.AR5,0.2858
Cote d'Ivoire,CIV,1986,Nitrous oxide (N2O) emissions from Industrial Processes (Mt CO2e),EN.GHG.N2O.IP.MT.CE.AR5,0.2819
Cote d'Ivoire,CIV,1985,Nitrous oxide (N2O) emissions from Industrial Processes (Mt CO2e),EN.GHG.N2O.IP.MT.CE.AR5,0.2573
Cote d'Ivoire,CIV,1984,Nitrous oxide (N2O) emissions from Industrial Processes (Mt CO2e),EN.GHG.N2O.IP.MT.CE.AR5,0.2223
Cote d'Ivoire,CIV,1983,Nitrous oxide (N2O) emissions from Industrial Processes (Mt CO2e),EN.GHG.N2O.IP.MT.CE.AR5,0.3056
Cote d'Ivoire,CIV,1982,Nitrous oxide (N2O) emissions from Industrial Processes (Mt CO2e),EN.GHG.N2O.IP.MT.CE.AR5,0.3198
Cote d'Ivoire,CIV,1981,Nitrous oxide (N2O) emissions from Industrial Processes (Mt CO2e),EN.GHG.N2O.IP.MT.CE.AR5,0.0895
Cote d'Ivoire,CIV,1980,Nitrous oxide (N2O) emissions from Industrial Processes (Mt CO2e),EN.GHG.N2O.IP.MT.CE.AR5,0.0904
Cote d'Ivoire,CIV,1979,Nitrous oxide (N2O) emissions from Industrial Processes (Mt CO2e),EN.GHG.N2O.IP.MT.CE.AR5,0.0903
Cote d'Ivoire,CIV,1978,Nitrous oxide (N2O) emissions from Industrial Processes (Mt CO2e),EN.GHG.N2O.IP.MT.CE.AR5,0.0901
Cote d'Ivoire,CIV,1977,Nitrous oxide (N2O) emissions from Industrial Processes (Mt CO2e),EN.GHG.N2O.IP.MT.CE.AR5,0.0842
Cote d'Ivoire,CIV,1976,Nitrous oxide (N2O) emissions from Industrial Processes (Mt CO2e),EN.GHG.N2O.IP.MT.CE.AR5,0.0825
Cote d'Ivoire,CIV,1975,Nitrous oxide (N2O) emissions from Industrial Processes (Mt CO2e),EN.GHG.N2O.IP.MT.CE.AR5,0.0764
Cote d'Ivoire,CIV,1974,Nitrous oxide (N2O) emissions from Industrial Processes (Mt CO2e),EN.GHG.N2O.IP.MT.CE.AR5,0.0742
Cote d'Ivoire,CIV,1973,Nitrous oxide (N2O) emissions from Industrial Processes (Mt CO2e),EN.GHG.N2O.IP.MT.CE.AR5,0.0727
Cote d'Ivoire,CIV,1972,Nitrous oxide (N2O) emissions from Industrial Processes (Mt CO2e),EN.GHG.N2O.IP.MT.CE.AR5,0.0692
Cote d'Ivoire,CIV,1971,Nitrous oxide (N2O) emissions from Industrial Processes (Mt CO2e),EN.GHG.N2O.IP.MT.CE.AR5,0.0659
Cote d'Ivoire,CIV,1970,Nitrous oxide (N2O) emissions from Industrial Processes (Mt CO2e),EN.GHG.N2O.IP.MT.CE.AR5,0.0654
Cote d'Ivoire,CIV,2023,Nitrous oxide (N2O) emissions (total) excluding LULUCF (Mt CO2e),EN.GHG.N2O.MT.CE.AR5,2.9318
Cote d'Ivoire,CIV,2022,Nitrous oxide (N2O) emissions (total) excluding LULUCF (Mt CO2e),EN.GHG.N2O.MT.CE.AR5,2.8698
Cote d'Ivoire,CIV,2021,Nitrous oxide (N2O) emissions (total) excluding LULUCF (Mt CO2e),EN.GHG.N2O.MT.CE.AR5,2.8257
Cote d'Ivoire,CIV,2020,Nitrous oxide (N2O) emissions (total) excluding LULUCF (Mt CO2e),EN.GHG.N2O.MT.CE.AR5,2.6315
Cote d'Ivoire,CIV,2019,Nitrous oxide (N2O) emissions (total) excluding LULUCF (Mt CO2e),EN.GHG.N2O.MT.CE.AR5,2.6612
Cote d'Ivoire,CIV,2018,Nitrous oxide (N2O) emissions (total) excluding LULUCF (Mt CO2e),EN.GHG.N2O.MT.CE.AR5,2.4108
Cote d'Ivoire,CIV,2017,Nitrous oxide (N2O) emissions (total) excluding LULUCF (Mt CO2e),EN.GHG.N2O.MT.CE.AR5,2.4034
Cote d'Ivoire,CIV,2016,Nitrous oxide (N2O) emissions (total) excluding LULUCF (Mt CO2e),EN.GHG.N2O.MT.CE.AR5,2.4624
Cote d'Ivoire,CIV,2015,Nitrous oxide (N2O) emissions (total) excluding LULUCF (Mt CO2e),EN.GHG.N2O.MT.CE.AR5,2.2892
Cote d'Ivoire,CIV,2014,Nitrous oxide (N2O) emissions (total) excluding LULUCF (Mt CO2e),EN.GHG.N2O.MT.CE.AR5,2.326
Cote d'Ivoire,CIV,2013,Nitrous oxide (N2O) emissions (total) excluding LULUCF (Mt CO2e),EN.GHG.N2O.MT.CE.AR5,2.2849
Cote d'Ivoire,CIV,2012,Nitrous oxide (N2O) emissions (total) excluding LULUCF (Mt CO2e),EN.GHG.N2O.MT.CE.AR5,2.1868
Cote d'Ivoire,CIV,2011,Nitrous oxide (N2O) emissions (total) excluding LULUCF (Mt CO2e),EN.GHG.N2O.MT.CE.AR5,2.072
Cote d'Ivoire,CIV,2010,Nitrous oxide (N2O) emissions (total) excluding LULUCF (Mt CO2e),EN.GHG.N2O.MT.CE.AR5,1.9924
Cote d'Ivoire,CIV,2009,Nitrous oxide (N2O) emissions (total) excluding LULUCF (Mt CO2e),EN.GHG.N2O.MT.CE.AR5,2.0069
Cote d'Ivoire,CIV,2008,Nitrous oxide (N2O) emissions (total) excluding LULUCF (Mt CO2e),EN.GHG.N2O.MT.CE.AR5,2.0138
Cote d'Ivoire,CIV,2007,Nitrous oxide (N2O) emissions (total) excluding LULUCF (Mt CO2e),EN.GHG.N2O.MT.CE.AR5,2.0135
Cote d'Ivoire,CIV,2006,Nitrous oxide (N2O) emissions (total) excluding LULUCF (Mt CO2e),EN.GHG.N2O.MT.CE.AR5,1.9714
Cote d'Ivoire,CIV,2005,Nitrous oxide (N2O) emissions (total) excluding LULUCF (Mt CO2e),EN.GHG.N2O.MT.CE.AR5,1.9854
Cote d'Ivoire,CIV,2004,Nitrous oxide (N2O) emissions (total) excluding LULUCF (Mt CO2e),EN.GHG.N2O.MT.CE.AR5,1.8423
Cote d'Ivoire,CIV,2003,Nitrous oxide (N2O) emissions (total) excluding LULUCF (Mt CO2e),EN.GHG.N2O.MT.CE.AR5,1.8277
Cote d'Ivoire,CIV,2002,Nitrous oxide (N2O) emissions (total) excluding LULUCF (Mt CO2e),EN.GHG.N2O.MT.CE.AR5,1.9379
Cote d'Ivoire,CIV,2001,Nitrous oxide (N2O) emissions (total) excluding LULUCF (Mt CO2e),EN.GHG.N2O.MT.CE.AR5,1.8248
Cote d'Ivoire,CIV,2000,Nitrous oxide (N2O) emissions (total) excluding LULUCF (Mt CO2e),EN.GHG.N2O.MT.CE.AR5,1.8136
Cote d'Ivoire,CIV,1999,Nitrous oxide (N2O) emissions (total) excluding LULUCF (Mt CO2e),EN.GHG.N2O.MT.CE.AR5,1.8141
Cote d'Ivoire,CIV,1998,Nitrous oxide (N2O) emissions (total) excluding LULUCF (Mt CO2e),EN.GHG.N2O.MT.CE.AR5,1.8469
Cote d'Ivoire,CIV,1997,Nitrous oxide (N2O) emissions (total) excluding LULUCF (Mt CO2e),EN.GHG.N2O.MT.CE.AR5,1.8326
Cote d'Ivoire,CIV,1996,Nitrous oxide (N2O) emissions (total) excluding LULUCF (Mt CO2e),EN.GHG.N2O.MT.CE.AR5,1.7726
Cote d'Ivoire,CIV,1995,Nitrous oxide (N2O) emissions (total) excluding LULUCF (Mt CO2e),EN.GHG.N2O.MT.CE.AR5,1.7579
Cote d'Ivoire,CIV,1994,Nitrous oxide (N2O) emissions (total) excluding LULUCF (Mt CO2e),EN.GHG.N2O.MT.CE.AR5,1.7107
Cote d'Ivoire,CIV,1993,Nitrous oxide (N2O) emissions (total) excluding LULUCF (Mt CO2e),EN.GHG.N2O.MT.CE.AR5,1.5517
Cote d'Ivoire,CIV,1992,Nitrous oxide (N2O) emissions (total) excluding LULUCF (Mt CO2e),EN.GHG.N2O.MT.CE.AR5,1.4981
Cote d'Ivoire,CIV,1991,Nitrous oxide (N2O) emissions (total) excluding LULUCF (Mt CO2e),EN.GHG.N2O.MT.CE.AR5,1.4922
Cote d'Ivoire,CIV,1990,Nitrous oxide (N2O) emissions (total) excluding LULUCF (Mt CO2e),EN.GHG.N2O.MT.CE.AR5,1.458
Cote d'Ivoire,CIV,1989,Nitrous oxide (N2O) emissions (total) excluding LULUCF (Mt CO2e),EN.GHG.N2O.MT.CE.AR5,1.3843
Cote d'Ivoire,CIV,1988,Nitrous oxide (N2O) emissions (total) excluding LULUCF (Mt CO2e),EN.GHG.N2O.MT.CE.AR5,1.2823
Cote d'Ivoire,CIV,1987,Nitrous oxide (N2O) emissions (total) excluding LULUCF (Mt CO2e),EN.GHG.N2O.MT.CE.AR5,1.2444
Cote d'Ivoire,CIV,1986,Nitrous oxide (N2O) emissions (total) excluding LULUCF (Mt CO2e),EN.GHG.N2O.MT.CE.AR5,1.2328
Cote d'Ivoire,CIV,1985,Nitrous oxide (N2O) emissions (total) excluding LULUCF (Mt CO2e),EN.GHG.N2O.MT.CE.AR5,1.1806
Cote d'Ivoire,CIV,1984,Nitrous oxide (N2O) emissions (total) excluding LULUCF (Mt CO2e),EN.GHG.N2O.MT.CE.AR5,1.146
Cote d'Ivoire,CIV,1983,Nitrous oxide (N2O) emissions (total) excluding LULUCF (Mt CO2e),EN.GHG.N2O.MT.CE.AR5,1.2003
Cote d'Ivoire,CIV,1982,Nitrous oxide (N2O) emissions (total) excluding LULUCF (Mt CO2e),EN.GHG.N2O.MT.CE.AR5,1.224
Cote d'Ivoire,CIV,1981,Nitrous oxide (N2O) emissions (total) excluding LULUCF (Mt CO2e),EN.GHG.N2O.MT.CE.AR5,0.9688
Cote d'Ivoire,CIV,1980,Nitrous oxide (N2O) emissions (total) excluding LULUCF (Mt CO2e),EN.GHG.N2O.MT.CE.AR5,0.9854
Cote d'Ivoire,CIV,1979,Nitrous oxide (N2O) emissions (total) excluding LULUCF (Mt CO2e),EN.GHG.N2O.MT.CE.AR5,0.9516
Cote d'Ivoire,CIV,1978,Nitrous oxide (N2O) emissions (total) excluding LULUCF (Mt CO2e),EN.GHG.N2O.MT.CE.AR5,0.9199
Cote d'Ivoire,CIV,1977,Nitrous oxide (N2O) emissions (total) excluding LULUCF (Mt CO2e),EN.GHG.N2O.MT.CE.AR5,0.8906
Cote d'Ivoire,CIV,1976,Nitrous oxide (N2O) emissions (total) excluding LULUCF (Mt CO2e),EN.GHG.N2O.MT.CE.AR5,0.8246
Cote d'Ivoire,CIV,1975,Nitrous oxide (N2O) emissions (total) excluding LULUCF (Mt CO2e),EN.GHG.N2O.MT.CE.AR5,0.7779
Cote d'Ivoire,CIV,1974,Nitrous oxide (N2O) emissions (total) excluding LULUCF (Mt CO2e),EN.GHG.N2O.MT.CE.AR5,0.7332
Cote d'Ivoire,CIV,1973,Nitrous oxide (N2O) emissions (total) excluding LULUCF (Mt CO2e),EN.GHG.N2O.MT.CE.AR5,0.7156
Cote d'Ivoire,CIV,1972,Nitrous oxide (N2O) emissions (total) excluding LULUCF (Mt CO2e),EN.GHG.N2O.MT.CE.AR5,0.7053
Cote d'Ivoire,CIV,1971,Nitrous oxide (N2O) emissions (total) excluding LULUCF (Mt CO2e),EN.GHG.N2O.MT.CE.AR5,0.6836
Cote d'Ivoire,CIV,1970,Nitrous oxide (N2O) emissions (total) excluding LULUCF (Mt CO2e),EN.GHG.N2O.MT.CE.AR5,0.6715
Cote d'Ivoire,CIV,2023,Nitrous oxide (N2O) emissions from Power Industry (Energy) (Mt CO2e),EN.GHG.N2O.PI.MT.CE.AR5,0.0064
Cote d'Ivoire,CIV,2022,Nitrous oxide (N2O) emissions from Power Industry (Energy) (Mt CO2e),EN.GHG.N2O.PI.MT.CE.AR5,0.0065
Cote d'Ivoire,CIV,2021,Nitrous oxide (N2O) emissions from Power Industry (Energy) (Mt CO2e),EN.GHG.N2O.PI.MT.CE.AR5,0.0065
Cote d'Ivoire,CIV,2020,Nitrous oxide (N2O) emissions from Power Industry (Energy) (Mt CO2e),EN.GHG.N2O.PI.MT.CE.AR5,0.0061
Cote d'Ivoire,CIV,2019,Nitrous oxide (N2O) emissions from Power Industry (Energy) (Mt CO2e),EN.GHG.N2O.PI.MT.CE.AR5,0.0053
Cote d'Ivoire,CIV,2018,Nitrous oxide (N2O) emissions from Power Industry (Energy) (Mt CO2e),EN.GHG.N2O.PI.MT.CE.AR5,0.0067
Cote d'Ivoire,CIV,2017,Nitrous oxide (N2O) emissions from Power Industry (Energy) (Mt CO2e),EN.GHG.N2O.PI.MT.CE.AR5,0.0039
Cote d'Ivoire,CIV,2016,Nitrous oxide (N2O) emissions from Power Industry (Energy) (Mt CO2e),EN.GHG.N2O.PI.MT.CE.AR5,0.0037
Cote d'Ivoire,CIV,2015,Nitrous oxide (N2O) emissions from Power Industry (Energy) (Mt CO2e),EN.GHG.N2O.PI.MT.CE.AR5,0.004
Cote d'Ivoire,CIV,2014,Nitrous oxide (N2O) emissions from Power Industry (Energy) (Mt CO2e),EN.GHG.N2O.PI.MT.CE.AR5,0.0036
Cote d'Ivoire,CIV,2013,Nitrous oxide (N2O) emissions from Power Industry (Energy) (Mt CO2e),EN.GHG.N2O.PI.MT.CE.AR5,0.0033
Cote d'Ivoire,CIV,2012,Nitrous oxide (N2O) emissions from Power Industry (Energy) (Mt CO2e),EN.GHG.N2O.PI.MT.CE.AR5,0.0034
Cote d'Ivoire,CIV,2011,Nitrous oxide (N2O) emissions from Power Industry (Energy) (Mt CO2e),EN.GHG.N2O.PI.MT.CE.AR5,0.0027
Cote d'Ivoire,CIV,2010,Nitrous oxide (N2O) emissions from Power Industry (Energy) (Mt CO2e),EN.GHG.N2O.PI.MT.CE.AR5,0.0029
Cote d'Ivoire,CIV,2009,Nitrous oxide (N2O) emissions from Power Industry (Energy) (Mt CO2e),EN.GHG.N2O.PI.MT.CE.AR5,0.0027
Cote d'Ivoire,CIV,2008,Nitrous oxide (N2O) emissions from Power Industry (Energy) (Mt CO2e),EN.GHG.N2O.PI.MT.CE.AR5,0.0031
Cote d'Ivoire,CIV,2007,Nitrous oxide (N2O) emissions from Power Industry (Energy) (Mt CO2e),EN.GHG.N2O.PI.MT.CE.AR5,0.0029
Cote d'Ivoire,CIV,2006,Nitrous oxide (N2O) emissions from Power Industry (Energy) (Mt CO2e),EN.GHG.N2O.PI.MT.CE.AR5,0.0028
Cote d'Ivoire,CIV,2005,Nitrous oxide (N2O) emissions from Power Industry (Energy) (Mt CO2e),EN.GHG.N2O.PI.MT.CE.AR5,0.0029
Cote d'Ivoire,CIV,2004,Nitrous oxide (N2O) emissions from Power Industry (Energy) (Mt CO2e),EN.GHG.N2O.PI.MT.CE.AR5,0.0026
Cote d'Ivoire,CIV,2003,Nitrous oxide (N2O) emissions from Power Industry (Energy) (Mt CO2e),EN.GHG.N2O.PI.MT.CE.AR5,0.0009
Cote d'Ivoire,CIV,2002,Nitrous oxide (N2O) emissions from Power Industry (Energy) (Mt CO2e),EN.GHG.N2O.PI.MT.CE.AR5,0.001
Cote d'Ivoire,CIV,2001,Nitrous oxide (N2O) emissions from Power Industry (Energy) (Mt CO2e),EN.GHG.N2O.PI.MT.CE.AR5,0.0009
Cote d'Ivoire,CIV,2000,Nitrous oxide (N2O) emissions from Power Industry (Energy) (Mt CO2e),EN.GHG.N2O.PI.MT.CE.AR5,0.0009
Cote d'Ivoire,CIV,1999,Nitrous oxide (N2O) emissions from Power Industry (Energy) (Mt CO2e),EN.GHG.N2O.PI.MT.CE.AR5,0.0013
Cote d'Ivoire,CIV,1998,Nitrous oxide (N2O) emissions from Power Industry (Energy) (Mt CO2e),EN.GHG.N2O.PI.MT.CE.AR5,0.0014
Cote d'Ivoire,CIV,1997,Nitrous oxide (N2O) emissions from Power Industry (Energy) (Mt CO2e),EN.GHG.N2O.PI.MT.CE.AR5,0.0011
Cote d'Ivoire,CIV,1996,Nitrous oxide (N2O) emissions from Power Industry (Energy) (Mt CO2e),EN.GHG.N2O.PI.MT.CE.AR5,0.0008
Cote d'Ivoire,CIV,1995,Nitrous oxide (N2O) emissions from Power Industry (Energy) (Mt CO2e),EN.GHG.N2O.PI.MT.CE.AR5,0.0014
Cote d'Ivoire,CIV,1994,Nitrous oxide (N2O) emissions from Power Industry (Energy) (Mt CO2e),EN.GHG.N2O.PI.MT.CE.AR5,0.0014
Cote d'Ivoire,CIV,1993,Nitrous oxide (N2O) emissions from Power Industry (Energy) (Mt CO2e),EN.GHG.N2O.PI.MT.CE.AR5,0.0012
Cote d'Ivoire,CIV,1992,Nitrous oxide (N2O) emissions from Power Industry (Energy) (Mt CO2e),EN.GHG.N2O.PI.MT.CE.AR5,0.0008
Cote d'Ivoire,CIV,1991,Nitrous oxide (N2O) emissions from Power Industry (Energy) (Mt CO2e),EN.GHG.N2O.PI.MT.CE.AR5,0.0008
Cote d'Ivoire,CIV,1990,Nitrous oxide (N2O) emissions from Power Industry (Energy) (Mt CO2e),EN.GHG.N2O.PI.MT.CE.AR5,0.0007
Cote d'Ivoire,CIV,1989,Nitrous oxide (N2O) emissions from Power Industry (Energy) (Mt CO2e),EN.GHG.N2O.PI.MT.CE.AR5,0.0008
Cote d'Ivoire,CIV,1988,Nitrous oxide (N2O) emissions from Power Industry (Energy) (Mt CO2e),EN.GHG.N2O.PI.MT.CE.AR5,0.0013
Cote d'Ivoire,CIV,1987,Nitrous oxide (N2O) emissions from Power Industry (Energy) (Mt CO2e),EN.GHG.N2O.PI.MT.CE.AR5,0.0014
Cote d'Ivoire,CIV,1986,Nitrous oxide (N2O) emissions from Power Industry (Energy) (Mt CO2e),EN.GHG.N2O.PI.MT.CE.AR5,0.0012
Cote d'Ivoire,CIV,1985,Nitrous oxide (N2O) emissions from Power Industry (Energy) (Mt CO2e),EN.GHG.N2O.PI.MT.CE.AR5,0.001
Cote d'Ivoire,CIV,1984,Nitrous oxide (N2O) emissions from Power Industry (Energy) (Mt CO2e),EN.GHG.N2O.PI.MT.CE.AR5,0.0018
Cote d'Ivoire,CIV,1983,Nitrous oxide (N2O) emissions from Power Industry (Energy) (Mt CO2e),EN.GHG.N2O.PI.MT.CE.AR5,0.0013
Cote d'Ivoire,CIV,1982,Nitrous oxide (N2O) emissions from Power Industry (Energy) (Mt CO2e),EN.GHG.N2O.PI.MT.CE.AR5,0.0003
Cote d'Ivoire,CIV,1981,Nitrous oxide (N2O) emissions from Power Industry (Energy) (Mt CO2e),EN.GHG.N2O.PI.MT.CE.AR5,0.0002
Cote d'Ivoire,CIV,1980,Nitrous oxide (N2O) emissions from Power Industry (Energy) (Mt CO2e),EN.GHG.N2O.PI.MT.CE.AR5,0.0005
Cote d'Ivoire,CIV,1979,Nitrous oxide (N2O) emissions from Power Industry (Energy) (Mt CO2e),EN.GHG.N2O.PI.MT.CE.AR5,0.0011
Cote d'Ivoire,CIV,1978,Nitrous oxide (N2O) emissions from Power Industry (Energy) (Mt CO2e),EN.GHG.N2O.PI.MT.CE.AR5,0.0016
Cote d'Ivoire,CIV,1977,Nitrous oxide (N2O) emissions from Power Industry (Energy) (Mt CO2e),EN.GHG.N2O.PI.MT.CE.AR5,0.0013
Cote d'Ivoire,CIV,1976,Nitrous oxide (N2O) emissions from Power Industry (Energy) (Mt CO2e),EN.GHG.N2O.PI.MT.CE.AR5,0.001
Cote d'Ivoire,CIV,1975,Nitrous oxide (N2O) emissions from Power Industry (Energy) (Mt CO2e),EN.GHG.N2O.PI.MT.CE.AR5,0.0008
Cote d'Ivoire,CIV,1974,Nitrous oxide (N2O) emissions from Power Industry (Energy) (Mt CO2e),EN.GHG.N2O.PI.MT.CE.AR5,0.0009
Cote d'Ivoire,CIV,1973,Nitrous oxide (N2O) emissions from Power Industry (Energy) (Mt CO2e),EN.GHG.N2O.PI.MT.CE.AR5,0.001
Cote d'Ivoire,CIV,1972,Nitrous oxide (N2O) emissions from Power Industry (Energy) (Mt CO2e),EN.GHG.N2O.PI.MT.CE.AR5,0.0007
Cote d'Ivoire,CIV,1971,Nitrous oxide (N2O) emissions from Power Industry (Energy) (Mt CO2e),EN.GHG.N2O.PI.MT.CE.AR5,0.0007
Cote d'Ivoire,CIV,1970,Nitrous oxide (N2O) emissions from Power Industry (Energy) (Mt CO2e),EN.GHG.N2O.PI.MT.CE.AR5,0.0007
Cote d'Ivoire,CIV,2023,Nitrous oxide (N2O) emissions from Transport (Energy) (Mt CO2e),EN.GHG.N2O.TR.MT.CE.AR5,0.0616
Cote d'Ivoire,CIV,2022,Nitrous oxide (N2O) emissions from Transport (Energy) (Mt CO2e),EN.GHG.N2O.TR.MT.CE.AR5,0.0635
Cote d'Ivoire,CIV,2021,Nitrous oxide (N2O) emissions from Transport (Energy) (Mt CO2e),EN.GHG.N2O.TR.MT.CE.AR5,0.0604
Cote d'Ivoire,CIV,2020,Nitrous oxide (N2O) emissions from Transport (Energy) (Mt CO2e),EN.GHG.N2O.TR.MT.CE.AR5,0.05
Cote d'Ivoire,CIV,2019,Nitrous oxide (N2O) emissions from Transport (Energy) (Mt CO2e),EN.GHG.N2O.TR.MT.CE.AR5,0.0502
Cote d'Ivoire,CIV,2018,Nitrous oxide (N2O) emissions from Transport (Energy) (Mt CO2e),EN.GHG.N2O.TR.MT.CE.AR5,0.0474
Cote d'Ivoire,CIV,2017,Nitrous oxide (N2O) emissions from Transport (Energy) (Mt CO2e),EN.GHG.N2O.TR.MT.CE.AR5,0.0438
Cote d'Ivoire,CIV,2016,Nitrous oxide (N2O) emissions from Transport (Energy) (Mt CO2e),EN.GHG.N2O.TR.MT.CE.AR5,0.0454
Cote d'Ivoire,CIV,2015,Nitrous oxide (N2O) emissions from Transport (Energy) (Mt CO2e),EN.GHG.N2O.TR.MT.CE.AR5,0.0342
Cote d'Ivoire,CIV,2014,Nitrous oxide (N2O) emissions from Transport (Energy) (Mt CO2e),EN.GHG.N2O.TR.MT.CE.AR5,0.029
Cote d'Ivoire,CIV,2013,Nitrous oxide (N2O) emissions from Transport (Energy) (Mt CO2e),EN.GHG.N2O.TR.MT.CE.AR5,0.0277
Cote d'Ivoire,CIV,2012,Nitrous oxide (N2O) emissions from Transport (Energy) (Mt CO2e),EN.GHG.N2O.TR.MT.CE.AR5,0.0274
Cote d'Ivoire,CIV,2011,Nitrous oxide (N2O) emissions from Transport (Energy) (Mt CO2e),EN.GHG.N2O.TR.MT.CE.AR5,0.0189
Cote d'Ivoire,CIV,2010,Nitrous oxide (N2O) emissions from Transport (Energy) (Mt CO2e),EN.GHG.N2O.TR.MT.CE.AR5,0.0171
Cote d'Ivoire,CIV,2009,Nitrous oxide (N2O) emissions from Transport (Energy) (Mt CO2e),EN.GHG.N2O.TR.MT.CE.AR5,0.0157
Cote d'Ivoire,CIV,2008,Nitrous oxide (N2O) emissions from Transport (Energy) (Mt CO2e),EN.GHG.N2O.TR.MT.CE.AR5,0.0181
Cote d'Ivoire,CIV,2007,Nitrous oxide (N2O) emissions from Transport (Energy) (Mt CO2e),EN.GHG.N2O.TR.MT.CE.AR5,0.0131
Cote d'Ivoire,CIV,2006,Nitrous oxide (N2O) emissions from Transport (Energy) (Mt CO2e),EN.GHG.N2O.TR.MT.CE.AR5,0.0121
Cote d'Ivoire,CIV,2005,Nitrous oxide (N2O) emissions from Transport (Energy) (Mt CO2e),EN.GHG.N2O.TR.MT.CE.AR5,0.0144
Cote d'Ivoire,CIV,2004,Nitrous oxide (N2O) emissions from Transport (Energy) (Mt CO2e),EN.GHG.N2O.TR.MT.CE.AR5,0.0134
Cote d'Ivoire,CIV,2003,Nitrous oxide (N2O) emissions from Transport (Energy) (Mt CO2e),EN.GHG.N2O.TR.MT.CE.AR5,0.0149
Cote d'Ivoire,CIV,2002,Nitrous oxide (N2O) emissions from Transport (Energy) (Mt CO2e),EN.GHG.N2O.TR.MT.CE.AR5,0.0189
Cote d'Ivoire,CIV,2001,Nitrous oxide (N2O) emissions from Transport (Energy) (Mt CO2e),EN.GHG.N2O.TR.MT.CE.AR5,0.0182
Cote d'Ivoire,CIV,2000,Nitrous oxide (N2O) emissions from Transport (Energy) (Mt CO2e),EN.GHG.N2O.TR.MT.CE.AR5,0.0189
Cote d'Ivoire,CIV,1999,Nitrous oxide (N2O) emissions from Transport (Energy) (Mt CO2e),EN.GHG.N2O.TR.MT.CE.AR5,0.0199
Cote d'Ivoire,CIV,1998,Nitrous oxide (N2O) emissions from Transport (Energy) (Mt CO2e),EN.GHG.N2O.TR.MT.CE.AR5,0.0156
Cote d'Ivoire,CIV,1997,Nitrous oxide (N2O) emissions from Transport (Energy) (Mt CO2e),EN.GHG.N2O.TR.MT.CE.AR5,0.0186
Cote d'Ivoire,CIV,1996,Nitrous oxide (N2O) emissions from Transport (Energy) (Mt CO2e),EN.GHG.N2O.TR.MT.CE.AR5,0.0179
Cote d'Ivoire,CIV,1995,Nitrous oxide (N2O) emissions from Transport (Energy) (Mt CO2e),EN.GHG.N2O.TR.MT.CE.AR5,0.0185
Cote d'Ivoire,CIV,1994,Nitrous oxide (N2O) emissions from Transport (Energy) (Mt CO2e),EN.GHG.N2O.TR.MT.CE.AR5,0.0158
Cote d'Ivoire,CIV,1993,Nitrous oxide (N2O) emissions from Transport (Energy) (Mt CO2e),EN.GHG.N2O.TR.MT.CE.AR5,0.0156
Cote d'Ivoire,CIV,1992,Nitrous oxide (N2O) emissions from Transport (Energy) (Mt CO2e),EN.GHG.N2O.TR.MT.CE.AR5,0.0159
Cote d'Ivoire,CIV,1991,Nitrous oxide (N2O) emissions from Transport (Energy) (Mt CO2e),EN.GHG.N2O.TR.MT.CE.AR5,0.0173
Cote d'Ivoire,CIV,1990,Nitrous oxide (N2O) emissions from Transport (Energy) (Mt CO2e),EN.GHG.N2O.TR.MT.CE.AR5,0.0164
Cote d'Ivoire,CIV,1989,Nitrous oxide (N2O) emissions from Transport (Energy) (Mt CO2e),EN.GHG.N2O.TR.MT.CE.AR5,0.0171
Cote d'Ivoire,CIV,1988,Nitrous oxide (N2O) emissions from Transport (Energy) (Mt CO2e),EN.GHG.N2O.TR.MT.CE.AR5,0.0154
Cote d'Ivoire,CIV,1987,Nitrous oxide (N2O) emissions from Transport (Energy) (Mt CO2e),EN.GHG.N2O.TR.MT.CE.AR5,0.0144
Cote d'Ivoire,CIV,1986,Nitrous oxide (N2O) emissions from Transport (Energy) (Mt CO2e),EN.GHG.N2O.TR.MT.CE.AR5,0.0141
Cote d'Ivoire,CIV,1985,Nitrous oxide (N2O) emissions from Transport (Energy) (Mt CO2e),EN.GHG.N2O.TR.MT.CE.AR5,0.0141
Cote d'Ivoire,CIV,1984,Nitrous oxide (N2O) emissions from Transport (Energy) (Mt CO2e),EN.GHG.N2O.TR.MT.CE.AR5,0.0149
Cote d'Ivoire,CIV,1983,Nitrous oxide (N2O) emissions from Transport (Energy) (Mt CO2e),EN.GHG.N2O.TR.MT.CE.AR5,0.0152
Cote d'Ivoire,CIV,1982,Nitrous oxide (N2O) emissions from Transport (Energy) (Mt CO2e),EN.GHG.N2O.TR.MT.CE.AR5,0.017
Cote d'Ivoire,CIV,1981,Nitrous oxide (N2O) emissions from Transport (Energy) (Mt CO2e),EN.GHG.N2O.TR.MT.CE.AR5,0.0181
Cote d'Ivoire,CIV,1980,Nitrous oxide (N2O) emissions from Transport (Energy) (Mt CO2e),EN.GHG.N2O.TR.MT.CE.AR5,0.0189
Cote d'Ivoire,CIV,1979,Nitrous oxide (N2O) emissions from Transport (Energy) (Mt CO2e),EN.GHG.N2O.TR.MT.CE.AR5,0.0183
Cote d'Ivoire,CIV,1978,Nitrous oxide (N2O) emissions from Transport (Energy) (Mt CO2e),EN.GHG.N2O.TR.MT.CE.AR5,0.0178
Cote d'Ivoire,CIV,1977,Nitrous oxide (N2O) emissions from Transport (Energy) (Mt CO2e),EN.GHG.N2O.TR.MT.CE.AR5,0.0164
Cote d'Ivoire,CIV,1976,Nitrous oxide (N2O) emissions from Transport (Energy) (Mt CO2e),EN.GHG.N2O.TR.MT.CE.AR5,0.0161
Cote d'Ivoire,CIV,1975,Nitrous oxide (N2O) emissions from Transport (Energy) (Mt CO2e),EN.GHG.N2O.TR.MT.CE.AR5,0.0145
Cote d'Ivoire,CIV,1974,Nitrous oxide (N2O) emissions from Transport (Energy) (Mt CO2e),EN.GHG.N2O.TR.MT.CE.AR5,0.0139
Cote d'Ivoire,CIV,1973,Nitrous oxide (N2O) emissions from Transport (Energy) (Mt CO2e),EN.GHG.N2O.TR.MT.CE.AR5,0.0123
Cote d'Ivoire,CIV,1972,Nitrous oxide (N2O) emissions from Transport (Energy) (Mt CO2e),EN.GHG.N2O.TR.MT.CE.AR5,0.0123
Cote d'Ivoire,CIV,1971,Nitrous oxide (N2O) emissions from Transport (Energy) (Mt CO2e),EN.GHG.N2O.TR.MT.CE.AR5,0.0112
Cote d'Ivoire,CIV,1970,Nitrous oxide (N2O) emissions from Transport (Energy) (Mt CO2e),EN.GHG.N2O.TR.MT.CE.AR5,0.0105
Cote d'Ivoire,CIV,2023,Nitrous oxide (N2O) emissions from Waste (Mt CO2e),EN.GHG.N2O.WA.MT.CE.AR5,0.3027
Cote d'Ivoire,CIV,2022,Nitrous oxide (N2O) emissions from Waste (Mt CO2e),EN.GHG.N2O.WA.MT.CE.AR5,0.293
Cote d'Ivoire,CIV,2021,Nitrous oxide (N2O) emissions from Waste (Mt CO2e),EN.GHG.N2O.WA.MT.CE.AR5,0.2836
Cote d'Ivoire,CIV,2020,Nitrous oxide (N2O) emissions from Waste (Mt CO2e),EN.GHG.N2O.WA.MT.CE.AR5,0.2745
Cote d'Ivoire,CIV,2019,Nitrous oxide (N2O) emissions from Waste (Mt CO2e),EN.GHG.N2O.WA.MT.CE.AR5,0.266
Cote d'Ivoire,CIV,2018,Nitrous oxide (N2O) emissions from Waste (Mt CO2e),EN.GHG.N2O.WA.MT.CE.AR5,0.2554
Cote d'Ivoire,CIV,2017,Nitrous oxide (N2O) emissions from Waste (Mt CO2e),EN.GHG.N2O.WA.MT.CE.AR5,0.2454
Cote d'Ivoire,CIV,2016,Nitrous oxide (N2O) emissions from Waste (Mt CO2e),EN.GHG.N2O.WA.MT.CE.AR5,0.2366
Cote d'Ivoire,CIV,2015,Nitrous oxide (N2O) emissions from Waste (Mt CO2e),EN.GHG.N2O.WA.MT.CE.AR5,0.2257
Cote d'Ivoire,CIV,2014,Nitrous oxide (N2O) emissions from Waste (Mt CO2e),EN.GHG.N2O.WA.MT.CE.AR5,0.2163
Cote d'Ivoire,CIV,2013,Nitrous oxide (N2O) emissions from Waste (Mt CO2e),EN.GHG.N2O.WA.MT.CE.AR5,0.2068
Cote d'Ivoire,CIV,2012,Nitrous oxide (N2O) emissions from Waste (Mt CO2e),EN.GHG.N2O.WA.MT.CE.AR5,0.2017
Cote d'Ivoire,CIV,2011,Nitrous oxide (N2O) emissions from Waste (Mt CO2e),EN.GHG.N2O.WA.MT.CE.AR5,0.1982
Cote d'Ivoire,CIV,2010,Nitrous oxide (N2O) emissions from Waste (Mt CO2e),EN.GHG.N2O.WA.MT.CE.AR5,0.1945
Cote d'Ivoire,CIV,2009,Nitrous oxide (N2O) emissions from Waste (Mt CO2e),EN.GHG.N2O.WA.MT.CE.AR5,0.1891
Cote d'Ivoire,CIV,2008,Nitrous oxide (N2O) emissions from Waste (Mt CO2e),EN.GHG.N2O.WA.MT.CE.AR5,0.1826
Cote d'Ivoire,CIV,2007,Nitrous oxide (N2O) emissions from Waste (Mt CO2e),EN.GHG.N2O.WA.MT.CE.AR5,0.1765
Cote d'Ivoire,CIV,2006,Nitrous oxide (N2O) emissions from Waste (Mt CO2e),EN.GHG.N2O.WA.MT.CE.AR5,0.172
Cote d'Ivoire,CIV,2005,Nitrous oxide (N2O) emissions from Waste (Mt CO2e),EN.GHG.N2O.WA.MT.CE.AR5,0.1678
Cote d'Ivoire,CIV,2004,Nitrous oxide (N2O) emissions from Waste (Mt CO2e),EN.GHG.N2O.WA.MT.CE.AR5,0.1626
Cote d'Ivoire,CIV,2003,Nitrous oxide (N2O) emissions from Waste (Mt CO2e),EN.GHG.N2O.WA.MT.CE.AR5,0.1567
Cote d'Ivoire,CIV,2002,Nitrous oxide (N2O) emissions from Waste (Mt CO2e),EN.GHG.N2O.WA.MT.CE.AR5,0.151
Cote d'Ivoire,CIV,2001,Nitrous oxide (N2O) emissions from Waste (Mt CO2e),EN.GHG.N2O.WA.MT.CE.AR5,0.1454
Cote d'Ivoire,CIV,2000,Nitrous oxide (N2O) emissions from Waste (Mt CO2e),EN.GHG.N2O.WA.MT.CE.AR5,0.1423
Cote d'Ivoire,CIV,1999,Nitrous oxide (N2O) emissions from Waste (Mt CO2e),EN.GHG.N2O.WA.MT.CE.AR5,0.1404
Cote d'Ivoire,CIV,1998,Nitrous oxide (N2O) emissions from Waste (Mt CO2e),EN.GHG.N2O.WA.MT.CE.AR5,0.1368
Cote d'Ivoire,CIV,1997,Nitrous oxide (N2O) emissions from Waste (Mt CO2e),EN.GHG.N2O.WA.MT.CE.AR5,0.1356
Cote d'Ivoire,CIV,1996,Nitrous oxide (N2O) emissions from Waste (Mt CO2e),EN.GHG.N2O.WA.MT.CE.AR5,0.132
Cote d'Ivoire,CIV,1995,Nitrous oxide (N2O) emissions from Waste (Mt CO2e),EN.GHG.N2O.WA.MT.CE.AR5,0.1277
Cote d'Ivoire,CIV,1994,Nitrous oxide (N2O) emissions from Waste (Mt CO2e),EN.GHG.N2O.WA.MT.CE.AR5,0.1214
Cote d'Ivoire,CIV,1993,Nitrous oxide (N2O) emissions from Waste (Mt CO2e),EN.GHG.N2O.WA.MT.CE.AR5,0.1174
Cote d'Ivoire,CIV,1992,Nitrous oxide (N2O) emissions from Waste (Mt CO2e),EN.GHG.N2O.WA.MT.CE.AR5,0.116
Cote d'Ivoire,CIV,1991,Nitrous oxide (N2O) emissions from Waste (Mt CO2e),EN.GHG.N2O.WA.MT.CE.AR5,0.1138
Cote d'Ivoire,CIV,1990,Nitrous oxide (N2O) emissions from Waste (Mt CO2e),EN.GHG.N2O.WA.MT.CE.AR5,0.1119
Cote d'Ivoire,CIV,1989,Nitrous oxide (N2O) emissions from Waste (Mt CO2e),EN.GHG.N2O.WA.MT.CE.AR5,0.1064
Cote d'Ivoire,CIV,1988,Nitrous oxide (N2O) emissions from Waste (Mt CO2e),EN.GHG.N2O.WA.MT.CE.AR5,0.1107
Cote d'Ivoire,CIV,1987,Nitrous oxide (N2O) emissions from Waste (Mt CO2e),EN.GHG.N2O.WA.MT.CE.AR5,0.1028
Cote d'Ivoire,CIV,1986,Nitrous oxide (N2O) emissions from Waste (Mt CO2e),EN.GHG.N2O.WA.MT.CE.AR5,0.0989
Cote d'Ivoire,CIV,1985,Nitrous oxide (N2O) emissions from Waste (Mt CO2e),EN.GHG.N2O.WA.MT.CE.AR5,0.0967
Cote d'Ivoire,CIV,1984,Nitrous oxide (N2O) emissions from Waste (Mt CO2e),EN.GHG.N2O.WA.MT.CE.AR5,0.0892
Cote d'Ivoire,CIV,1983,Nitrous oxide (N2O) emissions from Waste (Mt CO2e),EN.GHG.N2O.WA.MT.CE.AR5,0.0886
Cote d'Ivoire,CIV,1982,Nitrous oxide (N2O) emissions from Waste (Mt CO2e),EN.GHG.N2O.WA.MT.CE.AR5,0.0893
Cote d'Ivoire,CIV,1981,Nitrous oxide (N2O) emissions from Waste (Mt CO2e),EN.GHG.N2O.WA.MT.CE.AR5,0.0896
Cote d'Ivoire,CIV,1980,Nitrous oxide (N2O) emissions from Waste (Mt CO2e),EN.GHG.N2O.WA.MT.CE.AR5,0.084
Cote d'Ivoire,CIV,1979,Nitrous oxide (N2O) emissions from Waste (Mt CO2e),EN.GHG.N2O.WA.MT.CE.AR5,0.0787
Cote d'Ivoire,CIV,1978,Nitrous oxide (N2O) emissions from Waste (Mt CO2e),EN.GHG.N2O.WA.MT.CE.AR5,0.0724
Cote d'Ivoire,CIV,1977,Nitrous oxide (N2O) emissions from Waste (Mt CO2e),EN.GHG.N2O.WA.MT.CE.AR5,0.0666
Cote d'Ivoire,CIV,1976,Nitrous oxide (N2O) emissions from Waste (Mt CO2e),EN.GHG.N2O.WA.MT.CE.AR5,0.0624
Cote d'Ivoire,CIV,1975,Nitrous oxide (N2O) emissions from Waste (Mt CO2e),EN.GHG.N2O.WA.MT.CE.AR5,0.0585
Cote d'Ivoire,CIV,1974,Nitrous oxide (N2O) emissions from Waste (Mt CO2e),EN.GHG.N2O.WA.MT.CE.AR5,0.0538
Cote d'Ivoire,CIV,1973,Nitrous oxide (N2O) emissions from Waste (Mt CO2e),EN.GHG.N2O.WA.MT.CE.AR5,0.0504
Cote d'Ivoire,CIV,1972,Nitrous oxide (N2O) emissions from Waste (Mt CO2e),EN.GHG.N2O.WA.MT.CE.AR5,0.0513
Cote d'Ivoire,CIV,1971,Nitrous oxide (N2O) emissions from Waste (Mt CO2e),EN.GHG.N2O.WA.MT.CE.AR5,0.0501
Cote d'Ivoire,CIV,1970,Nitrous oxide (N2O) emissions from Waste (Mt CO2e),EN.GHG.N2O.WA.MT.CE.AR5,0.0489
Cote d'Ivoire,CIV,2023,Nitrous oxide (N2O) emissions (total) excluding LULUCF (% change from 1990),EN.GHG.N2O.ZG.AR5,101.083676268861
Cote d'Ivoire,CIV,2022,Nitrous oxide (N2O) emissions (total) excluding LULUCF (% change from 1990),EN.GHG.N2O.ZG.AR5,96.8312757201646
Cote d'Ivoire,CIV,2021,Nitrous oxide (N2O) emissions (total) excluding LULUCF (% change from 1990),EN.GHG.N2O.ZG.AR5,93.8065843621399
Cote d'Ivoire,CIV,2020,Nitrous oxide (N2O) emissions (total) excluding LULUCF (% change from 1990),EN.GHG.N2O.ZG.AR5,80.4869684499314
Cote d'Ivoire,CIV,2019,Nitrous oxide (N2O) emissions (total) excluding LULUCF (% change from 1990),EN.GHG.N2O.ZG.AR5,82.5240054869684
Cote d'Ivoire,CIV,2018,Nitrous oxide (N2O) emissions (total) excluding LULUCF (% change from 1990),EN.GHG.N2O.ZG.AR5,65.3497942386831
Cote d'Ivoire,CIV,2017,Nitrous oxide (N2O) emissions (total) excluding LULUCF (% change from 1990),EN.GHG.N2O.ZG.AR5,64.8422496570645
Cote d'Ivoire,CIV,2016,Nitrous oxide (N2O) emissions (total) excluding LULUCF (% change from 1990),EN.GHG.N2O.ZG.AR5,68.8888888888889
Cote d'Ivoire,CIV,2015,Nitrous oxide (N2O) emissions (total) excluding LULUCF (% change from 1990),EN.GHG.N2O.ZG.AR5,57.0096021947874
Cote d'Ivoire,CIV,2014,Nitrous oxide (N2O) emissions (total) excluding LULUCF (% change from 1990),EN.GHG.N2O.ZG.AR5,59.5336076817558
Cote d'Ivoire,CIV,2013,Nitrous oxide (N2O) emissions (total) excluding LULUCF (% change from 1990),EN.GHG.N2O.ZG.AR5,56.7146776406036
Cote d'Ivoire,CIV,2012,Nitrous oxide (N2O) emissions (total) excluding LULUCF (% change from 1990),EN.GHG.N2O.ZG.AR5,49.9862825788752
Cote d'Ivoire,CIV,2011,Nitrous oxide (N2O) emissions (total) excluding LULUCF (% change from 1990),EN.GHG.N2O.ZG.AR5,42.1124828532236
Cote d'Ivoire,CIV,2010,Nitrous oxide (N2O) emissions (total) excluding LULUCF (% change from 1990),EN.GHG.N2O.ZG.AR5,36.6529492455418
Cote d'Ivoire,CIV,2009,Nitrous oxide (N2O) emissions (total) excluding LULUCF (% change from 1990),EN.GHG.N2O.ZG.AR5,37.6474622770919
Cote d'Ivoire,CIV,2008,Nitrous oxide (N2O) emissions (total) excluding LULUCF (% change from 1990),EN.GHG.N2O.ZG.AR5,38.1207133058985
Cote d'Ivoire,CIV,2007,Nitrous oxide (N2O) emissions (total) excluding LULUCF (% change from 1990),EN.GHG.N2O.ZG.AR5,38.1001371742113
Cote d'Ivoire,CIV,2006,Nitrous oxide (N2O) emissions (total) excluding LULUCF (% change from 1990),EN.GHG.N2O.ZG.AR5,35.2126200274348
Cote d'Ivoire,CIV,2005,Nitrous oxide (N2O) emissions (total) excluding LULUCF (% change from 1990),EN.GHG.N2O.ZG.AR5,36.1728395061728
Cote d'Ivoire,CIV,2004,Nitrous oxide (N2O) emissions (total) excluding LULUCF (% change from 1990),EN.GHG.N2O.ZG.AR5,26.358024691358
Cote d'Ivoire,CIV,2003,Nitrous oxide (N2O) emissions (total) excluding LULUCF (% change from 1990),EN.GHG.N2O.ZG.AR5,25.3566529492456
Cote d'Ivoire,CIV,2002,Nitrous oxide (N2O) emissions (total) excluding LULUCF (% change from 1990),EN.GHG.N2O.ZG.AR5,32.9149519890261
Cote d'Ivoire,CIV,2001,Nitrous oxide (N2O) emissions (total) excluding LULUCF (% change from 1990),EN.GHG.N2O.ZG.AR5,25.1577503429355
Cote d'Ivoire,CIV,2000,Nitrous oxide (N2O) emissions (total) excluding LULUCF (% change from 1990),EN.GHG.N2O.ZG.AR5,24.3895747599451
Cote d'Ivoire,CIV,1999,Nitrous oxide (N2O) emissions (total) excluding LULUCF (% change from 1990),EN.GHG.N2O.ZG.AR5,24.4238683127572
Cote d'Ivoire,CIV,1998,Nitrous oxide (N2O) emissions (total) excluding LULUCF (% change from 1990),EN.GHG.N2O.ZG.AR5,26.6735253772291
Cote d'Ivoire,CIV,1997,Nitrous oxide (N2O) emissions (total) excluding LULUCF (% change from 1990),EN.GHG.N2O.ZG.AR5,25.6927297668038
Cote d'Ivoire,CIV,1996,Nitrous oxide (N2O) emissions (total) excluding LULUCF (% change from 1990),EN.GHG.N2O.ZG.AR5,21.5775034293553
Cote d'Ivoire,CIV,1995,Nitrous oxide (N2O) emissions (total) excluding LULUCF (% change from 1990),EN.GHG.N2O.ZG.AR5,20.5692729766804
Cote d'Ivoire,CIV,1994,Nitrous oxide (N2O) emissions (total) excluding LULUCF (% change from 1990),EN.GHG.N2O.ZG.AR5,17.3319615912209
Cote d'Ivoire,CIV,1993,Nitrous oxide (N2O) emissions (total) excluding LULUCF (% change from 1990),EN.GHG.N2O.ZG.AR5,6.42661179698218
Cote d'Ivoire,CIV,1992,Nitrous oxide (N2O) emissions (total) excluding LULUCF (% change from 1990),EN.GHG.N2O.ZG.AR5,2.75034293552812
Cote d'Ivoire,CIV,1991,Nitrous oxide (N2O) emissions (total) excluding LULUCF (% change from 1990),EN.GHG.N2O.ZG.AR5,2.34567901234568
Cote d'Ivoire,CIV,2023,Total greenhouse gas emissions excluding LULUCF (% change from 1990),EN.GHG.TOT.ZG.AR5,213.232374352785
Cote d'Ivoire,CIV,2022,Total greenhouse gas emissions excluding LULUCF (% change from 1990),EN.GHG.TOT.ZG.AR5,213.083466344844
Cote d'Ivoire,CIV,2021,Total greenhouse gas emissions excluding LULUCF (% change from 1990),EN.GHG.TOT.ZG.AR5,206.853661385136
Cote d'Ivoire,CIV,2020,Total greenhouse gas emissions excluding LULUCF (% change from 1990),EN.GHG.TOT.ZG.AR5,187.116050920699
Cote d'Ivoire,CIV,2019,Total greenhouse gas emissions excluding LULUCF (% change from 1990),EN.GHG.TOT.ZG.AR5,186.35885856659
Cote d'Ivoire,CIV,2018,Total greenhouse gas emissions excluding LULUCF (% change from 1990),EN.GHG.TOT.ZG.AR5,168.065558453692
Cote d'Ivoire,CIV,2017,Total greenhouse gas emissions excluding LULUCF (% change from 1990),EN.GHG.TOT.ZG.AR5,173.464203682797
Cote d'Ivoire,CIV,2016,Total greenhouse gas emissions excluding LULUCF (% change from 1990),EN.GHG.TOT.ZG.AR5,164.706855607895
Cote d'Ivoire,CIV,2015,Total greenhouse gas emissions excluding LULUCF (% change from 1990),EN.GHG.TOT.ZG.AR5,154.050687117997
Cote d'Ivoire,CIV,2014,Total greenhouse gas emissions excluding LULUCF (% change from 1990),EN.GHG.TOT.ZG.AR5,143.589169618873
Cote d'Ivoire,CIV,2013,Total greenhouse gas emissions excluding LULUCF (% change from 1990),EN.GHG.TOT.ZG.AR5,134.478529995718
Cote d'Ivoire,CIV,2012,Total greenhouse gas emissions excluding LULUCF (% change from 1990),EN.GHG.TOT.ZG.AR5,121.722077315374
Cote d'Ivoire,CIV,2011,Total greenhouse gas emissions excluding LULUCF (% change from 1990),EN.GHG.TOT.ZG.AR5,96.3911706310585
Cote d'Ivoire,CIV,2010,Total greenhouse gas emissions excluding LULUCF (% change from 1990),EN.GHG.TOT.ZG.AR5,90.1954295947366
Cote d'Ivoire,CIV,2009,Total greenhouse gas emissions excluding LULUCF (% change from 1990),EN.GHG.TOT.ZG.AR5,76.9182855140733
Cote d'Ivoire,CIV,2008,Total greenhouse gas emissions excluding LULUCF (% change from 1990),EN.GHG.TOT.ZG.AR5,82.408416708841
Cote d'Ivoire,CIV,2007,Total greenhouse gas emissions excluding LULUCF (% change from 1990),EN.GHG.TOT.ZG.AR5,75.5158251255499
Cote d'Ivoire,CIV,2006,Total greenhouse gas emissions excluding LULUCF (% change from 1990),EN.GHG.TOT.ZG.AR5,74.2359948612138
Cote d'Ivoire,CIV,2005,Total greenhouse gas emissions excluding LULUCF (% change from 1990),EN.GHG.TOT.ZG.AR5,72.6797601899793
Cote d'Ivoire,CIV,2004,Total greenhouse gas emissions excluding LULUCF (% change from 1990),EN.GHG.TOT.ZG.AR5,63.5214310740842
Cote d'Ivoire,CIV,2003,Total greenhouse gas emissions excluding LULUCF (% change from 1990),EN.GHG.TOT.ZG.AR5,55.6750496360026
Cote d'Ivoire,CIV,2002,Total greenhouse gas emissions excluding LULUCF (% change from 1990),EN.GHG.TOT.ZG.AR5,69.8670533733016
Cote d'Ivoire,CIV,2001,Total greenhouse gas emissions excluding LULUCF (% change from 1990),EN.GHG.TOT.ZG.AR5,62.2980495970724
Cote d'Ivoire,CIV,2000,Total greenhouse gas emissions excluding LULUCF (% change from 1990),EN.GHG.TOT.ZG.AR5,60.2902246272433
Cote d'Ivoire,CIV,1999,Total greenhouse gas emissions excluding LULUCF (% change from 1990),EN.GHG.TOT.ZG.AR5,61.18269941994
Cote d'Ivoire,CIV,1998,Total greenhouse gas emissions excluding LULUCF (% change from 1990),EN.GHG.TOT.ZG.AR5,42.7005878459921
Cote d'Ivoire,CIV,1997,Total greenhouse gas emissions excluding LULUCF (% change from 1990),EN.GHG.TOT.ZG.AR5,45.3974773231595
Cote d'Ivoire,CIV,1996,Total greenhouse gas emissions excluding LULUCF (% change from 1990),EN.GHG.TOT.ZG.AR5,32.8716860668821
Cote d'Ivoire,CIV,1995,Total greenhouse gas emissions excluding LULUCF (% change from 1990),EN.GHG.TOT.ZG.AR5,20.4850702690077
Cote d'Ivoire,CIV,1994,Total greenhouse gas emissions excluding LULUCF (% change from 1990),EN.GHG.TOT.ZG.AR5,14.648460310663
Cote d'Ivoire,CIV,1993,Total greenhouse gas emissions excluding LULUCF (% change from 1990),EN.GHG.TOT.ZG.AR5,5.8570483123759
Cote d'Ivoire,CIV,1992,Total greenhouse gas emissions excluding LULUCF (% change from 1990),EN.GHG.TOT.ZG.AR5,4.46042745357573
Cote d'Ivoire,CIV,1991,Total greenhouse gas emissions excluding LULUCF (% change from 1990),EN.GHG.TOT.ZG.AR5,3.19616926850157
Cote d'Ivoire,CIV,2018,"Plant species (higher), threatened",EN.HPT.THRD.NO,118
Cote d'Ivoire,CIV,2018,"Mammal species, threatened",EN.MAM.THRD.NO,31
Cote d'Ivoire,CIV,2015,Rural population living in areas where elevation is below 5 meters (% of total population),EN.POP.EL5M.RU.ZS,0.546220265402917
Cote d'Ivoire,CIV,2000,Rural population living in areas where elevation is below 5 meters (% of total population),EN.POP.EL5M.RU.ZS,0.614692477134796
Cote d'Ivoire,CIV,1990,Rural population living in areas where elevation is below 5 meters (% of total population),EN.POP.EL5M.RU.ZS,0.750229057102414
Cote d'Ivoire,CIV,2015,Urban population living in areas where elevation is below 5 meters (% of total population),EN.POP.EL5M.UR.ZS,2.71979650450791
Cote d'Ivoire,CIV,2000,Urban population living in areas where elevation is below 5 meters (% of total population),EN.POP.EL5M.UR.ZS,2.70761427849242
Cote d'Ivoire,CIV,1990,Urban population living in areas where elevation is below 5 meters (% of total population),EN.POP.EL5M.UR.ZS,2.64842919180164
Cote d'Ivoire,CIV,2015,Population living in areas where elevation is below 5 meters (% of total population),EN.POP.EL5M.ZS,3.26601676991082
Cote d'Ivoire,CIV,2000,Population living in areas where elevation is below 5 meters (% of total population),EN.POP.EL5M.ZS,3.32230675562722
Cote d'Ivoire,CIV,1990,Population living in areas where elevation is below 5 meters (% of total population),EN.POP.EL5M.ZS,3.39865824890405
Cote d'Ivoire,CIV,2022,Population living in slums (% of urban population),EN.POP.SLUM.UR.ZS,48.26127
Cote d'Ivoire,CIV,2020,Population living in slums (% of urban population),EN.POP.SLUM.UR.ZS,53.21082
Cote d'Ivoire,CIV,2018,Population living in slums (% of urban population),EN.POP.SLUM.UR.ZS,53.21082
Cote d'Ivoire,CIV,2016,Population living in slums (% of urban population),EN.POP.SLUM.UR.ZS,54.75146
Cote d'Ivoire,CIV,2014,Population living in slums (% of urban population),EN.POP.SLUM.UR.ZS,56.2921
Cote d'Ivoire,CIV,2012,Population living in slums (% of urban population),EN.POP.SLUM.UR.ZS,57.83274
Cote d'Ivoire,CIV,2010,Population living in slums (% of urban population),EN.POP.SLUM.UR.ZS,59.37338
Cote d'Ivoire,CIV,2008,Population living in slums (% of urban population),EN.POP.SLUM.UR.ZS,60.91402
Cote d'Ivoire,CIV,2006,Population living in slums (% of urban population),EN.POP.SLUM.UR.ZS,62.45466
Cote d'Ivoire,CIV,2004,Population living in slums (% of urban population),EN.POP.SLUM.UR.ZS,63.9953
Cote d'Ivoire,CIV,2002,Population living in slums (% of urban population),EN.POP.SLUM.UR.ZS,65.53594
Cote d'Ivoire,CIV,2000,Population living in slums (% of urban population),EN.POP.SLUM.UR.ZS,67.07658
Cote d'Ivoire,CIV,2022,Aquaculture production (metric tons),ER.FSH.AQUA.MT,6200
Cote d'Ivoire,CIV,2021,Aquaculture production (metric tons),ER.FSH.AQUA.MT,5720
Cote d'Ivoire,CIV,2020,Aquaculture production (metric tons),ER.FSH.AQUA.MT,5420
Cote d'Ivoire,CIV,2019,Aquaculture production (metric tons),ER.FSH.AQUA.MT,5020
Cote d'Ivoire,CIV,2018,Aquaculture production (metric tons),ER.FSH.AQUA.MT,4700
Cote d'Ivoire,CIV,2017,Aquaculture production (metric tons),ER.FSH.AQUA.MT,4500
Cote d'Ivoire,CIV,2016,Aquaculture production (metric tons),ER.FSH.AQUA.MT,4392
Cote d'Ivoire,CIV,2015,Aquaculture production (metric tons),ER.FSH.AQUA.MT,4000
Cote d'Ivoire,CIV,2014,Aquaculture production (metric tons),ER.FSH.AQUA.MT,3750
Cote d'Ivoire,CIV,2013,Aquaculture production (metric tons),ER.FSH.AQUA.MT,3720
Cote d'Ivoire,CIV,2012,Aquaculture production (metric tons),ER.FSH.AQUA.MT,3720
Cote d'Ivoire,CIV,2011,Aquaculture production (metric tons),ER.FSH.AQUA.MT,3394
Cote d'Ivoire,CIV,2010,Aquaculture production (metric tons),ER.FSH.AQUA.MT,1700
Cote d'Ivoire,CIV,2009,Aquaculture production (metric tons),ER.FSH.AQUA.MT,1340
Cote d'Ivoire,CIV,2008,Aquaculture production (metric tons),ER.FSH.AQUA.MT,1290
Cote d'Ivoire,CIV,2007,Aquaculture production (metric tons),ER.FSH.AQUA.MT,1290
Cote d'Ivoire,CIV,2006,Aquaculture production (metric tons),ER.FSH.AQUA.MT,866
Cote d'Ivoire,CIV,2005,Aquaculture production (metric tons),ER.FSH.AQUA.MT,866
Cote d'Ivoire,CIV,2004,Aquaculture production (metric tons),ER.FSH.AQUA.MT,866
Cote d'Ivoire,CIV,2003,Aquaculture production (metric tons),ER.FSH.AQUA.MT,866
Cote d'Ivoire,CIV,2002,Aquaculture production (metric tons),ER.FSH.AQUA.MT,806
Cote d'Ivoire,CIV,2001,Aquaculture production (metric tons),ER.FSH.AQUA.MT,1025
Cote d'Ivoire,CIV,2000,Aquaculture production (metric tons),ER.FSH.AQUA.MT,1197
Cote d'Ivoire,CIV,1999,Aquaculture production (metric tons),ER.FSH.AQUA.MT,1000
Cote d'Ivoire,CIV,1998,Aquaculture production (metric tons),ER.FSH.AQUA.MT,862
Cote d'Ivoire,CIV,1997,Aquaculture production (metric tons),ER.FSH.AQUA.MT,450
Cote d'Ivoire,CIV,1996,Aquaculture production (metric tons),ER.FSH.AQUA.MT,1128
Cote d'Ivoire,CIV,1995,Aquaculture production (metric tons),ER.FSH.AQUA.MT,386
Cote d'Ivoire,CIV,1994,Aquaculture production (metric tons),ER.FSH.AQUA.MT,117
Cote d'Ivoire,CIV,1993,Aquaculture production (metric tons),ER.FSH.AQUA.MT,351
Cote d'Ivoire,CIV,1992,Aquaculture production (metric tons),ER.FSH.AQUA.MT,306
Cote d'Ivoire,CIV,1991,Aquaculture production (metric tons),ER.FSH.AQUA.MT,253
Cote d'Ivoire,CIV,1990,Aquaculture production (metric tons),ER.FSH.AQUA.MT,100
Cote d'Ivoire,CIV,1989,Aquaculture production (metric tons),ER.FSH.AQUA.MT,168
Cote d'Ivoire,CIV,1988,Aquaculture production (metric tons),ER.FSH.AQUA.MT,170
Cote d'Ivoire,CIV,1987,Aquaculture production (metric tons),ER.FSH.AQUA.MT,229
Cote d'Ivoire,CIV,1986,Aquaculture production (metric tons),ER.FSH.AQUA.MT,213
Cote d'Ivoire,CIV,1985,Aquaculture production (metric tons),ER.FSH.AQUA.MT,60
Cote d'Ivoire,CIV,1984,Aquaculture production (metric tons),ER.FSH.AQUA.MT,21
Cote d'Ivoire,CIV,1983,Aquaculture production (metric tons),ER.FSH.AQUA.MT,0
Cote d'Ivoire,CIV,1982,Aquaculture production (metric tons),ER.FSH.AQUA.MT,0
Cote d'Ivoire,CIV,1981,Aquaculture production (metric tons),ER.FSH.AQUA.MT,0
Cote d'Ivoire,CIV,1980,Aquaculture production (metric tons),ER.FSH.AQUA.MT,0
Cote d'Ivoire,CIV,1979,Aquaculture production (metric tons),ER.FSH.AQUA.MT,0
Cote d'Ivoire,CIV,1978,Aquaculture production (metric tons),ER.FSH.AQUA.MT,0
Cote d'Ivoire,CIV,1977,Aquaculture production (metric tons),ER.FSH.AQUA.MT,0
Cote d'Ivoire,CIV,1976,Aquaculture production (metric tons),ER.FSH.AQUA.MT,0
Cote d'Ivoire,CIV,1975,Aquaculture production (metric tons),ER.FSH.AQUA.MT,0
Cote d'Ivoire,CIV,1974,Aquaculture production (metric tons),ER.FSH.AQUA.MT,0
Cote d'Ivoire,CIV,1973,Aquaculture production (metric tons),ER.FSH.AQUA.MT,0
Cote d'Ivoire,CIV,1972,Aquaculture production (metric tons),ER.FSH.AQUA.MT,0
Cote d'Ivoire,CIV,1971,Aquaculture production (metric tons),ER.FSH.AQUA.MT,0
Cote d'Ivoire,CIV,1970,Aquaculture production (metric tons),ER.FSH.AQUA.MT,0
Cote d'Ivoire,CIV,1969,Aquaculture production (metric tons),ER.FSH.AQUA.MT,0
Cote d'Ivoire,CIV,1968,Aquaculture production (metric tons),ER.FSH.AQUA.MT,0
Cote d'Ivoire,CIV,1967,Aquaculture production (metric tons),ER.FSH.AQUA.MT,0
Cote d'Ivoire,CIV,1966,Aquaculture production (metric tons),ER.FSH.AQUA.MT,0
Cote d'Ivoire,CIV,1965,Aquaculture production (metric tons),ER.FSH.AQUA.MT,0
Cote d'Ivoire,CIV,1964,Aquaculture production (metric tons),ER.FSH.AQUA.MT,0
Cote d'Ivoire,CIV,1963,Aquaculture production (metric tons),ER.FSH.AQUA.MT,0
Cote d'Ivoire,CIV,1962,Aquaculture production (metric tons),ER.FSH.AQUA.MT,0
Cote d'Ivoire,CIV,1961,Aquaculture production (metric tons),ER.FSH.AQUA.MT,0
Cote d'Ivoire,CIV,1960,Aquaculture production (metric tons),ER.FSH.AQUA.MT,0
Cote d'Ivoire,CIV,2022,Capture fisheries production (metric tons),ER.FSH.CAPT.MT,99943.34
Cote d'Ivoire,CIV,2021,Capture fisheries production (metric tons),ER.FSH.CAPT.MT,104272.91
Cote d'Ivoire,CIV,2020,Capture fisheries production (metric tons),ER.FSH.CAPT.MT,74589.14
Cote d'Ivoire,CIV,2019,Capture fisheries production (metric tons),ER.FSH.CAPT.MT,109994.87
Cote d'Ivoire,CIV,2018,Capture fisheries production (metric tons),ER.FSH.CAPT.MT,109087.03
Cote d'Ivoire,CIV,2017,Capture fisheries production (metric tons),ER.FSH.CAPT.MT,95248.74
Cote d'Ivoire,CIV,2016,Capture fisheries production (metric tons),ER.FSH.CAPT.MT,104552.32
Cote d'Ivoire,CIV,2015,Capture fisheries production (metric tons),ER.FSH.CAPT.MT,98559.95
Cote d'Ivoire,CIV,2014,Capture fisheries production (metric tons),ER.FSH.CAPT.MT,74806.81
Cote d'Ivoire,CIV,2013,Capture fisheries production (metric tons),ER.FSH.CAPT.MT,61346.01
Cote d'Ivoire,CIV,2012,Capture fisheries production (metric tons),ER.FSH.CAPT.MT,52513.2
Cote d'Ivoire,CIV,2011,Capture fisheries production (metric tons),ER.FSH.CAPT.MT,52468
Cote d'Ivoire,CIV,2010,Capture fisheries production (metric tons),ER.FSH.CAPT.MT,48038
Cote d'Ivoire,CIV,2009,Capture fisheries production (metric tons),ER.FSH.CAPT.MT,42893
Cote d'Ivoire,CIV,2008,Capture fisheries production (metric tons),ER.FSH.CAPT.MT,43799
Cote d'Ivoire,CIV,2007,Capture fisheries production (metric tons),ER.FSH.CAPT.MT,47300
Cote d'Ivoire,CIV,2006,Capture fisheries production (metric tons),ER.FSH.CAPT.MT,54830
Cote d'Ivoire,CIV,2005,Capture fisheries production (metric tons),ER.FSH.CAPT.MT,42665
Cote d'Ivoire,CIV,2004,Capture fisheries production (metric tons),ER.FSH.CAPT.MT,54401
Cote d'Ivoire,CIV,2003,Capture fisheries production (metric tons),ER.FSH.CAPT.MT,68903
Cote d'Ivoire,CIV,2002,Capture fisheries production (metric tons),ER.FSH.CAPT.MT,69870
Cote d'Ivoire,CIV,2001,Capture fisheries production (metric tons),ER.FSH.CAPT.MT,76005
Cote d'Ivoire,CIV,2000,Capture fisheries production (metric tons),ER.FSH.CAPT.MT,80323
Cote d'Ivoire,CIV,1999,Capture fisheries production (metric tons),ER.FSH.CAPT.MT,78273
Cote d'Ivoire,CIV,1998,Capture fisheries production (metric tons),ER.FSH.CAPT.MT,72528
Cote d'Ivoire,CIV,1997,Capture fisheries production (metric tons),ER.FSH.CAPT.MT,67167
Cote d'Ivoire,CIV,1996,Capture fisheries production (metric tons),ER.FSH.CAPT.MT,72711
Cote d'Ivoire,CIV,1995,Capture fisheries production (metric tons),ER.FSH.CAPT.MT,70189
Cote d'Ivoire,CIV,1994,Capture fisheries production (metric tons),ER.FSH.CAPT.MT,73978
Cote d'Ivoire,CIV,1993,Capture fisheries production (metric tons),ER.FSH.CAPT.MT,69823
Cote d'Ivoire,CIV,1992,Capture fisheries production (metric tons),ER.FSH.CAPT.MT,87039
Cote d'Ivoire,CIV,1991,Capture fisheries production (metric tons),ER.FSH.CAPT.MT,82855
Cote d'Ivoire,CIV,1990,Capture fisheries production (metric tons),ER.FSH.CAPT.MT,95000
Cote d'Ivoire,CIV,1989,Capture fisheries production (metric tons),ER.FSH.CAPT.MT,99003
Cote d'Ivoire,CIV,1988,Capture fisheries production (metric tons),ER.FSH.CAPT.MT,89336
Cote d'Ivoire,CIV,1987,Capture fisheries production (metric tons),ER.FSH.CAPT.MT,101453
Cote d'Ivoire,CIV,1986,Capture fisheries production (metric tons),ER.FSH.CAPT.MT,103435
Cote d'Ivoire,CIV,1985,Capture fisheries production (metric tons),ER.FSH.CAPT.MT,101867
Cote d'Ivoire,CIV,1984,Capture fisheries production (metric tons),ER.FSH.CAPT.MT,73680
Cote d'Ivoire,CIV,1983,Capture fisheries production (metric tons),ER.FSH.CAPT.MT,79858
Cote d'Ivoire,CIV,1982,Capture fisheries production (metric tons),ER.FSH.CAPT.MT,73753
Cote d'Ivoire,CIV,1981,Capture fisheries production (metric tons),ER.FSH.CAPT.MT,75586
Cote d'Ivoire,CIV,1980,Capture fisheries production (metric tons),ER.FSH.CAPT.MT,70068
Cote d'Ivoire,CIV,1979,Capture fisheries production (metric tons),ER.FSH.CAPT.MT,73621
Cote d'Ivoire,CIV,1978,Capture fisheries production (metric tons),ER.FSH.CAPT.MT,65012
Cote d'Ivoire,CIV,1977,Capture fisheries production (metric tons),ER.FSH.CAPT.MT,67054
Cote d'Ivoire,CIV,1976,Capture fisheries production (metric tons),ER.FSH.CAPT.MT,75917
Cote d'Ivoire,CIV,1975,Capture fisheries production (metric tons),ER.FSH.CAPT.MT,58590
Cote d'Ivoire,CIV,1974,Capture fisheries production (metric tons),ER.FSH.CAPT.MT,66690
Cote d'Ivoire,CIV,1973,Capture fisheries production (metric tons),ER.FSH.CAPT.MT,60763
Cote d'Ivoire,CIV,1972,Capture fisheries production (metric tons),ER.FSH.CAPT.MT,75199
Cote d'Ivoire,CIV,1971,Capture fisheries production (metric tons),ER.FSH.CAPT.MT,77530
Cote d'Ivoire,CIV,1970,Capture fisheries production (metric tons),ER.FSH.CAPT.MT,64302
Cote d'Ivoire,CIV,1969,Capture fisheries production (metric tons),ER.FSH.CAPT.MT,67400
Cote d'Ivoire,CIV,1968,Capture fisheries production (metric tons),ER.FSH.CAPT.MT,68400
Cote d'Ivoire,CIV,1967,Capture fisheries production (metric tons),ER.FSH.CAPT.MT,66100
Cote d'Ivoire,CIV,1966,Capture fisheries production (metric tons),ER.FSH.CAPT.MT,60800
Cote d'Ivoire,CIV,1965,Capture fisheries production (metric tons),ER.FSH.CAPT.MT,59500
Cote d'Ivoire,CIV,1964,Capture fisheries production (metric tons),ER.FSH.CAPT.MT,54600
Cote d'Ivoire,CIV,1963,Capture fisheries production (metric tons),ER.FSH.CAPT.MT,45600
Cote d'Ivoire,CIV,1962,Capture fisheries production (metric tons),ER.FSH.CAPT.MT,43600
Cote d'Ivoire,CIV,1961,Capture fisheries production (metric tons),ER.FSH.CAPT.MT,42100
Cote d'Ivoire,CIV,1960,Capture fisheries production (metric tons),ER.FSH.CAPT.MT,40500
Cote d'Ivoire,CIV,2022,Total fisheries production (metric tons),ER.FSH.PROD.MT,106143.34
Cote d'Ivoire,CIV,2021,Total fisheries production (metric tons),ER.FSH.PROD.MT,109992.91
Cote d'Ivoire,CIV,2020,Total fisheries production (metric tons),ER.FSH.PROD.MT,80009.14
Cote d'Ivoire,CIV,2019,Total fisheries production (metric tons),ER.FSH.PROD.MT,115014.87
Cote d'Ivoire,CIV,2018,Total fisheries production (metric tons),ER.FSH.PROD.MT,113787.03
Cote d'Ivoire,CIV,2017,Total fisheries production (metric tons),ER.FSH.PROD.MT,99748.74
Cote d'Ivoire,CIV,2016,Total fisheries production (metric tons),ER.FSH.PROD.MT,108944.32
Cote d'Ivoire,CIV,2015,Total fisheries production (metric tons),ER.FSH.PROD.MT,102559.95
Cote d'Ivoire,CIV,2014,Total fisheries production (metric tons),ER.FSH.PROD.MT,78556.81
Cote d'Ivoire,CIV,2013,Total fisheries production (metric tons),ER.FSH.PROD.MT,65066.01
Cote d'Ivoire,CIV,2012,Total fisheries production (metric tons),ER.FSH.PROD.MT,56233.2
Cote d'Ivoire,CIV,2011,Total fisheries production (metric tons),ER.FSH.PROD.MT,55862
Cote d'Ivoire,CIV,2010,Total fisheries production (metric tons),ER.FSH.PROD.MT,49738
Cote d'Ivoire,CIV,2009,Total fisheries production (metric tons),ER.FSH.PROD.MT,44233
Cote d'Ivoire,CIV,2008,Total fisheries production (metric tons),ER.FSH.PROD.MT,45089
Cote d'Ivoire,CIV,2007,Total fisheries production (metric tons),ER.FSH.PROD.MT,48590
Cote d'Ivoire,CIV,2006,Total fisheries production (metric tons),ER.FSH.PROD.MT,55696
Cote d'Ivoire,CIV,2005,Total fisheries production (metric tons),ER.FSH.PROD.MT,43531
Cote d'Ivoire,CIV,2004,Total fisheries production (metric tons),ER.FSH.PROD.MT,55267
Cote d'Ivoire,CIV,2003,Total fisheries production (metric tons),ER.FSH.PROD.MT,69769
Cote d'Ivoire,CIV,2002,Total fisheries production (metric tons),ER.FSH.PROD.MT,70676
Cote d'Ivoire,CIV,2001,Total fisheries production (metric tons),ER.FSH.PROD.MT,77030
Cote d'Ivoire,CIV,2000,Total fisheries production (metric tons),ER.FSH.PROD.MT,81520
Cote d'Ivoire,CIV,1999,Total fisheries production (metric tons),ER.FSH.PROD.MT,79273
Cote d'Ivoire,CIV,1998,Total fisheries production (metric tons),ER.FSH.PROD.MT,73390
Cote d'Ivoire,CIV,1997,Total fisheries production (metric tons),ER.FSH.PROD.MT,67617
Cote d'Ivoire,CIV,1996,Total fisheries production (metric tons),ER.FSH.PROD.MT,73839
Cote d'Ivoire,CIV,1995,Total fisheries production (metric tons),ER.FSH.PROD.MT,70575
Cote d'Ivoire,CIV,1994,Total fisheries production (metric tons),ER.FSH.PROD.MT,74095
Cote d'Ivoire,CIV,1993,Total fisheries production (metric tons),ER.FSH.PROD.MT,70174
Cote d'Ivoire,CIV,1992,Total fisheries production (metric tons),ER.FSH.PROD.MT,87345
Cote d'Ivoire,CIV,1991,Total fisheries production (metric tons),ER.FSH.PROD.MT,83108
Cote d'Ivoire,CIV,1990,Total fisheries production (metric tons),ER.FSH.PROD.MT,95100
Cote d'Ivoire,CIV,1989,Total fisheries production (metric tons),ER.FSH.PROD.MT,99171
Cote d'Ivoire,CIV,1988,Total fisheries production (metric tons),ER.FSH.PROD.MT,89506
Cote d'Ivoire,CIV,1987,Total fisheries production (metric tons),ER.FSH.PROD.MT,101682
Cote d'Ivoire,CIV,1986,Total fisheries production (metric tons),ER.FSH.PROD.MT,103648
Cote d'Ivoire,CIV,1985,Total fisheries production (metric tons),ER.FSH.PROD.MT,101927
Cote d'Ivoire,CIV,1984,Total fisheries production (metric tons),ER.FSH.PROD.MT,73701
Cote d'Ivoire,CIV,1983,Total fisheries production (metric tons),ER.FSH.PROD.MT,79858
Cote d'Ivoire,CIV,1982,Total fisheries production (metric tons),ER.FSH.PROD.MT,73753
Cote d'Ivoire,CIV,1981,Total fisheries production (metric tons),ER.FSH.PROD.MT,75586
Cote d'Ivoire,CIV,1980,Total fisheries production (metric tons),ER.FSH.PROD.MT,70068
Cote d'Ivoire,CIV,1979,Total fisheries production (metric tons),ER.FSH.PROD.MT,73621
Cote d'Ivoire,CIV,1978,Total fisheries production (metric tons),ER.FSH.PROD.MT,65012
Cote d'Ivoire,CIV,1977,Total fisheries production (metric tons),ER.FSH.PROD.MT,67054
Cote d'Ivoire,CIV,1976,Total fisheries production (metric tons),ER.FSH.PROD.MT,75917
Cote d'Ivoire,CIV,1975,Total fisheries production (metric tons),ER.FSH.PROD.MT,58590
Cote d'Ivoire,CIV,1974,Total fisheries production (metric tons),ER.FSH.PROD.MT,66690
Cote d'Ivoire,CIV,1973,Total fisheries production (metric tons),ER.FSH.PROD.MT,60763
Cote d'Ivoire,CIV,1972,Total fisheries production (metric tons),ER.FSH.PROD.MT,75199
Cote d'Ivoire,CIV,1971,Total fisheries production (metric tons),ER.FSH.PROD.MT,77530
Cote d'Ivoire,CIV,1970,Total fisheries production (metric tons),ER.FSH.PROD.MT,64302
Cote d'Ivoire,CIV,1969,Total fisheries production (metric tons),ER.FSH.PROD.MT,67400
Cote d'Ivoire,CIV,1968,Total fisheries production (metric tons),ER.FSH.PROD.MT,68400
Cote d'Ivoire,CIV,1967,Total fisheries production (metric tons),ER.FSH.PROD.MT,66100
Cote d'Ivoire,CIV,1966,Total fisheries production (metric tons),ER.FSH.PROD.MT,60800
Cote d'Ivoire,CIV,1965,Total fisheries production (metric tons),ER.FSH.PROD.MT,59500
Cote d'Ivoire,CIV,1964,Total fisheries production (metric tons),ER.FSH.PROD.MT,54600
Cote d'Ivoire,CIV,1963,Total fisheries production (metric tons),ER.FSH.PROD.MT,45600
Cote d'Ivoire,CIV,1962,Total fisheries production (metric tons),ER.FSH.PROD.MT,43600
Cote d'Ivoire,CIV,1961,Total fisheries production (metric tons),ER.FSH.PROD.MT,42100
Cote d'Ivoire,CIV,1960,Total fisheries production (metric tons),ER.FSH.PROD.MT,40500
Cote d'Ivoire,CIV,2021,"Water productivity, total (constant 2015 US$ GDP per cubic meter of total freshwater withdrawal)",ER.GDP.FWTL.M3.KD,54.7512843704663
Cote d'Ivoire,CIV,2020,"Water productivity, total (constant 2015 US$ GDP per cubic meter of total freshwater withdrawal)",ER.GDP.FWTL.M3.KD,51.1391573843903
Cote d'Ivoire,CIV,2019,"Water productivity, total (constant 2015 US$ GDP per cubic meter of total freshwater withdrawal)",ER.GDP.FWTL.M3.KD,50.7838085550651
Cote d'Ivoire,CIV,2018,"Water productivity, total (constant 2015 US$ GDP per cubic meter of total freshwater withdrawal)",ER.GDP.FWTL.M3.KD,47.5854158896246
Cote d'Ivoire,CIV,2017,"Water productivity, total (constant 2015 US$ GDP per cubic meter of total freshwater withdrawal)",ER.GDP.FWTL.M3.KD,45.3872453072853
Cote d'Ivoire,CIV,2016,"Water productivity, total (constant 2015 US$ GDP per cubic meter of total freshwater withdrawal)",ER.GDP.FWTL.M3.KD,42.2557705412306
Cote d'Ivoire,CIV,2015,"Water productivity, total (constant 2015 US$ GDP per cubic meter of total freshwater withdrawal)",ER.GDP.FWTL.M3.KD,39.4277152919665
Cote d'Ivoire,CIV,2014,"Water productivity, total (constant 2015 US$ GDP per cubic meter of total freshwater withdrawal)",ER.GDP.FWTL.M3.KD,36.7813180589382
Cote d'Ivoire,CIV,2013,"Water productivity, total (constant 2015 US$ GDP per cubic meter of total freshwater withdrawal)",ER.GDP.FWTL.M3.KD,32.4288991918023
Cote d'Ivoire,CIV,2012,"Water productivity, total (constant 2015 US$ GDP per cubic meter of total freshwater withdrawal)",ER.GDP.FWTL.M3.KD,28.269194145489
Cote d'Ivoire,CIV,2011,"Water productivity, total (constant 2015 US$ GDP per cubic meter of total freshwater withdrawal)",ER.GDP.FWTL.M3.KD,25.4076058174773
Cote d'Ivoire,CIV,2010,"Water productivity, total (constant 2015 US$ GDP per cubic meter of total freshwater withdrawal)",ER.GDP.FWTL.M3.KD,25.9882726074663
Cote d'Ivoire,CIV,2009,"Water productivity, total (constant 2015 US$ GDP per cubic meter of total freshwater withdrawal)",ER.GDP.FWTL.M3.KD,23.5666789792412
Cote d'Ivoire,CIV,2008,"Water productivity, total (constant 2015 US$ GDP per cubic meter of total freshwater withdrawal)",ER.GDP.FWTL.M3.KD,22.0613464530819
Cote d'Ivoire,CIV,2007,"Water productivity, total (constant 2015 US$ GDP per cubic meter of total freshwater withdrawal)",ER.GDP.FWTL.M3.KD,20.4273459516719
Cote d'Ivoire,CIV,2006,"Water productivity, total (constant 2015 US$ GDP per cubic meter of total freshwater withdrawal)",ER.GDP.FWTL.M3.KD,19.6136665857512
Cote d'Ivoire,CIV,2005,"Water productivity, total (constant 2015 US$ GDP per cubic meter of total freshwater withdrawal)",ER.GDP.FWTL.M3.KD,18.5467839092221
Cote d'Ivoire,CIV,2004,"Water productivity, total (constant 2015 US$ GDP per cubic meter of total freshwater withdrawal)",ER.GDP.FWTL.M3.KD,18.7028662514818
Cote d'Ivoire,CIV,2003,"Water productivity, total (constant 2015 US$ GDP per cubic meter of total freshwater withdrawal)",ER.GDP.FWTL.M3.KD,18.4664524569712
Cote d'Ivoire,CIV,2002,"Water productivity, total (constant 2015 US$ GDP per cubic meter of total freshwater withdrawal)",ER.GDP.FWTL.M3.KD,19.7539586980014
Cote d'Ivoire,CIV,2001,"Water productivity, total (constant 2015 US$ GDP per cubic meter of total freshwater withdrawal)",ER.GDP.FWTL.M3.KD,20.7053627203067
Cote d'Ivoire,CIV,2000,"Water productivity, total (constant 2015 US$ GDP per cubic meter of total freshwater withdrawal)",ER.GDP.FWTL.M3.KD,21.5829586727902
Cote d'Ivoire,CIV,1999,"Water productivity, total (constant 2015 US$ GDP per cubic meter of total freshwater withdrawal)",ER.GDP.FWTL.M3.KD,22.1027817940434
Cote d'Ivoire,CIV,1998,"Water productivity, total (constant 2015 US$ GDP per cubic meter of total freshwater withdrawal)",ER.GDP.FWTL.M3.KD,22.3247715860004
Cote d'Ivoire,CIV,1997,"Water productivity, total (constant 2015 US$ GDP per cubic meter of total freshwater withdrawal)",ER.GDP.FWTL.M3.KD,21.8896285054423
Cote d'Ivoire,CIV,1996,"Water productivity, total (constant 2015 US$ GDP per cubic meter of total freshwater withdrawal)",ER.GDP.FWTL.M3.KD,20.419074333236
Cote d'Ivoire,CIV,1995,"Water productivity, total (constant 2015 US$ GDP per cubic meter of total freshwater withdrawal)",ER.GDP.FWTL.M3.KD,19.3968022184574
Cote d'Ivoire,CIV,1994,"Water productivity, total (constant 2015 US$ GDP per cubic meter of total freshwater withdrawal)",ER.GDP.FWTL.M3.KD,18.5396424684047
Cote d'Ivoire,CIV,1993,"Water productivity, total (constant 2015 US$ GDP per cubic meter of total freshwater withdrawal)",ER.GDP.FWTL.M3.KD,18.8966172361419
Cote d'Ivoire,CIV,1992,"Water productivity, total (constant 2015 US$ GDP per cubic meter of total freshwater withdrawal)",ER.GDP.FWTL.M3.KD,19.468901892926
Cote d'Ivoire,CIV,1991,"Water productivity, total (constant 2015 US$ GDP per cubic meter of total freshwater withdrawal)",ER.GDP.FWTL.M3.KD,20.0850774759988
Cote d'Ivoire,CIV,1990,"Water productivity, total (constant 2015 US$ GDP per cubic meter of total freshwater withdrawal)",ER.GDP.FWTL.M3.KD,20.679166815748
Cote d'Ivoire,CIV,1989,"Water productivity, total (constant 2015 US$ GDP per cubic meter of total freshwater withdrawal)",ER.GDP.FWTL.M3.KD,23.7185970392773
Cote d'Ivoire,CIV,1988,"Water productivity, total (constant 2015 US$ GDP per cubic meter of total freshwater withdrawal)",ER.GDP.FWTL.M3.KD,26.6169971199995
Cote d'Ivoire,CIV,1987,"Water productivity, total (constant 2015 US$ GDP per cubic meter of total freshwater withdrawal)",ER.GDP.FWTL.M3.KD,31.1558383779039
Cote d'Ivoire,CIV,2021,"Annual freshwater withdrawals, agriculture (% of total freshwater withdrawal)",ER.H2O.FWAG.ZS,51.6351118761
Cote d'Ivoire,CIV,2020,"Annual freshwater withdrawals, agriculture (% of total freshwater withdrawal)",ER.H2O.FWAG.ZS,51.6351118761
Cote d'Ivoire,CIV,2019,"Annual freshwater withdrawals, agriculture (% of total freshwater withdrawal)",ER.H2O.FWAG.ZS,51.6351118761
Cote d'Ivoire,CIV,2018,"Annual freshwater withdrawals, agriculture (% of total freshwater withdrawal)",ER.H2O.FWAG.ZS,51.6351118761
Cote d'Ivoire,CIV,2017,"Annual freshwater withdrawals, agriculture (% of total freshwater withdrawal)",ER.H2O.FWAG.ZS,51.6351118761
Cote d'Ivoire,CIV,2016,"Annual freshwater withdrawals, agriculture (% of total freshwater withdrawal)",ER.H2O.FWAG.ZS,51.6351118761
Cote d'Ivoire,CIV,2015,"Annual freshwater withdrawals, agriculture (% of total freshwater withdrawal)",ER.H2O.FWAG.ZS,51.6351118761
Cote d'Ivoire,CIV,2014,"Annual freshwater withdrawals, agriculture (% of total freshwater withdrawal)",ER.H2O.FWAG.ZS,51.6351118761
Cote d'Ivoire,CIV,2013,"Annual freshwater withdrawals, agriculture (% of total freshwater withdrawal)",ER.H2O.FWAG.ZS,49.7266071626
Cote d'Ivoire,CIV,2012,"Annual freshwater withdrawals, agriculture (% of total freshwater withdrawal)",ER.H2O.FWAG.ZS,47.9496812792
Cote d'Ivoire,CIV,2011,"Annual freshwater withdrawals, agriculture (% of total freshwater withdrawal)",ER.H2O.FWAG.ZS,46.3192838782
Cote d'Ivoire,CIV,2010,"Annual freshwater withdrawals, agriculture (% of total freshwater withdrawal)",ER.H2O.FWAG.ZS,44.7747011853
Cote d'Ivoire,CIV,2009,"Annual freshwater withdrawals, agriculture (% of total freshwater withdrawal)",ER.H2O.FWAG.ZS,43.326132165
Cote d'Ivoire,CIV,2008,"Annual freshwater withdrawals, agriculture (% of total freshwater withdrawal)",ER.H2O.FWAG.ZS,41.964894142
Cote d'Ivoire,CIV,2007,"Annual freshwater withdrawals, agriculture (% of total freshwater withdrawal)",ER.H2O.FWAG.ZS,40.7150999316
Cote d'Ivoire,CIV,2006,"Annual freshwater withdrawals, agriculture (% of total freshwater withdrawal)",ER.H2O.FWAG.ZS,39.5238868069
Cote d'Ivoire,CIV,2005,"Annual freshwater withdrawals, agriculture (% of total freshwater withdrawal)",ER.H2O.FWAG.ZS,38.426284534
Cote d'Ivoire,CIV,2004,"Annual freshwater withdrawals, agriculture (% of total freshwater withdrawal)",ER.H2O.FWAG.ZS,39.1974334701
Cote d'Ivoire,CIV,2003,"Annual freshwater withdrawals, agriculture (% of total freshwater withdrawal)",ER.H2O.FWAG.ZS,39.9975888121
Cote d'Ivoire,CIV,2002,"Annual freshwater withdrawals, agriculture (% of total freshwater withdrawal)",ER.H2O.FWAG.ZS,40.8284185234
Cote d'Ivoire,CIV,2001,"Annual freshwater withdrawals, agriculture (% of total freshwater withdrawal)",ER.H2O.FWAG.ZS,41.6917209509
Cote d'Ivoire,CIV,2000,"Annual freshwater withdrawals, agriculture (% of total freshwater withdrawal)",ER.H2O.FWAG.ZS,42.5894378194
Cote d'Ivoire,CIV,1999,"Annual freshwater withdrawals, agriculture (% of total freshwater withdrawal)",ER.H2O.FWAG.ZS,45.9159014016
Cote d'Ivoire,CIV,1998,"Annual freshwater withdrawals, agriculture (% of total freshwater withdrawal)",ER.H2O.FWAG.ZS,49.3875938364
Cote d'Ivoire,CIV,1997,"Annual freshwater withdrawals, agriculture (% of total freshwater withdrawal)",ER.H2O.FWAG.ZS,53.0142381097
Cote d'Ivoire,CIV,1996,"Annual freshwater withdrawals, agriculture (% of total freshwater withdrawal)",ER.H2O.FWAG.ZS,56.8064449494
Cote d'Ivoire,CIV,1995,"Annual freshwater withdrawals, agriculture (% of total freshwater withdrawal)",ER.H2O.FWAG.ZS,60.7758165099
Cote d'Ivoire,CIV,1994,"Annual freshwater withdrawals, agriculture (% of total freshwater withdrawal)",ER.H2O.FWAG.ZS,64.9350649351
Cote d'Ivoire,CIV,1993,"Annual freshwater withdrawals, agriculture (% of total freshwater withdrawal)",ER.H2O.FWAG.ZS,65.4077034106
Cote d'Ivoire,CIV,1992,"Annual freshwater withdrawals, agriculture (% of total freshwater withdrawal)",ER.H2O.FWAG.ZS,65.9070950073
Cote d'Ivoire,CIV,1991,"Annual freshwater withdrawals, agriculture (% of total freshwater withdrawal)",ER.H2O.FWAG.ZS,66.4355773767
Cote d'Ivoire,CIV,1990,"Annual freshwater withdrawals, agriculture (% of total freshwater withdrawal)",ER.H2O.FWAG.ZS,66.9957686883
Cote d'Ivoire,CIV,1989,"Annual freshwater withdrawals, agriculture (% of total freshwater withdrawal)",ER.H2O.FWAG.ZS,66.9957686883
Cote d'Ivoire,CIV,1988,"Annual freshwater withdrawals, agriculture (% of total freshwater withdrawal)",ER.H2O.FWAG.ZS,66.9957686883
Cote d'Ivoire,CIV,1987,"Annual freshwater withdrawals, agriculture (% of total freshwater withdrawal)",ER.H2O.FWAG.ZS,66.9957686883
Cote d'Ivoire,CIV,2021,"Annual freshwater withdrawals, domestic (% of total freshwater withdrawal)",ER.H2O.FWDM.ZS,27.5387263339
Cote d'Ivoire,CIV,2020,"Annual freshwater withdrawals, domestic (% of total freshwater withdrawal)",ER.H2O.FWDM.ZS,27.5387263339
Cote d'Ivoire,CIV,2019,"Annual freshwater withdrawals, domestic (% of total freshwater withdrawal)",ER.H2O.FWDM.ZS,27.5387263339
Cote d'Ivoire,CIV,2018,"Annual freshwater withdrawals, domestic (% of total freshwater withdrawal)",ER.H2O.FWDM.ZS,27.5387263339
Cote d'Ivoire,CIV,2017,"Annual freshwater withdrawals, domestic (% of total freshwater withdrawal)",ER.H2O.FWDM.ZS,27.5387263339
Cote d'Ivoire,CIV,2016,"Annual freshwater withdrawals, domestic (% of total freshwater withdrawal)",ER.H2O.FWDM.ZS,27.5387263339
Cote d'Ivoire,CIV,2015,"Annual freshwater withdrawals, domestic (% of total freshwater withdrawal)",ER.H2O.FWDM.ZS,27.5387263339
Cote d'Ivoire,CIV,2014,"Annual freshwater withdrawals, domestic (% of total freshwater withdrawal)",ER.H2O.FWDM.ZS,27.5387263339
Cote d'Ivoire,CIV,2013,"Annual freshwater withdrawals, domestic (% of total freshwater withdrawal)",ER.H2O.FWDM.ZS,29.4683362225
Cote d'Ivoire,CIV,2012,"Annual freshwater withdrawals, domestic (% of total freshwater withdrawal)",ER.H2O.FWDM.ZS,31.2649122182
Cote d'Ivoire,CIV,2011,"Annual freshwater withdrawals, domestic (% of total freshwater withdrawal)",ER.H2O.FWDM.ZS,32.9617525866
Cote d'Ivoire,CIV,2010,"Annual freshwater withdrawals, domestic (% of total freshwater withdrawal)",ER.H2O.FWDM.ZS,34.5374831213
Cote d'Ivoire,CIV,2009,"Annual freshwater withdrawals, domestic (% of total freshwater withdrawal)",ER.H2O.FWDM.ZS,36.0152637849
Cote d'Ivoire,CIV,2008,"Annual freshwater withdrawals, domestic (% of total freshwater withdrawal)",ER.H2O.FWDM.ZS,37.4039523463
Cote d'Ivoire,CIV,2007,"Annual freshwater withdrawals, domestic (% of total freshwater withdrawal)",ER.H2O.FWDM.ZS,38.6906299871
Cote d'Ivoire,CIV,2006,"Annual freshwater withdrawals, domestic (% of total freshwater withdrawal)",ER.H2O.FWDM.ZS,39.8890495441
Cote d'Ivoire,CIV,2005,"Annual freshwater withdrawals, domestic (% of total freshwater withdrawal)",ER.H2O.FWDM.ZS,41.0469919959
Cote d'Ivoire,CIV,2004,"Annual freshwater withdrawals, domestic (% of total freshwater withdrawal)",ER.H2O.FWDM.ZS,40.5332912591
Cote d'Ivoire,CIV,2003,"Annual freshwater withdrawals, domestic (% of total freshwater withdrawal)",ER.H2O.FWDM.ZS,40.0002679098
Cote d'Ivoire,CIV,2002,"Annual freshwater withdrawals, domestic (% of total freshwater withdrawal)",ER.H2O.FWDM.ZS,39.4468108344
Cote d'Ivoire,CIV,2001,"Annual freshwater withdrawals, domestic (% of total freshwater withdrawal)",ER.H2O.FWDM.ZS,38.8717220645
Cote d'Ivoire,CIV,2000,"Annual freshwater withdrawals, domestic (% of total freshwater withdrawal)",ER.H2O.FWDM.ZS,38.2737081204
Cote d'Ivoire,CIV,1999,"Annual freshwater withdrawals, domestic (% of total freshwater withdrawal)",ER.H2O.FWDM.ZS,34.5335911068
Cote d'Ivoire,CIV,1998,"Annual freshwater withdrawals, domestic (% of total freshwater withdrawal)",ER.H2O.FWDM.ZS,30.6301856974
Cote d'Ivoire,CIV,1997,"Annual freshwater withdrawals, domestic (% of total freshwater withdrawal)",ER.H2O.FWDM.ZS,26.5525598304
Cote d'Ivoire,CIV,1996,"Annual freshwater withdrawals, domestic (% of total freshwater withdrawal)",ER.H2O.FWDM.ZS,22.2887833092
Cote d'Ivoire,CIV,1995,"Annual freshwater withdrawals, domestic (% of total freshwater withdrawal)",ER.H2O.FWDM.ZS,17.825811225
Cote d'Ivoire,CIV,1994,"Annual freshwater withdrawals, domestic (% of total freshwater withdrawal)",ER.H2O.FWDM.ZS,13.1493506494
Cote d'Ivoire,CIV,1993,"Annual freshwater withdrawals, domestic (% of total freshwater withdrawal)",ER.H2O.FWDM.ZS,15.1799630863
Cote d'Ivoire,CIV,1992,"Annual freshwater withdrawals, domestic (% of total freshwater withdrawal)",ER.H2O.FWDM.ZS,17.3255158499
Cote d'Ivoire,CIV,1991,"Annual freshwater withdrawals, domestic (% of total freshwater withdrawal)",ER.H2O.FWDM.ZS,19.5960522696
Cote d'Ivoire,CIV,1990,"Annual freshwater withdrawals, domestic (% of total freshwater withdrawal)",ER.H2O.FWDM.ZS,22.0028208745
Cote d'Ivoire,CIV,1989,"Annual freshwater withdrawals, domestic (% of total freshwater withdrawal)",ER.H2O.FWDM.ZS,22.0028208745
Cote d'Ivoire,CIV,1988,"Annual freshwater withdrawals, domestic (% of total freshwater withdrawal)",ER.H2O.FWDM.ZS,22.0028208745
Cote d'Ivoire,CIV,1987,"Annual freshwater withdrawals, domestic (% of total freshwater withdrawal)",ER.H2O.FWDM.ZS,22.0028208745
Cote d'Ivoire,CIV,2021,"Annual freshwater withdrawals, industry (% of total freshwater withdrawal)",ER.H2O.FWIN.ZS,20.82616179
Cote d'Ivoire,CIV,2020,"Annual freshwater withdrawals, industry (% of total freshwater withdrawal)",ER.H2O.FWIN.ZS,20.82616179
Cote d'Ivoire,CIV,2019,"Annual freshwater withdrawals, industry (% of total freshwater withdrawal)",ER.H2O.FWIN.ZS,20.82616179
Cote d'Ivoire,CIV,2018,"Annual freshwater withdrawals, industry (% of total freshwater withdrawal)",ER.H2O.FWIN.ZS,20.82616179
Cote d'Ivoire,CIV,2017,"Annual freshwater withdrawals, industry (% of total freshwater withdrawal)",ER.H2O.FWIN.ZS,20.82616179
Cote d'Ivoire,CIV,2016,"Annual freshwater withdrawals, industry (% of total freshwater withdrawal)",ER.H2O.FWIN.ZS,20.82616179
Cote d'Ivoire,CIV,2015,"Annual freshwater withdrawals, industry (% of total freshwater withdrawal)",ER.H2O.FWIN.ZS,20.82616179
Cote d'Ivoire,CIV,2014,"Annual freshwater withdrawals, industry (% of total freshwater withdrawal)",ER.H2O.FWIN.ZS,20.82616179
Cote d'Ivoire,CIV,2013,"Annual freshwater withdrawals, industry (% of total freshwater withdrawal)",ER.H2O.FWIN.ZS,20.7833880426
Cote d'Ivoire,CIV,2012,"Annual freshwater withdrawals, industry (% of total freshwater withdrawal)",ER.H2O.FWIN.ZS,20.7435632634
Cote d'Ivoire,CIV,2011,"Annual freshwater withdrawals, industry (% of total freshwater withdrawal)",ER.H2O.FWIN.ZS,20.7189635351
Cote d'Ivoire,CIV,2010,"Annual freshwater withdrawals, industry (% of total freshwater withdrawal)",ER.H2O.FWIN.ZS,20.6878156934
Cote d'Ivoire,CIV,2009,"Annual freshwater withdrawals, industry (% of total freshwater withdrawal)",ER.H2O.FWIN.ZS,20.6586040502
Cote d'Ivoire,CIV,2008,"Annual freshwater withdrawals, industry (% of total freshwater withdrawal)",ER.H2O.FWIN.ZS,20.6311535118
Cote d'Ivoire,CIV,2007,"Annual freshwater withdrawals, industry (% of total freshwater withdrawal)",ER.H2O.FWIN.ZS,20.5942700813
Cote d'Ivoire,CIV,2006,"Annual freshwater withdrawals, industry (% of total freshwater withdrawal)",ER.H2O.FWIN.ZS,20.5523916315
Cote d'Ivoire,CIV,2005,"Annual freshwater withdrawals, industry (% of total freshwater withdrawal)",ER.H2O.FWIN.ZS,20.5267234702
Cote d'Ivoire,CIV,2004,"Annual freshwater withdrawals, industry (% of total freshwater withdrawal)",ER.H2O.FWIN.ZS,20.2692752709
Cote d'Ivoire,CIV,2003,"Annual freshwater withdrawals, industry (% of total freshwater withdrawal)",ER.H2O.FWIN.ZS,20.0021432781
Cote d'Ivoire,CIV,2002,"Annual freshwater withdrawals, industry (% of total freshwater withdrawal)",ER.H2O.FWIN.ZS,19.7247706422
Cote d'Ivoire,CIV,2001,"Annual freshwater withdrawals, industry (% of total freshwater withdrawal)",ER.H2O.FWIN.ZS,19.4365569846
Cote d'Ivoire,CIV,2000,"Annual freshwater withdrawals, industry (% of total freshwater withdrawal)",ER.H2O.FWIN.ZS,19.1368540602
Cote d'Ivoire,CIV,1999,"Annual freshwater withdrawals, industry (% of total freshwater withdrawal)",ER.H2O.FWIN.ZS,19.5505074915
Cote d'Ivoire,CIV,1998,"Annual freshwater withdrawals, industry (% of total freshwater withdrawal)",ER.H2O.FWIN.ZS,19.9822204662
Cote d'Ivoire,CIV,1997,"Annual freshwater withdrawals, industry (% of total freshwater withdrawal)",ER.H2O.FWIN.ZS,20.43320206
Cote d'Ivoire,CIV,1996,"Annual freshwater withdrawals, industry (% of total freshwater withdrawal)",ER.H2O.FWIN.ZS,20.9047717414
Cote d'Ivoire,CIV,1995,"Annual freshwater withdrawals, industry (% of total freshwater withdrawal)",ER.H2O.FWIN.ZS,21.3983722651
Cote d'Ivoire,CIV,1994,"Annual freshwater withdrawals, industry (% of total freshwater withdrawal)",ER.H2O.FWIN.ZS,21.9155844156
Cote d'Ivoire,CIV,1993,"Annual freshwater withdrawals, industry (% of total freshwater withdrawal)",ER.H2O.FWIN.ZS,19.4123335031
Cote d'Ivoire,CIV,1992,"Annual freshwater withdrawals, industry (% of total freshwater withdrawal)",ER.H2O.FWIN.ZS,16.7673891428
Cote d'Ivoire,CIV,1991,"Annual freshwater withdrawals, industry (% of total freshwater withdrawal)",ER.H2O.FWIN.ZS,13.9683703537
Cote d'Ivoire,CIV,1990,"Annual freshwater withdrawals, industry (% of total freshwater withdrawal)",ER.H2O.FWIN.ZS,11.0014104372
Cote d'Ivoire,CIV,1989,"Annual freshwater withdrawals, industry (% of total freshwater withdrawal)",ER.H2O.FWIN.ZS,11.0014104372
Cote d'Ivoire,CIV,1988,"Annual freshwater withdrawals, industry (% of total freshwater withdrawal)",ER.H2O.FWIN.ZS,11.0014104372
Cote d'Ivoire,CIV,1987,"Annual freshwater withdrawals, industry (% of total freshwater withdrawal)",ER.H2O.FWIN.ZS,11.0014104372
Cote d'Ivoire,CIV,2021,Level of water stress: freshwater withdrawal as a proportion of available freshwater resources,ER.H2O.FWST.ZS,5.0875656743
Cote d'Ivoire,CIV,2020,Level of water stress: freshwater withdrawal as a proportion of available freshwater resources,ER.H2O.FWST.ZS,5.0875656743
Cote d'Ivoire,CIV,2019,Level of water stress: freshwater withdrawal as a proportion of available freshwater resources,ER.H2O.FWST.ZS,5.0875656743
Cote d'Ivoire,CIV,2018,Level of water stress: freshwater withdrawal as a proportion of available freshwater resources,ER.H2O.FWST.ZS,5.0875656743
Cote d'Ivoire,CIV,2017,Level of water stress: freshwater withdrawal as a proportion of available freshwater resources,ER.H2O.FWST.ZS,5.0875656743
Cote d'Ivoire,CIV,2016,Level of water stress: freshwater withdrawal as a proportion of available freshwater resources,ER.H2O.FWST.ZS,5.0875656743
Cote d'Ivoire,CIV,2015,Level of water stress: freshwater withdrawal as a proportion of available freshwater resources,ER.H2O.FWST.ZS,5.0875656743
Cote d'Ivoire,CIV,2014,Level of water stress: freshwater withdrawal as a proportion of available freshwater resources,ER.H2O.FWST.ZS,5.0875656743
Cote d'Ivoire,CIV,2013,Level of water stress: freshwater withdrawal as a proportion of available freshwater resources,ER.H2O.FWST.ZS,5.2759291691
Cote d'Ivoire,CIV,2012,Level of water stress: freshwater withdrawal as a proportion of available freshwater resources,ER.H2O.FWST.ZS,5.4642926639
Cote d'Ivoire,CIV,2011,Level of water stress: freshwater withdrawal as a proportion of available freshwater resources,ER.H2O.FWST.ZS,5.6492265032
Cote d'Ivoire,CIV,2010,Level of water stress: freshwater withdrawal as a proportion of available freshwater resources,ER.H2O.FWST.ZS,5.8364467795
Cote d'Ivoire,CIV,2009,Level of water stress: freshwater withdrawal as a proportion of available freshwater resources,ER.H2O.FWST.ZS,6.0236670558
Cote d'Ivoire,CIV,2008,Level of water stress: freshwater withdrawal as a proportion of available freshwater resources,ER.H2O.FWST.ZS,6.2108873322
Cote d'Ivoire,CIV,2007,Level of water stress: freshwater withdrawal as a proportion of available freshwater resources,ER.H2O.FWST.ZS,6.4015372641
Cote d'Ivoire,CIV,2006,Level of water stress: freshwater withdrawal as a proportion of available freshwater resources,ER.H2O.FWST.ZS,6.594473633
Cote d'Ivoire,CIV,2005,Level of water stress: freshwater withdrawal as a proportion of available freshwater resources,ER.H2O.FWST.ZS,6.7828371278
Cote d'Ivoire,CIV,2004,Level of water stress: freshwater withdrawal as a proportion of available freshwater resources,ER.H2O.FWST.ZS,6.6598949212
Cote d'Ivoire,CIV,2003,Level of water stress: freshwater withdrawal as a proportion of available freshwater resources,ER.H2O.FWST.ZS,6.5369527145
Cote d'Ivoire,CIV,2002,Level of water stress: freshwater withdrawal as a proportion of available freshwater resources,ER.H2O.FWST.ZS,6.4140105079
Cote d'Ivoire,CIV,2001,Level of water stress: freshwater withdrawal as a proportion of available freshwater resources,ER.H2O.FWST.ZS,6.2910683012
Cote d'Ivoire,CIV,2000,Level of water stress: freshwater withdrawal as a proportion of available freshwater resources,ER.H2O.FWST.ZS,6.1681260946
Cote d'Ivoire,CIV,1999,Level of water stress: freshwater withdrawal as a proportion of available freshwater resources,ER.H2O.FWST.ZS,6.0391126678
Cote d'Ivoire,CIV,1998,Level of water stress: freshwater withdrawal as a proportion of available freshwater resources,ER.H2O.FWST.ZS,5.9100992411
Cote d'Ivoire,CIV,1997,Level of water stress: freshwater withdrawal as a proportion of available freshwater resources,ER.H2O.FWST.ZS,5.7810858144
Cote d'Ivoire,CIV,1996,Level of water stress: freshwater withdrawal as a proportion of available freshwater resources,ER.H2O.FWST.ZS,5.6520723876
Cote d'Ivoire,CIV,1995,Level of water stress: freshwater withdrawal as a proportion of available freshwater resources,ER.H2O.FWST.ZS,5.5230589609
Cote d'Ivoire,CIV,1994,Level of water stress: freshwater withdrawal as a proportion of available freshwater resources,ER.H2O.FWST.ZS,5.3940455342
Cote d'Ivoire,CIV,1993,Level of water stress: freshwater withdrawal as a proportion of available freshwater resources,ER.H2O.FWST.ZS,5.2495621716
Cote d'Ivoire,CIV,1992,Level of water stress: freshwater withdrawal as a proportion of available freshwater resources,ER.H2O.FWST.ZS,5.1050788091
Cote d'Ivoire,CIV,1991,Level of water stress: freshwater withdrawal as a proportion of available freshwater resources,ER.H2O.FWST.ZS,4.9605954466
Cote d'Ivoire,CIV,1990,Level of water stress: freshwater withdrawal as a proportion of available freshwater resources,ER.H2O.FWST.ZS,4.8161120841
Cote d'Ivoire,CIV,1989,Level of water stress: freshwater withdrawal as a proportion of available freshwater resources,ER.H2O.FWST.ZS,4.2454757735
Cote d'Ivoire,CIV,1988,Level of water stress: freshwater withdrawal as a proportion of available freshwater resources,ER.H2O.FWST.ZS,3.6748394629
Cote d'Ivoire,CIV,1987,Level of water stress: freshwater withdrawal as a proportion of available freshwater resources,ER.H2O.FWST.ZS,3.1042031524
Cote d'Ivoire,CIV,2021,"Annual freshwater withdrawals, total (billion cubic meters)",ER.H2O.FWTL.K3,1.162
Cote d'Ivoire,CIV,2020,"Annual freshwater withdrawals, total (billion cubic meters)",ER.H2O.FWTL.K3,1.162
Cote d'Ivoire,CIV,2019,"Annual freshwater withdrawals, total (billion cubic meters)",ER.H2O.FWTL.K3,1.162
Cote d'Ivoire,CIV,2018,"Annual freshwater withdrawals, total (billion cubic meters)",ER.H2O.FWTL.K3,1.162
Cote d'Ivoire,CIV,2017,"Annual freshwater withdrawals, total (billion cubic meters)",ER.H2O.FWTL.K3,1.162
Cote d'Ivoire,CIV,2016,"Annual freshwater withdrawals, total (billion cubic meters)",ER.H2O.FWTL.K3,1.162
Cote d'Ivoire,CIV,2015,"Annual freshwater withdrawals, total (billion cubic meters)",ER.H2O.FWTL.K3,1.162
Cote d'Ivoire,CIV,2014,"Annual freshwater withdrawals, total (billion cubic meters)",ER.H2O.FWTL.K3,1.162
Cote d'Ivoire,CIV,2013,"Annual freshwater withdrawals, total (billion cubic meters)",ER.H2O.FWTL.K3,1.2050222222
Cote d'Ivoire,CIV,2012,"Annual freshwater withdrawals, total (billion cubic meters)",ER.H2O.FWTL.K3,1.2480444444
Cote d'Ivoire,CIV,2011,"Annual freshwater withdrawals, total (billion cubic meters)",ER.H2O.FWTL.K3,1.2902833333
Cote d'Ivoire,CIV,2010,"Annual freshwater withdrawals, total (billion cubic meters)",ER.H2O.FWTL.K3,1.3330444444
Cote d'Ivoire,CIV,2009,"Annual freshwater withdrawals, total (billion cubic meters)",ER.H2O.FWTL.K3,1.3758055556
Cote d'Ivoire,CIV,2008,"Annual freshwater withdrawals, total (billion cubic meters)",ER.H2O.FWTL.K3,1.4185666667
Cote d'Ivoire,CIV,2007,"Annual freshwater withdrawals, total (billion cubic meters)",ER.H2O.FWTL.K3,1.4621111111
Cote d'Ivoire,CIV,2006,"Annual freshwater withdrawals, total (billion cubic meters)",ER.H2O.FWTL.K3,1.5061777778
Cote d'Ivoire,CIV,2005,"Annual freshwater withdrawals, total (billion cubic meters)",ER.H2O.FWTL.K3,1.5492
Cote d'Ivoire,CIV,2004,"Annual freshwater withdrawals, total (billion cubic meters)",ER.H2O.FWTL.K3,1.52112
Cote d'Ivoire,CIV,2003,"Annual freshwater withdrawals, total (billion cubic meters)",ER.H2O.FWTL.K3,1.49304
Cote d'Ivoire,CIV,2002,"Annual freshwater withdrawals, total (billion cubic meters)",ER.H2O.FWTL.K3,1.46496
Cote d'Ivoire,CIV,2001,"Annual freshwater withdrawals, total (billion cubic meters)",ER.H2O.FWTL.K3,1.43688
Cote d'Ivoire,CIV,2000,"Annual freshwater withdrawals, total (billion cubic meters)",ER.H2O.FWTL.K3,1.4088
Cote d'Ivoire,CIV,1999,"Annual freshwater withdrawals, total (billion cubic meters)",ER.H2O.FWTL.K3,1.3793333333
Cote d'Ivoire,CIV,1998,"Annual freshwater withdrawals, total (billion cubic meters)",ER.H2O.FWTL.K3,1.3498666667
Cote d'Ivoire,CIV,1997,"Annual freshwater withdrawals, total (billion cubic meters)",ER.H2O.FWTL.K3,1.3204
Cote d'Ivoire,CIV,1996,"Annual freshwater withdrawals, total (billion cubic meters)",ER.H2O.FWTL.K3,1.2909333333
Cote d'Ivoire,CIV,1995,"Annual freshwater withdrawals, total (billion cubic meters)",ER.H2O.FWTL.K3,1.2614666667
Cote d'Ivoire,CIV,1994,"Annual freshwater withdrawals, total (billion cubic meters)",ER.H2O.FWTL.K3,1.232
Cote d'Ivoire,CIV,1993,"Annual freshwater withdrawals, total (billion cubic meters)",ER.H2O.FWTL.K3,1.199
Cote d'Ivoire,CIV,1992,"Annual freshwater withdrawals, total (billion cubic meters)",ER.H2O.FWTL.K3,1.166
Cote d'Ivoire,CIV,1991,"Annual freshwater withdrawals, total (billion cubic meters)",ER.H2O.FWTL.K3,1.133
Cote d'Ivoire,CIV,1990,"Annual freshwater withdrawals, total (billion cubic meters)",ER.H2O.FWTL.K3,1.1
Cote d'Ivoire,CIV,1989,"Annual freshwater withdrawals, total (billion cubic meters)",ER.H2O.FWTL.K3,0.9696666667
Cote d'Ivoire,CIV,1988,"Annual freshwater withdrawals, total (billion cubic meters)",ER.H2O.FWTL.K3,0.8393333333
Cote d'Ivoire,CIV,1987,"Annual freshwater withdrawals, total (billion cubic meters)",ER.H2O.FWTL.K3,0.709
Cote d'Ivoire,CIV,2021,"Annual freshwater withdrawals, total (% of internal resources)",ER.H2O.FWTL.ZS,1.51223321186882
Cote d'Ivoire,CIV,2020,"Annual freshwater withdrawals, total (% of internal resources)",ER.H2O.FWTL.ZS,1.51223321186882
Cote d'Ivoire,CIV,2019,"Annual freshwater withdrawals, total (% of internal resources)",ER.H2O.FWTL.ZS,1.51223321186882
Cote d'Ivoire,CIV,2018,"Annual freshwater withdrawals, total (% of internal resources)",ER.H2O.FWTL.ZS,1.51223321186882
Cote d'Ivoire,CIV,2017,"Annual freshwater withdrawals, total (% of internal resources)",ER.H2O.FWTL.ZS,1.51223321186882
Cote d'Ivoire,CIV,2016,"Annual freshwater withdrawals, total (% of internal resources)",ER.H2O.FWTL.ZS,1.51223321186882
Cote d'Ivoire,CIV,2015,"Annual freshwater withdrawals, total (% of internal resources)",ER.H2O.FWTL.ZS,1.51223321186882
Cote d'Ivoire,CIV,2014,"Annual freshwater withdrawals, total (% of internal resources)",ER.H2O.FWTL.ZS,1.51223321186882
Cote d'Ivoire,CIV,2013,"Annual freshwater withdrawals, total (% of internal resources)",ER.H2O.FWTL.ZS,1.56822256923477
Cote d'Ivoire,CIV,2012,"Annual freshwater withdrawals, total (% of internal resources)",ER.H2O.FWTL.ZS,1.62421192660073
Cote d'Ivoire,CIV,2011,"Annual freshwater withdrawals, total (% of internal resources)",ER.H2O.FWTL.ZS,1.67918184968766
Cote d'Ivoire,CIV,2010,"Annual freshwater withdrawals, total (% of internal resources)",ER.H2O.FWTL.ZS,1.73483139562728
Cote d'Ivoire,CIV,2009,"Annual freshwater withdrawals, total (% of internal resources)",ER.H2O.FWTL.ZS,1.79048094169703
Cote d'Ivoire,CIV,2008,"Annual freshwater withdrawals, total (% of internal resources)",ER.H2O.FWTL.ZS,1.84613048763665
Cote d'Ivoire,CIV,2007,"Annual freshwater withdrawals, total (% of internal resources)",ER.H2O.FWTL.ZS,1.90279946785528
Cote d'Ivoire,CIV,2006,"Annual freshwater withdrawals, total (% of internal resources)",ER.H2O.FWTL.ZS,1.96014807105674
Cote d'Ivoire,CIV,2005,"Annual freshwater withdrawals, total (% of internal resources)",ER.H2O.FWTL.ZS,2.0161374284227
Cote d'Ivoire,CIV,2004,"Annual freshwater withdrawals, total (% of internal resources)",ER.H2O.FWTL.ZS,1.9795939614784
Cote d'Ivoire,CIV,2003,"Annual freshwater withdrawals, total (% of internal resources)",ER.H2O.FWTL.ZS,1.9430504945341
Cote d'Ivoire,CIV,2002,"Annual freshwater withdrawals, total (% of internal resources)",ER.H2O.FWTL.ZS,1.9065070275898
Cote d'Ivoire,CIV,2001,"Annual freshwater withdrawals, total (% of internal resources)",ER.H2O.FWTL.ZS,1.8699635606455
Cote d'Ivoire,CIV,2000,"Annual freshwater withdrawals, total (% of internal resources)",ER.H2O.FWTL.ZS,1.8334200937012
Cote d'Ivoire,CIV,1999,"Annual freshwater withdrawals, total (% of internal resources)",ER.H2O.FWTL.ZS,1.79507201106195
Cote d'Ivoire,CIV,1998,"Annual freshwater withdrawals, total (% of internal resources)",ER.H2O.FWTL.ZS,1.75672392855284
Cote d'Ivoire,CIV,1997,"Annual freshwater withdrawals, total (% of internal resources)",ER.H2O.FWTL.ZS,1.71837584591359
Cote d'Ivoire,CIV,1996,"Annual freshwater withdrawals, total (% of internal resources)",ER.H2O.FWTL.ZS,1.68002776327434
Cote d'Ivoire,CIV,1995,"Annual freshwater withdrawals, total (% of internal resources)",ER.H2O.FWTL.ZS,1.64167968076523
Cote d'Ivoire,CIV,1994,"Annual freshwater withdrawals, total (% of internal resources)",ER.H2O.FWTL.ZS,1.60333159812598
Cote d'Ivoire,CIV,1993,"Annual freshwater withdrawals, total (% of internal resources)",ER.H2O.FWTL.ZS,1.56038521603332
Cote d'Ivoire,CIV,1992,"Annual freshwater withdrawals, total (% of internal resources)",ER.H2O.FWTL.ZS,1.51743883394066
Cote d'Ivoire,CIV,1991,"Annual freshwater withdrawals, total (% of internal resources)",ER.H2O.FWTL.ZS,1.474492451848
Cote d'Ivoire,CIV,1990,"Annual freshwater withdrawals, total (% of internal resources)",ER.H2O.FWTL.ZS,1.43154606975534
Cote d'Ivoire,CIV,1989,"Annual freshwater withdrawals, total (% of internal resources)",ER.H2O.FWTL.ZS,1.26192955062467
Cote d'Ivoire,CIV,1988,"Annual freshwater withdrawals, total (% of internal resources)",ER.H2O.FWTL.ZS,1.09231303136387
Cote d'Ivoire,CIV,1987,"Annual freshwater withdrawals, total (% of internal resources)",ER.H2O.FWTL.ZS,0.922696512233212
Cote d'Ivoire,CIV,2021,"Renewable internal freshwater resources, total (billion cubic meters)",ER.H2O.INTR.K3,76.84
Cote d'Ivoire,CIV,2020,"Renewable internal freshwater resources, total (billion cubic meters)",ER.H2O.INTR.K3,76.84
Cote d'Ivoire,CIV,2019,"Renewable internal freshwater resources, total (billion cubic meters)",ER.H2O.INTR.K3,76.84
Cote d'Ivoire,CIV,2018,"Renewable internal freshwater resources, total (billion cubic meters)",ER.H2O.INTR.K3,76.84
Cote d'Ivoire,CIV,2017,"Renewable internal freshwater resources, total (billion cubic meters)",ER.H2O.INTR.K3,76.84
Cote d'Ivoire,CIV,2016,"Renewable internal freshwater resources, total (billion cubic meters)",ER.H2O.INTR.K3,76.84
Cote d'Ivoire,CIV,2015,"Renewable internal freshwater resources, total (billion cubic meters)",ER.H2O.INTR.K3,76.84
Cote d'Ivoire,CIV,2014,"Renewable internal freshwater resources, total (billion cubic meters)",ER.H2O.INTR.K3,76.84
Cote d'Ivoire,CIV,2013,"Renewable internal freshwater resources, total (billion cubic meters)",ER.H2O.INTR.K3,76.84
Cote d'Ivoire,CIV,2012,"Renewable internal freshwater resources, total (billion cubic meters)",ER.H2O.INTR.K3,76.84
Cote d'Ivoire,CIV,2011,"Renewable internal freshwater resources, total (billion cubic meters)",ER.H2O.INTR.K3,76.84
Cote d'Ivoire,CIV,2010,"Renewable internal freshwater resources, total (billion cubic meters)",ER.H2O.INTR.K3,76.84
Cote d'Ivoire,CIV,2009,"Renewable internal freshwater resources, total (billion cubic meters)",ER.H2O.INTR.K3,76.84
Cote d'Ivoire,CIV,2008,"Renewable internal freshwater resources, total (billion cubic meters)",ER.H2O.INTR.K3,76.84
Cote d'Ivoire,CIV,2007,"Renewable internal freshwater resources, total (billion cubic meters)",ER.H2O.INTR.K3,76.84
Cote d'Ivoire,CIV,2006,"Renewable internal freshwater resources, total (billion cubic meters)",ER.H2O.INTR.K3,76.84
Cote d'Ivoire,CIV,2005,"Renewable internal freshwater resources, total (billion cubic meters)",ER.H2O.INTR.K3,76.84
Cote d'Ivoire,CIV,2004,"Renewable internal freshwater resources, total (billion cubic meters)",ER.H2O.INTR.K3,76.84
Cote d'Ivoire,CIV,2003,"Renewable internal freshwater resources, total (billion cubic meters)",ER.H2O.INTR.K3,76.84
Cote d'Ivoire,CIV,2002,"Renewable internal freshwater resources, total (billion cubic meters)",ER.H2O.INTR.K3,76.84
Cote d'Ivoire,CIV,2001,"Renewable internal freshwater resources, total (billion cubic meters)",ER.H2O.INTR.K3,76.84
Cote d'Ivoire,CIV,2000,"Renewable internal freshwater resources, total (billion cubic meters)",ER.H2O.INTR.K3,76.84
Cote d'Ivoire,CIV,1999,"Renewable internal freshwater resources, total (billion cubic meters)",ER.H2O.INTR.K3,76.84
Cote d'Ivoire,CIV,1998,"Renewable internal freshwater resources, total (billion cubic meters)",ER.H2O.INTR.K3,76.84
Cote d'Ivoire,CIV,1997,"Renewable internal freshwater resources, total (billion cubic meters)",ER.H2O.INTR.K3,76.84
Cote d'Ivoire,CIV,1996,"Renewable internal freshwater resources, total (billion cubic meters)",ER.H2O.INTR.K3,76.84
Cote d'Ivoire,CIV,1995,"Renewable internal freshwater resources, total (billion cubic meters)",ER.H2O.INTR.K3,76.84
Cote d'Ivoire,CIV,1994,"Renewable internal freshwater resources, total (billion cubic meters)",ER.H2O.INTR.K3,76.84
Cote d'Ivoire,CIV,1993,"Renewable internal freshwater resources, total (billion cubic meters)",ER.H2O.INTR.K3,76.84
Cote d'Ivoire,CIV,1992,"Renewable internal freshwater resources, total (billion cubic meters)",ER.H2O.INTR.K3,76.84
Cote d'Ivoire,CIV,1991,"Renewable internal freshwater resources, total (billion cubic meters)",ER.H2O.INTR.K3,76.84
Cote d'Ivoire,CIV,1990,"Renewable internal freshwater resources, total (billion cubic meters)",ER.H2O.INTR.K3,76.84
Cote d'Ivoire,CIV,1989,"Renewable internal freshwater resources, total (billion cubic meters)",ER.H2O.INTR.K3,76.84
Cote d'Ivoire,CIV,1988,"Renewable internal freshwater resources, total (billion cubic meters)",ER.H2O.INTR.K3,76.84
Cote d'Ivoire,CIV,1987,"Renewable internal freshwater resources, total (billion cubic meters)",ER.H2O.INTR.K3,76.84
Cote d'Ivoire,CIV,1986,"Renewable internal freshwater resources, total (billion cubic meters)",ER.H2O.INTR.K3,76.84
Cote d'Ivoire,CIV,1985,"Renewable internal freshwater resources, total (billion cubic meters)",ER.H2O.INTR.K3,76.84
Cote d'Ivoire,CIV,1984,"Renewable internal freshwater resources, total (billion cubic meters)",ER.H2O.INTR.K3,76.84
Cote d'Ivoire,CIV,1983,"Renewable internal freshwater resources, total (billion cubic meters)",ER.H2O.INTR.K3,76.84
Cote d'Ivoire,CIV,1982,"Renewable internal freshwater resources, total (billion cubic meters)",ER.H2O.INTR.K3,76.84
Cote d'Ivoire,CIV,1981,"Renewable internal freshwater resources, total (billion cubic meters)",ER.H2O.INTR.K3,76.84
Cote d'Ivoire,CIV,1980,"Renewable internal freshwater resources, total (billion cubic meters)",ER.H2O.INTR.K3,76.84
Cote d'Ivoire,CIV,1979,"Renewable internal freshwater resources, total (billion cubic meters)",ER.H2O.INTR.K3,76.84
Cote d'Ivoire,CIV,1978,"Renewable internal freshwater resources, total (billion cubic meters)",ER.H2O.INTR.K3,76.84
Cote d'Ivoire,CIV,1977,"Renewable internal freshwater resources, total (billion cubic meters)",ER.H2O.INTR.K3,76.84
Cote d'Ivoire,CIV,1976,"Renewable internal freshwater resources, total (billion cubic meters)",ER.H2O.INTR.K3,76.84
Cote d'Ivoire,CIV,1975,"Renewable internal freshwater resources, total (billion cubic meters)",ER.H2O.INTR.K3,76.84
Cote d'Ivoire,CIV,1974,"Renewable internal freshwater resources, total (billion cubic meters)",ER.H2O.INTR.K3,76.84
Cote d'Ivoire,CIV,1973,"Renewable internal freshwater resources, total (billion cubic meters)",ER.H2O.INTR.K3,76.84
Cote d'Ivoire,CIV,1972,"Renewable internal freshwater resources, total (billion cubic meters)",ER.H2O.INTR.K3,76.84
Cote d'Ivoire,CIV,1971,"Renewable internal freshwater resources, total (billion cubic meters)",ER.H2O.INTR.K3,76.84
Cote d'Ivoire,CIV,1970,"Renewable internal freshwater resources, total (billion cubic meters)",ER.H2O.INTR.K3,76.84
Cote d'Ivoire,CIV,1969,"Renewable internal freshwater resources, total (billion cubic meters)",ER.H2O.INTR.K3,76.84
Cote d'Ivoire,CIV,1968,"Renewable internal freshwater resources, total (billion cubic meters)",ER.H2O.INTR.K3,76.84
Cote d'Ivoire,CIV,1967,"Renewable internal freshwater resources, total (billion cubic meters)",ER.H2O.INTR.K3,76.84
Cote d'Ivoire,CIV,1966,"Renewable internal freshwater resources, total (billion cubic meters)",ER.H2O.INTR.K3,76.84
Cote d'Ivoire,CIV,1965,"Renewable internal freshwater resources, total (billion cubic meters)",ER.H2O.INTR.K3,76.84
Cote d'Ivoire,CIV,1964,"Renewable internal freshwater resources, total (billion cubic meters)",ER.H2O.INTR.K3,76.84
Cote d'Ivoire,CIV,1963,"Renewable internal freshwater resources, total (billion cubic meters)",ER.H2O.INTR.K3,76.84
Cote d'Ivoire,CIV,1962,"Renewable internal freshwater resources, total (billion cubic meters)",ER.H2O.INTR.K3,76.84
Cote d'Ivoire,CIV,1961,"Renewable internal freshwater resources, total (billion cubic meters)",ER.H2O.INTR.K3,76.84
Cote d'Ivoire,CIV,2021,Renewable internal freshwater resources per capita (cubic meters),ER.H2O.INTR.PC,2592.46573586216
Cote d'Ivoire,CIV,2020,Renewable internal freshwater resources per capita (cubic meters),ER.H2O.INTR.PC,2657.40296821952
Cote d'Ivoire,CIV,2019,Renewable internal freshwater resources per capita (cubic meters),ER.H2O.INTR.PC,2725.49836734348
Cote d'Ivoire,CIV,2018,Renewable internal freshwater resources per capita (cubic meters),ER.H2O.INTR.PC,2797.826826972
Cote d'Ivoire,CIV,2017,Renewable internal freshwater resources per capita (cubic meters),ER.H2O.INTR.PC,2874.31005710765
Cote d'Ivoire,CIV,2016,Renewable internal freshwater resources per capita (cubic meters),ER.H2O.INTR.PC,2956.58942557554
Cote d'Ivoire,CIV,2015,Renewable internal freshwater resources per capita (cubic meters),ER.H2O.INTR.PC,3043.60924842102
Cote d'Ivoire,CIV,2014,Renewable internal freshwater resources per capita (cubic meters),ER.H2O.INTR.PC,3132.82352243277
Cote d'Ivoire,CIV,2013,Renewable internal freshwater resources per capita (cubic meters),ER.H2O.INTR.PC,3209.72106045274
Cote d'Ivoire,CIV,2012,Renewable internal freshwater resources per capita (cubic meters),ER.H2O.INTR.PC,3274.3744236074
Cote d'Ivoire,CIV,2011,Renewable internal freshwater resources per capita (cubic meters),ER.H2O.INTR.PC,3343.48620659647
Cote d'Ivoire,CIV,2010,Renewable internal freshwater resources per capita (cubic meters),ER.H2O.INTR.PC,3416.92359925143
Cote d'Ivoire,CIV,2009,Renewable internal freshwater resources per capita (cubic meters),ER.H2O.INTR.PC,3493.05434963456
Cote d'Ivoire,CIV,2008,Renewable internal freshwater resources per capita (cubic meters),ER.H2O.INTR.PC,3571.55489854976
Cote d'Ivoire,CIV,2007,Renewable internal freshwater resources per capita (cubic meters),ER.H2O.INTR.PC,3653.7309185995
Cote d'Ivoire,CIV,2006,Renewable internal freshwater resources per capita (cubic meters),ER.H2O.INTR.PC,3739.75473166092
Cote d'Ivoire,CIV,2005,Renewable internal freshwater resources per capita (cubic meters),ER.H2O.INTR.PC,3828.89407845884
Cote d'Ivoire,CIV,2004,Renewable internal freshwater resources per capita (cubic meters),ER.H2O.INTR.PC,3921.40852258229
Cote d'Ivoire,CIV,2003,Renewable internal freshwater resources per capita (cubic meters),ER.H2O.INTR.PC,4017.66391770753
Cote d'Ivoire,CIV,2002,Renewable internal freshwater resources per capita (cubic meters),ER.H2O.INTR.PC,4119.05351183351
Cote d'Ivoire,CIV,2001,Renewable internal freshwater resources per capita (cubic meters),ER.H2O.INTR.PC,4226.8753912844
Cote d'Ivoire,CIV,2000,Renewable internal freshwater resources per capita (cubic meters),ER.H2O.INTR.PC,4341.48723849093
Cote d'Ivoire,CIV,1999,Renewable internal freshwater resources per capita (cubic meters),ER.H2O.INTR.PC,4463.30681429734
Cote d'Ivoire,CIV,1998,Renewable internal freshwater resources per capita (cubic meters),ER.H2O.INTR.PC,4611.15217114216
Cote d'Ivoire,CIV,1997,Renewable internal freshwater resources per capita (cubic meters),ER.H2O.INTR.PC,4788.38324763806
Cote d'Ivoire,CIV,1996,Renewable internal freshwater resources per capita (cubic meters),ER.H2O.INTR.PC,4975.93883610174
Cote d'Ivoire,CIV,1995,Renewable internal freshwater resources per capita (cubic meters),ER.H2O.INTR.PC,5172.47240343938
Cote d'Ivoire,CIV,1994,Renewable internal freshwater resources per capita (cubic meters),ER.H2O.INTR.PC,5378.24028653338
Cote d'Ivoire,CIV,1993,Renewable internal freshwater resources per capita (cubic meters),ER.H2O.INTR.PC,5594.07936152364
Cote d'Ivoire,CIV,1992,Renewable internal freshwater resources per capita (cubic meters),ER.H2O.INTR.PC,5821.075414138
Cote d'Ivoire,CIV,1991,Renewable internal freshwater resources per capita (cubic meters),ER.H2O.INTR.PC,6058.08794949806
Cote d'Ivoire,CIV,1990,Renewable internal freshwater resources per capita (cubic meters),ER.H2O.INTR.PC,6303.64228126222
Cote d'Ivoire,CIV,1989,Renewable internal freshwater resources per capita (cubic meters),ER.H2O.INTR.PC,6556.44210112979
Cote d'Ivoire,CIV,1988,Renewable internal freshwater resources per capita (cubic meters),ER.H2O.INTR.PC,6814.96336779809
Cote d'Ivoire,CIV,1987,Renewable internal freshwater resources per capita (cubic meters),ER.H2O.INTR.PC,7081.06501650697
Cote d'Ivoire,CIV,1986,Renewable internal freshwater resources per capita (cubic meters),ER.H2O.INTR.PC,7359.50683258951
Cote d'Ivoire,CIV,1985,Renewable internal freshwater resources per capita (cubic meters),ER.H2O.INTR.PC,7653.01828607249
Cote d'Ivoire,CIV,1984,Renewable internal freshwater resources per capita (cubic meters),ER.H2O.INTR.PC,7962.26854605495
Cote d'Ivoire,CIV,1983,Renewable internal freshwater resources per capita (cubic meters),ER.H2O.INTR.PC,8286.6517181969
Cote d'Ivoire,CIV,1982,Renewable internal freshwater resources per capita (cubic meters),ER.H2O.INTR.PC,8626.01617254547
Cote d'Ivoire,CIV,1981,Renewable internal freshwater resources per capita (cubic meters),ER.H2O.INTR.PC,8980.20661487348
Cote d'Ivoire,CIV,1980,Renewable internal freshwater resources per capita (cubic meters),ER.H2O.INTR.PC,9347.11997035781
Cote d'Ivoire,CIV,1979,Renewable internal freshwater resources per capita (cubic meters),ER.H2O.INTR.PC,9723.79191945805
Cote d'Ivoire,CIV,1978,Renewable internal freshwater resources per capita (cubic meters),ER.H2O.INTR.PC,10106.3640895263
Cote d'Ivoire,CIV,1977,Renewable internal freshwater resources per capita (cubic meters),ER.H2O.INTR.PC,10494.4721010113
Cote d'Ivoire,CIV,1976,Renewable internal freshwater resources per capita (cubic meters),ER.H2O.INTR.PC,10887.0015945122
Cote d'Ivoire,CIV,1975,Renewable internal freshwater resources per capita (cubic meters),ER.H2O.INTR.PC,11339.5265880465
Cote d'Ivoire,CIV,1974,Renewable internal freshwater resources per capita (cubic meters),ER.H2O.INTR.PC,11868.9100204092
Cote d'Ivoire,CIV,1973,Renewable internal freshwater resources per capita (cubic meters),ER.H2O.INTR.PC,12423.717983542
Cote d'Ivoire,CIV,1972,Renewable internal freshwater resources per capita (cubic meters),ER.H2O.INTR.PC,13002.3168626039
Cote d'Ivoire,CIV,1971,Renewable internal freshwater resources per capita (cubic meters),ER.H2O.INTR.PC,13597.9109758005
Cote d'Ivoire,CIV,1970,Renewable internal freshwater resources per capita (cubic meters),ER.H2O.INTR.PC,14199.2143865169
Cote d'Ivoire,CIV,1969,Renewable internal freshwater resources per capita (cubic meters),ER.H2O.INTR.PC,14799.0619043373
Cote d'Ivoire,CIV,1968,Renewable internal freshwater resources per capita (cubic meters),ER.H2O.INTR.PC,15398.7327909041
Cote d'Ivoire,CIV,1967,Renewable internal freshwater resources per capita (cubic meters),ER.H2O.INTR.PC,16009.1871566484
Cote d'Ivoire,CIV,1966,Renewable internal freshwater resources per capita (cubic meters),ER.H2O.INTR.PC,16640.9710496048
Cote d'Ivoire,CIV,1965,Renewable internal freshwater resources per capita (cubic meters),ER.H2O.INTR.PC,17297.0461534444
Cote d'Ivoire,CIV,1964,Renewable internal freshwater resources per capita (cubic meters),ER.H2O.INTR.PC,17978.6764100299
Cote d'Ivoire,CIV,1963,Renewable internal freshwater resources per capita (cubic meters),ER.H2O.INTR.PC,18686.4932207961
Cote d'Ivoire,CIV,1962,Renewable internal freshwater resources per capita (cubic meters),ER.H2O.INTR.PC,19419.0509381115
Cote d'Ivoire,CIV,1961,Renewable internal freshwater resources per capita (cubic meters),ER.H2O.INTR.PC,20167.1797259479
Cote d'Ivoire,CIV,2024,Terrestrial protected areas (% of total land area),ER.LND.PTLD.ZS,22.8
Cote d'Ivoire,CIV,2023,Terrestrial protected areas (% of total land area),ER.LND.PTLD.ZS,23
Cote d'Ivoire,CIV,2022,Terrestrial protected areas (% of total land area),ER.LND.PTLD.ZS,23
Cote d'Ivoire,CIV,2021,Terrestrial protected areas (% of total land area),ER.LND.PTLD.ZS,23
Cote d'Ivoire,CIV,2020,Terrestrial protected areas (% of total land area),ER.LND.PTLD.ZS,23
Cote d'Ivoire,CIV,2019,Terrestrial protected areas (% of total land area),ER.LND.PTLD.ZS,23
Cote d'Ivoire,CIV,2018,Terrestrial protected areas (% of total land area),ER.LND.PTLD.ZS,22.9
Cote d'Ivoire,CIV,2017,Terrestrial protected areas (% of total land area),ER.LND.PTLD.ZS,22.9
Cote d'Ivoire,CIV,2016,Terrestrial protected areas (% of total land area),ER.LND.PTLD.ZS,22.9
Cote d'Ivoire,CIV,2015,Terrestrial protected areas (% of total land area),ER.LND.PTLD.ZS,22.9
Cote d'Ivoire,CIV,2014,Terrestrial protected areas (% of total land area),ER.LND.PTLD.ZS,22.9
Cote d'Ivoire,CIV,2013,Terrestrial protected areas (% of total land area),ER.LND.PTLD.ZS,22.9
Cote d'Ivoire,CIV,2024,Marine protected areas (% of territorial waters),ER.MRN.PTMR.ZS,0.1
Cote d'Ivoire,CIV,2023,Marine protected areas (% of territorial waters),ER.MRN.PTMR.ZS,0.1
Cote d'Ivoire,CIV,2022,Marine protected areas (% of territorial waters),ER.MRN.PTMR.ZS,0.1
Cote d'Ivoire,CIV,2021,Marine protected areas (% of territorial waters),ER.MRN.PTMR.ZS,0.1
Cote d'Ivoire,CIV,2020,Marine protected areas (% of territorial waters),ER.MRN.PTMR.ZS,0.1
Cote d'Ivoire,CIV,2019,Marine protected areas (% of territorial waters),ER.MRN.PTMR.ZS,0.1
Cote d'Ivoire,CIV,2018,Marine protected areas (% of territorial waters),ER.MRN.PTMR.ZS,0.1
Cote d'Ivoire,CIV,2017,Marine protected areas (% of territorial waters),ER.MRN.PTMR.ZS,0.1
Cote d'Ivoire,CIV,2016,Marine protected areas (% of territorial waters),ER.MRN.PTMR.ZS,0.1
Cote d'Ivoire,CIV,2015,Marine protected areas (% of territorial waters),ER.MRN.PTMR.ZS,0.1
Cote d'Ivoire,CIV,2014,Marine protected areas (% of territorial waters),ER.MRN.PTMR.ZS,0.1
Cote d'Ivoire,CIV,2013,Marine protected areas (% of territorial waters),ER.MRN.PTMR.ZS,0.1
Cote d'Ivoire,CIV,2024,Terrestrial and marine protected areas (% of total territorial area),ER.PTD.TOTL.ZS,14.9
Cote d'Ivoire,CIV,2023,Terrestrial and marine protected areas (% of total territorial area),ER.PTD.TOTL.ZS,14.9
Cote d'Ivoire,CIV,2022,Terrestrial and marine protected areas (% of total territorial area),ER.PTD.TOTL.ZS,14.9
Cote d'Ivoire,CIV,2021,Terrestrial and marine protected areas (% of total territorial area),ER.PTD.TOTL.ZS,14.9
Cote d'Ivoire,CIV,2020,Terrestrial and marine protected areas (% of total territorial area),ER.PTD.TOTL.ZS,14.9
Cote d'Ivoire,CIV,2019,Terrestrial and marine protected areas (% of total territorial area),ER.PTD.TOTL.ZS,14.9
Cote d'Ivoire,CIV,2018,Terrestrial and marine protected areas (% of total territorial area),ER.PTD.TOTL.ZS,14.9
Cote d'Ivoire,CIV,2017,Terrestrial and marine protected areas (% of total territorial area),ER.PTD.TOTL.ZS,14.9
Cote d'Ivoire,CIV,2016,Terrestrial and marine protected areas (% of total territorial area),ER.PTD.TOTL.ZS,14.9
Cote d'Ivoire,CIV,2015,Terrestrial and marine protected areas (% of total territorial area),ER.PTD.TOTL.ZS,14.9
Cote d'Ivoire,CIV,2014,Terrestrial and marine protected areas (% of total territorial area),ER.PTD.TOTL.ZS,14.9
Cote d'Ivoire,CIV,2013,Terrestrial and marine protected areas (% of total territorial area),ER.PTD.TOTL.ZS,14.9
Cote d'Ivoire,CIV,2021,Adjusted savings: education expenditure (current US$),NY.ADJ.AEDU.CD,2164584452.49311
Cote d'Ivoire,CIV,2020,Adjusted savings: education expenditure (current US$),NY.ADJ.AEDU.CD,1896005678.32343
Cote d'Ivoire,CIV,2019,Adjusted savings: education expenditure (current US$),NY.ADJ.AEDU.CD,1815497897.65783
Cote d'Ivoire,CIV,2018,Adjusted savings: education expenditure (current US$),NY.ADJ.AEDU.CD,1778329629.53151
Cote d'Ivoire,CIV,2017,Adjusted savings: education expenditure (current US$),NY.ADJ.AEDU.CD,1835286675.68386
Cote d'Ivoire,CIV,2016,Adjusted savings: education expenditure (current US$),NY.ADJ.AEDU.CD,1779925980.08562
Cote d'Ivoire,CIV,2015,Adjusted savings: education expenditure (current US$),NY.ADJ.AEDU.CD,1506534315.25966
Cote d'Ivoire,CIV,2014,Adjusted savings: education expenditure (current US$),NY.ADJ.AEDU.CD,2185774665.0972
Cote d'Ivoire,CIV,2013,Adjusted savings: education expenditure (current US$),NY.ADJ.AEDU.CD,1322136130.17738
Cote d'Ivoire,CIV,2012,Adjusted savings: education expenditure (current US$),NY.ADJ.AEDU.CD,1085248577.78665
Cote d'Ivoire,CIV,2011,Adjusted savings: education expenditure (current US$),NY.ADJ.AEDU.CD,981199045.704794
Cote d'Ivoire,CIV,2010,Adjusted savings: education expenditure (current US$),NY.ADJ.AEDU.CD,1055033450.91357
Cote d'Ivoire,CIV,2009,Adjusted savings: education expenditure (current US$),NY.ADJ.AEDU.CD,983127968.233861
Cote d'Ivoire,CIV,2008,Adjusted savings: education expenditure (current US$),NY.ADJ.AEDU.CD,994072457.467569
Cote d'Ivoire,CIV,2007,Adjusted savings: education expenditure (current US$),NY.ADJ.AEDU.CD,819614930.214901
Cote d'Ivoire,CIV,2006,Adjusted savings: education expenditure (current US$),NY.ADJ.AEDU.CD,691101443.111745
Cote d'Ivoire,CIV,2005,Adjusted savings: education expenditure (current US$),NY.ADJ.AEDU.CD,667439218.770834
Cote d'Ivoire,CIV,2004,Adjusted savings: education expenditure (current US$),NY.ADJ.AEDU.CD,638911372.532682
Cote d'Ivoire,CIV,2003,Adjusted savings: education expenditure (current US$),NY.ADJ.AEDU.CD,577982686.078107
Cote d'Ivoire,CIV,2002,Adjusted savings: education expenditure (current US$),NY.ADJ.AEDU.CD,478824168.241834
Cote d'Ivoire,CIV,2001,Adjusted savings: education expenditure (current US$),NY.ADJ.AEDU.CD,392849021.781472
Cote d'Ivoire,CIV,2000,Adjusted savings: education expenditure (current US$),NY.ADJ.AEDU.CD,383726823.691088
Cote d'Ivoire,CIV,1999,Adjusted savings: education expenditure (current US$),NY.ADJ.AEDU.CD,452089584.019208
Cote d'Ivoire,CIV,1998,Adjusted savings: education expenditure (current US$),NY.ADJ.AEDU.CD,404442200.683668
Cote d'Ivoire,CIV,1997,Adjusted savings: education expenditure (current US$),NY.ADJ.AEDU.CD,429109154.942848
Cote d'Ivoire,CIV,1996,Adjusted savings: education expenditure (current US$),NY.ADJ.AEDU.CD,448931333.947412
Cote d'Ivoire,CIV,1995,Adjusted savings: education expenditure (current US$),NY.ADJ.AEDU.CD,430544599.670359
Cote d'Ivoire,CIV,1994,Adjusted savings: education expenditure (current US$),NY.ADJ.AEDU.CD,376971425.124824
Cote d'Ivoire,CIV,1993,Adjusted savings: education expenditure (current US$),NY.ADJ.AEDU.CD,706570966.393161
Cote d'Ivoire,CIV,1992,Adjusted savings: education expenditure (current US$),NY.ADJ.AEDU.CD,755158669.178645
Cote d'Ivoire,CIV,1991,Adjusted savings: education expenditure (current US$),NY.ADJ.AEDU.CD,638229688.488644
Cote d'Ivoire,CIV,1990,Adjusted savings: education expenditure (current US$),NY.ADJ.AEDU.CD,644361995.042644
Cote d'Ivoire,CIV,1989,Adjusted savings: education expenditure (current US$),NY.ADJ.AEDU.CD,585820750.87392
Cote d'Ivoire,CIV,1988,Adjusted savings: education expenditure (current US$),NY.ADJ.AEDU.CD,650890513.305164
Cote d'Ivoire,CIV,1987,Adjusted savings: education expenditure (current US$),NY.ADJ.AEDU.CD,643481816.892151
Cote d'Ivoire,CIV,1986,Adjusted savings: education expenditure (current US$),NY.ADJ.AEDU.CD,592514524.692671
Cote d'Ivoire,CIV,1985,Adjusted savings: education expenditure (current US$),NY.ADJ.AEDU.CD,396625593.9078
Cote d'Ivoire,CIV,1984,Adjusted savings: education expenditure (current US$),NY.ADJ.AEDU.CD,406374378.334513
Cote d'Ivoire,CIV,1983,Adjusted savings: education expenditure (current US$),NY.ADJ.AEDU.CD,473558883.957897
Cote d'Ivoire,CIV,1982,Adjusted savings: education expenditure (current US$),NY.ADJ.AEDU.CD,512942098.68557
Cote d'Ivoire,CIV,1981,Adjusted savings: education expenditure (current US$),NY.ADJ.AEDU.CD,553720416.171846
Cote d'Ivoire,CIV,1980,Adjusted savings: education expenditure (current US$),NY.ADJ.AEDU.CD,580830897.815028
Cote d'Ivoire,CIV,1979,Adjusted savings: education expenditure (current US$),NY.ADJ.AEDU.CD,581736846.322611
Cote d'Ivoire,CIV,1978,Adjusted savings: education expenditure (current US$),NY.ADJ.AEDU.CD,402361130.348021
Cote d'Ivoire,CIV,1977,Adjusted savings: education expenditure (current US$),NY.ADJ.AEDU.CD,285330789.958633
Cote d'Ivoire,CIV,1976,Adjusted savings: education expenditure (current US$),NY.ADJ.AEDU.CD,261223519.395858
Cote d'Ivoire,CIV,1975,Adjusted savings: education expenditure (current US$),NY.ADJ.AEDU.CD,225176477.766854
Cote d'Ivoire,CIV,1974,Adjusted savings: education expenditure (current US$),NY.ADJ.AEDU.CD,160566502.330033
Cote d'Ivoire,CIV,1973,Adjusted savings: education expenditure (current US$),NY.ADJ.AEDU.CD,156332857.18644
Cote d'Ivoire,CIV,1972,Adjusted savings: education expenditure (current US$),NY.ADJ.AEDU.CD,130633507.646781
Cote d'Ivoire,CIV,1971,Adjusted savings: education expenditure (current US$),NY.ADJ.AEDU.CD,86605494.6397536
Cote d'Ivoire,CIV,1970,Adjusted savings: education expenditure (current US$),NY.ADJ.AEDU.CD,68141480.1266702
Cote d'Ivoire,CIV,2021,Adjusted savings: education expenditure (% of GNI),NY.ADJ.AEDU.GN.ZS,3.18644784854212
Cote d'Ivoire,CIV,2020,Adjusted savings: education expenditure (% of GNI),NY.ADJ.AEDU.GN.ZS,3.18644784854212
Cote d'Ivoire,CIV,2019,Adjusted savings: education expenditure (% of GNI),NY.ADJ.AEDU.GN.ZS,3.18644784854212
Cote d'Ivoire,CIV,2018,Adjusted savings: education expenditure (% of GNI),NY.ADJ.AEDU.GN.ZS,3.18644784854212
Cote d'Ivoire,CIV,2017,Adjusted savings: education expenditure (% of GNI),NY.ADJ.AEDU.GN.ZS,3.66676233692437
Cote d'Ivoire,CIV,2016,Adjusted savings: education expenditure (% of GNI),NY.ADJ.AEDU.GN.ZS,3.79615233044037
Cote d'Ivoire,CIV,2015,Adjusted savings: education expenditure (% of GNI),NY.ADJ.AEDU.GN.ZS,3.3622455984772
Cote d'Ivoire,CIV,2014,Adjusted savings: education expenditure (% of GNI),NY.ADJ.AEDU.GN.ZS,4.56
Cote d'Ivoire,CIV,2013,Adjusted savings: education expenditure (% of GNI),NY.ADJ.AEDU.GN.ZS,4.42751885864552
Cote d'Ivoire,CIV,2012,Adjusted savings: education expenditure (% of GNI),NY.ADJ.AEDU.GN.ZS,4.18584001338762
Cote d'Ivoire,CIV,2011,Adjusted savings: education expenditure (% of GNI),NY.ADJ.AEDU.GN.ZS,4.01714615709006
Cote d'Ivoire,CIV,2010,Adjusted savings: education expenditure (% of GNI),NY.ADJ.AEDU.GN.ZS,4.39678070961784
Cote d'Ivoire,CIV,2009,Adjusted savings: education expenditure (% of GNI),NY.ADJ.AEDU.GN.ZS,4.19481442982498
Cote d'Ivoire,CIV,2008,Adjusted savings: education expenditure (% of GNI),NY.ADJ.AEDU.GN.ZS,4.24427473094013
Cote d'Ivoire,CIV,2007,Adjusted savings: education expenditure (% of GNI),NY.ADJ.AEDU.GN.ZS,4.19
Cote d'Ivoire,CIV,2006,Adjusted savings: education expenditure (% of GNI),NY.ADJ.AEDU.GN.ZS,4.04
Cote d'Ivoire,CIV,2005,Adjusted savings: education expenditure (% of GNI),NY.ADJ.AEDU.GN.ZS,4.06
Cote d'Ivoire,CIV,2004,Adjusted savings: education expenditure (% of GNI),NY.ADJ.AEDU.GN.ZS,4.32
Cote d'Ivoire,CIV,2003,Adjusted savings: education expenditure (% of GNI),NY.ADJ.AEDU.GN.ZS,4.43
Cote d'Ivoire,CIV,2002,Adjusted savings: education expenditure (% of GNI),NY.ADJ.AEDU.GN.ZS,4.41
Cote d'Ivoire,CIV,2001,Adjusted savings: education expenditure (% of GNI),NY.ADJ.AEDU.GN.ZS,3.96
Cote d'Ivoire,CIV,2000,Adjusted savings: education expenditure (% of GNI),NY.ADJ.AEDU.GN.ZS,3.94
Cote d'Ivoire,CIV,1999,Adjusted savings: education expenditure (% of GNI),NY.ADJ.AEDU.GN.ZS,3.85
Cote d'Ivoire,CIV,1998,Adjusted savings: education expenditure (% of GNI),NY.ADJ.AEDU.GN.ZS,3.36451632597674
Cote d'Ivoire,CIV,1997,Adjusted savings: education expenditure (% of GNI),NY.ADJ.AEDU.GN.ZS,3.9
Cote d'Ivoire,CIV,1996,Adjusted savings: education expenditure (% of GNI),NY.ADJ.AEDU.GN.ZS,4
Cote d'Ivoire,CIV,1995,Adjusted savings: education expenditure (% of GNI),NY.ADJ.AEDU.GN.ZS,4.3
Cote d'Ivoire,CIV,1994,Adjusted savings: education expenditure (% of GNI),NY.ADJ.AEDU.GN.ZS,5
Cote d'Ivoire,CIV,1993,Adjusted savings: education expenditure (% of GNI),NY.ADJ.AEDU.GN.ZS,7.3
Cote d'Ivoire,CIV,1992,Adjusted savings: education expenditure (% of GNI),NY.ADJ.AEDU.GN.ZS,7.7
Cote d'Ivoire,CIV,1991,Adjusted savings: education expenditure (% of GNI),NY.ADJ.AEDU.GN.ZS,6.9969684
Cote d'Ivoire,CIV,1990,Adjusted savings: education expenditure (% of GNI),NY.ADJ.AEDU.GN.ZS,6.9969684
Cote d'Ivoire,CIV,1989,Adjusted savings: education expenditure (% of GNI),NY.ADJ.AEDU.GN.ZS,6.9969684
Cote d'Ivoire,CIV,1988,Adjusted savings: education expenditure (% of GNI),NY.ADJ.AEDU.GN.ZS,6.9969684
Cote d'Ivoire,CIV,1987,Adjusted savings: education expenditure (% of GNI),NY.ADJ.AEDU.GN.ZS,6.9969684
Cote d'Ivoire,CIV,1986,Adjusted savings: education expenditure (% of GNI),NY.ADJ.AEDU.GN.ZS,6.9969684
Cote d'Ivoire,CIV,1985,Adjusted savings: education expenditure (% of GNI),NY.ADJ.AEDU.GN.ZS,6.3
Cote d'Ivoire,CIV,1984,Adjusted savings: education expenditure (% of GNI),NY.ADJ.AEDU.GN.ZS,6.4
Cote d'Ivoire,CIV,1983,Adjusted savings: education expenditure (% of GNI),NY.ADJ.AEDU.GN.ZS,7.7
Cote d'Ivoire,CIV,1982,Adjusted savings: education expenditure (% of GNI),NY.ADJ.AEDU.GN.ZS,7.3
Cote d'Ivoire,CIV,1981,Adjusted savings: education expenditure (% of GNI),NY.ADJ.AEDU.GN.ZS,7
Cote d'Ivoire,CIV,1980,Adjusted savings: education expenditure (% of GNI),NY.ADJ.AEDU.GN.ZS,6
Cote d'Ivoire,CIV,1979,Adjusted savings: education expenditure (% of GNI),NY.ADJ.AEDU.GN.ZS,6.7
Cote d'Ivoire,CIV,1978,Adjusted savings: education expenditure (% of GNI),NY.ADJ.AEDU.GN.ZS,5.3
Cote d'Ivoire,CIV,1977,Adjusted savings: education expenditure (% of GNI),NY.ADJ.AEDU.GN.ZS,4.7
Cote d'Ivoire,CIV,1976,Adjusted savings: education expenditure (% of GNI),NY.ADJ.AEDU.GN.ZS,5.8
Cote d'Ivoire,CIV,1975,Adjusted savings: education expenditure (% of GNI),NY.ADJ.AEDU.GN.ZS,6
Cote d'Ivoire,CIV,1974,Adjusted savings: education expenditure (% of GNI),NY.ADJ.AEDU.GN.ZS,5.4
Cote d'Ivoire,CIV,1973,Adjusted savings: education expenditure (% of GNI),NY.ADJ.AEDU.GN.ZS,6.5
Cote d'Ivoire,CIV,1972,Adjusted savings: education expenditure (% of GNI),NY.ADJ.AEDU.GN.ZS,7.3
Cote d'Ivoire,CIV,1971,Adjusted savings: education expenditure (% of GNI),NY.ADJ.AEDU.GN.ZS,5.7080367
Cote d'Ivoire,CIV,1970,Adjusted savings: education expenditure (% of GNI),NY.ADJ.AEDU.GN.ZS,4.8
Cote d'Ivoire,CIV,2021,Adjusted savings: carbon dioxide damage (current US$),NY.ADJ.DCO2.CD,524676339.445296
Cote d'Ivoire,CIV,2020,Adjusted savings: carbon dioxide damage (current US$),NY.ADJ.DCO2.CD,462632349.451246
Cote d'Ivoire,CIV,2019,Adjusted savings: carbon dioxide damage (current US$),NY.ADJ.DCO2.CD,441635708.893923
Cote d'Ivoire,CIV,2018,Adjusted savings: carbon dioxide damage (current US$),NY.ADJ.DCO2.CD,399231401.663486
Cote d'Ivoire,CIV,2017,Adjusted savings: carbon dioxide damage (current US$),NY.ADJ.DCO2.CD,395124515.8885
Cote d'Ivoire,CIV,2016,Adjusted savings: carbon dioxide damage (current US$),NY.ADJ.DCO2.CD,344391811.058316
Cote d'Ivoire,CIV,2015,Adjusted savings: carbon dioxide damage (current US$),NY.ADJ.DCO2.CD,341121368.526107
Cote d'Ivoire,CIV,2014,Adjusted savings: carbon dioxide damage (current US$),NY.ADJ.DCO2.CD,309770957.581471
Cote d'Ivoire,CIV,2013,Adjusted savings: carbon dioxide damage (current US$),NY.ADJ.DCO2.CD,280907591.20943
Cote d'Ivoire,CIV,2012,Adjusted savings: carbon dioxide damage (current US$),NY.ADJ.DCO2.CD,249803189.078529
Cote d'Ivoire,CIV,2011,Adjusted savings: carbon dioxide damage (current US$),NY.ADJ.DCO2.CD,182549725.428318
Cote d'Ivoire,CIV,2010,Adjusted savings: carbon dioxide damage (current US$),NY.ADJ.DCO2.CD,181471837.747392
Cote d'Ivoire,CIV,2009,Adjusted savings: carbon dioxide damage (current US$),NY.ADJ.DCO2.CD,166533392.011649
Cote d'Ivoire,CIV,2008,Adjusted savings: carbon dioxide damage (current US$),NY.ADJ.DCO2.CD,173640170.095938
Cote d'Ivoire,CIV,2007,Adjusted savings: carbon dioxide damage (current US$),NY.ADJ.DCO2.CD,145763380.49707
Cote d'Ivoire,CIV,2006,Adjusted savings: carbon dioxide damage (current US$),NY.ADJ.DCO2.CD,139785591.661496
Cote d'Ivoire,CIV,2005,Adjusted savings: carbon dioxide damage (current US$),NY.ADJ.DCO2.CD,136805530.517178
Cote d'Ivoire,CIV,2004,Adjusted savings: carbon dioxide damage (current US$),NY.ADJ.DCO2.CD,120681519.588161
Cote d'Ivoire,CIV,2003,Adjusted savings: carbon dioxide damage (current US$),NY.ADJ.DCO2.CD,111578406.889185
Cote d'Ivoire,CIV,2002,Adjusted savings: carbon dioxide damage (current US$),NY.ADJ.DCO2.CD,137844894.690652
Cote d'Ivoire,CIV,2001,Adjusted savings: carbon dioxide damage (current US$),NY.ADJ.DCO2.CD,125950397.543428
Cote d'Ivoire,CIV,2000,Adjusted savings: carbon dioxide damage (current US$),NY.ADJ.DCO2.CD,120464857.064375
Cote d'Ivoire,CIV,1999,Adjusted savings: carbon dioxide damage (current US$),NY.ADJ.DCO2.CD,121239381.275684
Cote d'Ivoire,CIV,1998,Adjusted savings: carbon dioxide damage (current US$),NY.ADJ.DCO2.CD,85424557.8644155
Cote d'Ivoire,CIV,1997,Adjusted savings: carbon dioxide damage (current US$),NY.ADJ.DCO2.CD,82283819.3440389
Cote d'Ivoire,CIV,1996,Adjusted savings: carbon dioxide damage (current US$),NY.ADJ.DCO2.CD,64465074.5424869
Cote d'Ivoire,CIV,1995,Adjusted savings: carbon dioxide damage (current US$),NY.ADJ.DCO2.CD,51517665.9288509
Cote d'Ivoire,CIV,1994,Adjusted savings: carbon dioxide damage (current US$),NY.ADJ.DCO2.CD,45248989.1530327
Cote d'Ivoire,CIV,1993,Adjusted savings: carbon dioxide damage (current US$),NY.ADJ.DCO2.CD,41505189.5613658
Cote d'Ivoire,CIV,1992,Adjusted savings: carbon dioxide damage (current US$),NY.ADJ.DCO2.CD,37106756.9023251
Cote d'Ivoire,CIV,1991,Adjusted savings: carbon dioxide damage (current US$),NY.ADJ.DCO2.CD,35737817.2904375
Cote d'Ivoire,CIV,1990,Adjusted savings: carbon dioxide damage (current US$),NY.ADJ.DCO2.CD,32838693.2645821
Cote d'Ivoire,CIV,2021,Adjusted savings: carbon dioxide damage (% of GNI),NY.ADJ.DCO2.GN.ZS,0.772367089249312
Cote d'Ivoire,CIV,2020,Adjusted savings: carbon dioxide damage (% of GNI),NY.ADJ.DCO2.GN.ZS,0.777504978718446
Cote d'Ivoire,CIV,2019,Adjusted savings: carbon dioxide damage (% of GNI),NY.ADJ.DCO2.GN.ZS,0.775131249813015
Cote d'Ivoire,CIV,2018,Adjusted savings: carbon dioxide damage (% of GNI),NY.ADJ.DCO2.GN.ZS,0.715351091145126
Cote d'Ivoire,CIV,2017,Adjusted savings: carbon dioxide damage (% of GNI),NY.ADJ.DCO2.GN.ZS,0.789428546750368
Cote d'Ivoire,CIV,2016,Adjusted savings: carbon dioxide damage (% of GNI),NY.ADJ.DCO2.GN.ZS,0.734504575336735
Cote d'Ivoire,CIV,2015,Adjusted savings: carbon dioxide damage (% of GNI),NY.ADJ.DCO2.GN.ZS,0.761306137043243
Cote d'Ivoire,CIV,2014,Adjusted savings: carbon dioxide damage (% of GNI),NY.ADJ.DCO2.GN.ZS,0.64624940032814
Cote d'Ivoire,CIV,2013,Adjusted savings: carbon dioxide damage (% of GNI),NY.ADJ.DCO2.GN.ZS,0.940692587721341
Cote d'Ivoire,CIV,2012,Adjusted savings: carbon dioxide damage (% of GNI),NY.ADJ.DCO2.GN.ZS,0.963499244061949
Cote d'Ivoire,CIV,2011,Adjusted savings: carbon dioxide damage (% of GNI),NY.ADJ.DCO2.GN.ZS,0.747380392584325
Cote d'Ivoire,CIV,2010,Adjusted savings: carbon dioxide damage (% of GNI),NY.ADJ.DCO2.GN.ZS,0.75627163750659
Cote d'Ivoire,CIV,2009,Adjusted savings: carbon dioxide damage (% of GNI),NY.ADJ.DCO2.GN.ZS,0.710565357135678
Cote d'Ivoire,CIV,2008,Adjusted savings: carbon dioxide damage (% of GNI),NY.ADJ.DCO2.GN.ZS,0.741371094911738
Cote d'Ivoire,CIV,2007,Adjusted savings: carbon dioxide damage (% of GNI),NY.ADJ.DCO2.GN.ZS,0.745165249884583
Cote d'Ivoire,CIV,2006,Adjusted savings: carbon dioxide damage (% of GNI),NY.ADJ.DCO2.GN.ZS,0.817150356060144
Cote d'Ivoire,CIV,2005,Adjusted savings: carbon dioxide damage (% of GNI),NY.ADJ.DCO2.GN.ZS,0.832181325698287
Cote d'Ivoire,CIV,2004,Adjusted savings: carbon dioxide damage (% of GNI),NY.ADJ.DCO2.GN.ZS,0.815988237232681
Cote d'Ivoire,CIV,2003,Adjusted savings: carbon dioxide damage (% of GNI),NY.ADJ.DCO2.GN.ZS,0.855202680677346
Cote d'Ivoire,CIV,2002,Adjusted savings: carbon dioxide damage (% of GNI),NY.ADJ.DCO2.GN.ZS,1.26955994685454
Cote d'Ivoire,CIV,2001,Adjusted savings: carbon dioxide damage (% of GNI),NY.ADJ.DCO2.GN.ZS,1.26960625232108
Cote d'Ivoire,CIV,2000,Adjusted savings: carbon dioxide damage (% of GNI),NY.ADJ.DCO2.GN.ZS,1.23689955335447
Cote d'Ivoire,CIV,1999,Adjusted savings: carbon dioxide damage (% of GNI),NY.ADJ.DCO2.GN.ZS,1.03247593930754
Cote d'Ivoire,CIV,1998,Adjusted savings: carbon dioxide damage (% of GNI),NY.ADJ.DCO2.GN.ZS,0.710638798543598
Cote d'Ivoire,CIV,1997,Adjusted savings: carbon dioxide damage (% of GNI),NY.ADJ.DCO2.GN.ZS,0.747844439451525
Cote d'Ivoire,CIV,1996,Adjusted savings: carbon dioxide damage (% of GNI),NY.ADJ.DCO2.GN.ZS,0.574386946668671
Cote d'Ivoire,CIV,1995,Adjusted savings: carbon dioxide damage (% of GNI),NY.ADJ.DCO2.GN.ZS,0.514525007777748
Cote d'Ivoire,CIV,1994,Adjusted savings: carbon dioxide damage (% of GNI),NY.ADJ.DCO2.GN.ZS,0.600164709275374
Cote d'Ivoire,CIV,1993,Adjusted savings: carbon dioxide damage (% of GNI),NY.ADJ.DCO2.GN.ZS,0.428814511505667
Cote d'Ivoire,CIV,1992,Adjusted savings: carbon dioxide damage (% of GNI),NY.ADJ.DCO2.GN.ZS,0.378360257002243
Cote d'Ivoire,CIV,1991,Adjusted savings: carbon dioxide damage (% of GNI),NY.ADJ.DCO2.GN.ZS,0.391796844891859
Cote d'Ivoire,CIV,1990,Adjusted savings: carbon dioxide damage (% of GNI),NY.ADJ.DCO2.GN.ZS,0.356587292294244
Cote d'Ivoire,CIV,2021,Adjusted savings: net forest depletion (current US$),NY.ADJ.DFOR.CD,0
Cote d'Ivoire,CIV,2020,Adjusted savings: net forest depletion (current US$),NY.ADJ.DFOR.CD,0
Cote d'Ivoire,CIV,2019,Adjusted savings: net forest depletion (current US$),NY.ADJ.DFOR.CD,0
Cote d'Ivoire,CIV,2018,Adjusted savings: net forest depletion (current US$),NY.ADJ.DFOR.CD,0
Cote d'Ivoire,CIV,2017,Adjusted savings: net forest depletion (current US$),NY.ADJ.DFOR.CD,0
Cote d'Ivoire,CIV,2016,Adjusted savings: net forest depletion (current US$),NY.ADJ.DFOR.CD,0
Cote d'Ivoire,CIV,2015,Adjusted savings: net forest depletion (current US$),NY.ADJ.DFOR.CD,0
Cote d'Ivoire,CIV,2014,Adjusted savings: net forest depletion (current US$),NY.ADJ.DFOR.CD,0
Cote d'Ivoire,CIV,2013,Adjusted savings: net forest depletion (current US$),NY.ADJ.DFOR.CD,0
Cote d'Ivoire,CIV,2012,Adjusted savings: net forest depletion (current US$),NY.ADJ.DFOR.CD,0
Cote d'Ivoire,CIV,2011,Adjusted savings: net forest depletion (current US$),NY.ADJ.DFOR.CD,0
Cote d'Ivoire,CIV,2010,Adjusted savings: net forest depletion (current US$),NY.ADJ.DFOR.CD,0
Cote d'Ivoire,CIV,2009,Adjusted savings: net forest depletion (current US$),NY.ADJ.DFOR.CD,0
Cote d'Ivoire,CIV,2008,Adjusted savings: net forest depletion (current US$),NY.ADJ.DFOR.CD,0
Cote d'Ivoire,CIV,2007,Adjusted savings: net forest depletion (current US$),NY.ADJ.DFOR.CD,0
Cote d'Ivoire,CIV,2006,Adjusted savings: net forest depletion (current US$),NY.ADJ.DFOR.CD,0
Cote d'Ivoire,CIV,2005,Adjusted savings: net forest depletion (current US$),NY.ADJ.DFOR.CD,0
Cote d'Ivoire,CIV,2004,Adjusted savings: net forest depletion (current US$),NY.ADJ.DFOR.CD,0
Cote d'Ivoire,CIV,2003,Adjusted savings: net forest depletion (current US$),NY.ADJ.DFOR.CD,0
Cote d'Ivoire,CIV,2002,Adjusted savings: net forest depletion (current US$),NY.ADJ.DFOR.CD,0
Cote d'Ivoire,CIV,2001,Adjusted savings: net forest depletion (current US$),NY.ADJ.DFOR.CD,0
Cote d'Ivoire,CIV,2000,Adjusted savings: net forest depletion (current US$),NY.ADJ.DFOR.CD,0
Cote d'Ivoire,CIV,1999,Adjusted savings: net forest depletion (current US$),NY.ADJ.DFOR.CD,0
Cote d'Ivoire,CIV,1998,Adjusted savings: net forest depletion (current US$),NY.ADJ.DFOR.CD,0
Cote d'Ivoire,CIV,1997,Adjusted savings: net forest depletion (current US$),NY.ADJ.DFOR.CD,0
Cote d'Ivoire,CIV,1996,Adjusted savings: net forest depletion (current US$),NY.ADJ.DFOR.CD,0
Cote d'Ivoire,CIV,1995,Adjusted savings: net forest depletion (current US$),NY.ADJ.DFOR.CD,0
Cote d'Ivoire,CIV,1994,Adjusted savings: net forest depletion (current US$),NY.ADJ.DFOR.CD,0
Cote d'Ivoire,CIV,1993,Adjusted savings: net forest depletion (current US$),NY.ADJ.DFOR.CD,0
Cote d'Ivoire,CIV,1992,Adjusted savings: net forest depletion (current US$),NY.ADJ.DFOR.CD,0
Cote d'Ivoire,CIV,1991,Adjusted savings: net forest depletion (current US$),NY.ADJ.DFOR.CD,0
Cote d'Ivoire,CIV,1990,Adjusted savings: net forest depletion (current US$),NY.ADJ.DFOR.CD,0
Cote d'Ivoire,CIV,1989,Adjusted savings: net forest depletion (current US$),NY.ADJ.DFOR.CD,0
Cote d'Ivoire,CIV,1988,Adjusted savings: net forest depletion (current US$),NY.ADJ.DFOR.CD,0
Cote d'Ivoire,CIV,1987,Adjusted savings: net forest depletion (current US$),NY.ADJ.DFOR.CD,0
Cote d'Ivoire,CIV,1986,Adjusted savings: net forest depletion (current US$),NY.ADJ.DFOR.CD,0
Cote d'Ivoire,CIV,1985,Adjusted savings: net forest depletion (current US$),NY.ADJ.DFOR.CD,0
Cote d'Ivoire,CIV,1984,Adjusted savings: net forest depletion (current US$),NY.ADJ.DFOR.CD,0
Cote d'Ivoire,CIV,1983,Adjusted savings: net forest depletion (current US$),NY.ADJ.DFOR.CD,0
Cote d'Ivoire,CIV,1982,Adjusted savings: net forest depletion (current US$),NY.ADJ.DFOR.CD,0
Cote d'Ivoire,CIV,1981,Adjusted savings: net forest depletion (current US$),NY.ADJ.DFOR.CD,0
Cote d'Ivoire,CIV,1980,Adjusted savings: net forest depletion (current US$),NY.ADJ.DFOR.CD,0
Cote d'Ivoire,CIV,1979,Adjusted savings: net forest depletion (current US$),NY.ADJ.DFOR.CD,0
Cote d'Ivoire,CIV,1978,Adjusted savings: net forest depletion (current US$),NY.ADJ.DFOR.CD,0
Cote d'Ivoire,CIV,1977,Adjusted savings: net forest depletion (current US$),NY.ADJ.DFOR.CD,0
Cote d'Ivoire,CIV,1976,Adjusted savings: net forest depletion (current US$),NY.ADJ.DFOR.CD,0
Cote d'Ivoire,CIV,1975,Adjusted savings: net forest depletion (current US$),NY.ADJ.DFOR.CD,0
Cote d'Ivoire,CIV,1974,Adjusted savings: net forest depletion (current US$),NY.ADJ.DFOR.CD,0
Cote d'Ivoire,CIV,1973,Adjusted savings: net forest depletion (current US$),NY.ADJ.DFOR.CD,0
Cote d'Ivoire,CIV,1972,Adjusted savings: net forest depletion (current US$),NY.ADJ.DFOR.CD,0
Cote d'Ivoire,CIV,1971,Adjusted savings: net forest depletion (current US$),NY.ADJ.DFOR.CD,0
Cote d'Ivoire,CIV,1970,Adjusted savings: net forest depletion (current US$),NY.ADJ.DFOR.CD,0
Cote d'Ivoire,CIV,2021,Adjusted savings: net forest depletion (% of GNI),NY.ADJ.DFOR.GN.ZS,0
Cote d'Ivoire,CIV,2020,Adjusted savings: net forest depletion (% of GNI),NY.ADJ.DFOR.GN.ZS,0
Cote d'Ivoire,CIV,2019,Adjusted savings: net forest depletion (% of GNI),NY.ADJ.DFOR.GN.ZS,0
Cote d'Ivoire,CIV,2018,Adjusted savings: net forest depletion (% of GNI),NY.ADJ.DFOR.GN.ZS,0
Cote d'Ivoire,CIV,2017,Adjusted savings: net forest depletion (% of GNI),NY.ADJ.DFOR.GN.ZS,0
Cote d'Ivoire,CIV,2016,Adjusted savings: net forest depletion (% of GNI),NY.ADJ.DFOR.GN.ZS,0
Cote d'Ivoire,CIV,2015,Adjusted savings: net forest depletion (% of GNI),NY.ADJ.DFOR.GN.ZS,0
Cote d'Ivoire,CIV,2014,Adjusted savings: net forest depletion (% of GNI),NY.ADJ.DFOR.GN.ZS,0
Cote d'Ivoire,CIV,2013,Adjusted savings: net forest depletion (% of GNI),NY.ADJ.DFOR.GN.ZS,0
Cote d'Ivoire,CIV,2012,Adjusted savings: net forest depletion (% of GNI),NY.ADJ.DFOR.GN.ZS,0
Cote d'Ivoire,CIV,2011,Adjusted savings: net forest depletion (% of GNI),NY.ADJ.DFOR.GN.ZS,0
Cote d'Ivoire,CIV,2010,Adjusted savings: net forest depletion (% of GNI),NY.ADJ.DFOR.GN.ZS,0
Cote d'Ivoire,CIV,2009,Adjusted savings: net forest depletion (% of GNI),NY.ADJ.DFOR.GN.ZS,0
Cote d'Ivoire,CIV,2008,Adjusted savings: net forest depletion (% of GNI),NY.ADJ.DFOR.GN.ZS,0
Cote d'Ivoire,CIV,2007,Adjusted savings: net forest depletion (% of GNI),NY.ADJ.DFOR.GN.ZS,0
Cote d'Ivoire,CIV,2006,Adjusted savings: net forest depletion (% of GNI),NY.ADJ.DFOR.GN.ZS,0
Cote d'Ivoire,CIV,2005,Adjusted savings: net forest depletion (% of GNI),NY.ADJ.DFOR.GN.ZS,0
Cote d'Ivoire,CIV,2004,Adjusted savings: net forest depletion (% of GNI),NY.ADJ.DFOR.GN.ZS,0
Cote d'Ivoire,CIV,2003,Adjusted savings: net forest depletion (% of GNI),NY.ADJ.DFOR.GN.ZS,0
Cote d'Ivoire,CIV,2002,Adjusted savings: net forest depletion (% of GNI),NY.ADJ.DFOR.GN.ZS,0
Cote d'Ivoire,CIV,2001,Adjusted savings: net forest depletion (% of GNI),NY.ADJ.DFOR.GN.ZS,0
Cote d'Ivoire,CIV,2000,Adjusted savings: net forest depletion (% of GNI),NY.ADJ.DFOR.GN.ZS,0
Cote d'Ivoire,CIV,1999,Adjusted savings: net forest depletion (% of GNI),NY.ADJ.DFOR.GN.ZS,0
Cote d'Ivoire,CIV,1998,Adjusted savings: net forest depletion (% of GNI),NY.ADJ.DFOR.GN.ZS,0
Cote d'Ivoire,CIV,1997,Adjusted savings: net forest depletion (% of GNI),NY.ADJ.DFOR.GN.ZS,0
Cote d'Ivoire,CIV,1996,Adjusted savings: net forest depletion (% of GNI),NY.ADJ.DFOR.GN.ZS,0
Cote d'Ivoire,CIV,1995,Adjusted savings: net forest depletion (% of GNI),NY.ADJ.DFOR.GN.ZS,0
Cote d'Ivoire,CIV,1994,Adjusted savings: net forest depletion (% of GNI),NY.ADJ.DFOR.GN.ZS,0
Cote d'Ivoire,CIV,1993,Adjusted savings: net forest depletion (% of GNI),NY.ADJ.DFOR.GN.ZS,0
Cote d'Ivoire,CIV,1992,Adjusted savings: net forest depletion (% of GNI),NY.ADJ.DFOR.GN.ZS,0
Cote d'Ivoire,CIV,1991,Adjusted savings: net forest depletion (% of GNI),NY.ADJ.DFOR.GN.ZS,0
Cote d'Ivoire,CIV,1990,Adjusted savings: net forest depletion (% of GNI),NY.ADJ.DFOR.GN.ZS,0
Cote d'Ivoire,CIV,1989,Adjusted savings: net forest depletion (% of GNI),NY.ADJ.DFOR.GN.ZS,0
Cote d'Ivoire,CIV,1988,Adjusted savings: net forest depletion (% of GNI),NY.ADJ.DFOR.GN.ZS,0
Cote d'Ivoire,CIV,1987,Adjusted savings: net forest depletion (% of GNI),NY.ADJ.DFOR.GN.ZS,0
Cote d'Ivoire,CIV,1986,Adjusted savings: net forest depletion (% of GNI),NY.ADJ.DFOR.GN.ZS,0
Cote d'Ivoire,CIV,1985,Adjusted savings: net forest depletion (% of GNI),NY.ADJ.DFOR.GN.ZS,0
Cote d'Ivoire,CIV,1984,Adjusted savings: net forest depletion (% of GNI),NY.ADJ.DFOR.GN.ZS,0
Cote d'Ivoire,CIV,1983,Adjusted savings: net forest depletion (% of GNI),NY.ADJ.DFOR.GN.ZS,0
Cote d'Ivoire,CIV,1982,Adjusted savings: net forest depletion (% of GNI),NY.ADJ.DFOR.GN.ZS,0
Cote d'Ivoire,CIV,1981,Adjusted savings: net forest depletion (% of GNI),NY.ADJ.DFOR.GN.ZS,0
Cote d'Ivoire,CIV,1980,Adjusted savings: net forest depletion (% of GNI),NY.ADJ.DFOR.GN.ZS,0
Cote d'Ivoire,CIV,1979,Adjusted savings: net forest depletion (% of GNI),NY.ADJ.DFOR.GN.ZS,0
Cote d'Ivoire,CIV,1978,Adjusted savings: net forest depletion (% of GNI),NY.ADJ.DFOR.GN.ZS,0
Cote d'Ivoire,CIV,1977,Adjusted savings: net forest depletion (% of GNI),NY.ADJ.DFOR.GN.ZS,0
Cote d'Ivoire,CIV,1976,Adjusted savings: net forest depletion (% of GNI),NY.ADJ.DFOR.GN.ZS,0
Cote d'Ivoire,CIV,1975,Adjusted savings: net forest depletion (% of GNI),NY.ADJ.DFOR.GN.ZS,0
Cote d'Ivoire,CIV,1974,Adjusted savings: net forest depletion (% of GNI),NY.ADJ.DFOR.GN.ZS,0
Cote d'Ivoire,CIV,1973,Adjusted savings: net forest depletion (% of GNI),NY.ADJ.DFOR.GN.ZS,0
Cote d'Ivoire,CIV,1972,Adjusted savings: net forest depletion (% of GNI),NY.ADJ.DFOR.GN.ZS,0
Cote d'Ivoire,CIV,1971,Adjusted savings: net forest depletion (% of GNI),NY.ADJ.DFOR.GN.ZS,0
Cote d'Ivoire,CIV,1970,Adjusted savings: net forest depletion (% of GNI),NY.ADJ.DFOR.GN.ZS,0
Cote d'Ivoire,CIV,2021,Adjusted savings: consumption of fixed capital (current US$),NY.ADJ.DKAP.CD,2145648174.95833
Cote d'Ivoire,CIV,2020,Adjusted savings: consumption of fixed capital (current US$),NY.ADJ.DKAP.CD,1973154990.53582
Cote d'Ivoire,CIV,2019,Adjusted savings: consumption of fixed capital (current US$),NY.ADJ.DKAP.CD,1972357432.91934
Cote d'Ivoire,CIV,2018,Adjusted savings: consumption of fixed capital (current US$),NY.ADJ.DKAP.CD,1737911890.97235
Cote d'Ivoire,CIV,2017,Adjusted savings: consumption of fixed capital (current US$),NY.ADJ.DKAP.CD,1943257590.66805
Cote d'Ivoire,CIV,2016,Adjusted savings: consumption of fixed capital (current US$),NY.ADJ.DKAP.CD,1836175916.72112
Cote d'Ivoire,CIV,2015,Adjusted savings: consumption of fixed capital (current US$),NY.ADJ.DKAP.CD,1232205234.59214
Cote d'Ivoire,CIV,2014,Adjusted savings: consumption of fixed capital (current US$),NY.ADJ.DKAP.CD,1105453707.69907
Cote d'Ivoire,CIV,2013,Adjusted savings: consumption of fixed capital (current US$),NY.ADJ.DKAP.CD,1075048563.61041
Cote d'Ivoire,CIV,2012,Adjusted savings: consumption of fixed capital (current US$),NY.ADJ.DKAP.CD,972030986.663988
Cote d'Ivoire,CIV,2011,Adjusted savings: consumption of fixed capital (current US$),NY.ADJ.DKAP.CD,1089558486.63908
Cote d'Ivoire,CIV,2010,Adjusted savings: consumption of fixed capital (current US$),NY.ADJ.DKAP.CD,972019306.572847
Cote d'Ivoire,CIV,2009,Adjusted savings: consumption of fixed capital (current US$),NY.ADJ.DKAP.CD,992595312.943585
Cote d'Ivoire,CIV,2008,Adjusted savings: consumption of fixed capital (current US$),NY.ADJ.DKAP.CD,994274950.640759
Cote d'Ivoire,CIV,2007,Adjusted savings: consumption of fixed capital (current US$),NY.ADJ.DKAP.CD,902547998.600584
Cote d'Ivoire,CIV,2006,Adjusted savings: consumption of fixed capital (current US$),NY.ADJ.DKAP.CD,854714729.581464
Cote d'Ivoire,CIV,2005,Adjusted savings: consumption of fixed capital (current US$),NY.ADJ.DKAP.CD,975855479.49391
Cote d'Ivoire,CIV,2004,Adjusted savings: consumption of fixed capital (current US$),NY.ADJ.DKAP.CD,877887256.469483
Cote d'Ivoire,CIV,2003,Adjusted savings: consumption of fixed capital (current US$),NY.ADJ.DKAP.CD,724675586.375481
Cote d'Ivoire,CIV,2002,Adjusted savings: consumption of fixed capital (current US$),NY.ADJ.DKAP.CD,713570403.131806
Cote d'Ivoire,CIV,2001,Adjusted savings: consumption of fixed capital (current US$),NY.ADJ.DKAP.CD,716202632.916719
Cote d'Ivoire,CIV,2000,Adjusted savings: consumption of fixed capital (current US$),NY.ADJ.DKAP.CD,818958485.422567
Cote d'Ivoire,CIV,1999,Adjusted savings: consumption of fixed capital (current US$),NY.ADJ.DKAP.CD,839361443.595974
Cote d'Ivoire,CIV,1998,Adjusted savings: consumption of fixed capital (current US$),NY.ADJ.DKAP.CD,852995374.180416
Cote d'Ivoire,CIV,1997,Adjusted savings: consumption of fixed capital (current US$),NY.ADJ.DKAP.CD,822990194.90518
Cote d'Ivoire,CIV,1996,Adjusted savings: consumption of fixed capital (current US$),NY.ADJ.DKAP.CD,878213610.635496
Cote d'Ivoire,CIV,1995,Adjusted savings: consumption of fixed capital (current US$),NY.ADJ.DKAP.CD,588547951.64321
Cote d'Ivoire,CIV,1994,Adjusted savings: consumption of fixed capital (current US$),NY.ADJ.DKAP.CD,536806697.514212
Cote d'Ivoire,CIV,1993,Adjusted savings: consumption of fixed capital (current US$),NY.ADJ.DKAP.CD,696689629.498121
Cote d'Ivoire,CIV,1992,Adjusted savings: consumption of fixed capital (current US$),NY.ADJ.DKAP.CD,692733295.904907
Cote d'Ivoire,CIV,1991,Adjusted savings: consumption of fixed capital (current US$),NY.ADJ.DKAP.CD,701927796.364382
Cote d'Ivoire,CIV,1990,Adjusted savings: consumption of fixed capital (current US$),NY.ADJ.DKAP.CD,750348833.928211
Cote d'Ivoire,CIV,1989,Adjusted savings: consumption of fixed capital (current US$),NY.ADJ.DKAP.CD,629722167.500834
Cote d'Ivoire,CIV,1988,Adjusted savings: consumption of fixed capital (current US$),NY.ADJ.DKAP.CD,748190559.150788
Cote d'Ivoire,CIV,1987,Adjusted savings: consumption of fixed capital (current US$),NY.ADJ.DKAP.CD,772112319.775371
Cote d'Ivoire,CIV,1986,Adjusted savings: consumption of fixed capital (current US$),NY.ADJ.DKAP.CD,701716917.176382
Cote d'Ivoire,CIV,1985,Adjusted savings: consumption of fixed capital (current US$),NY.ADJ.DKAP.CD,544005782.306142
Cote d'Ivoire,CIV,1984,Adjusted savings: consumption of fixed capital (current US$),NY.ADJ.DKAP.CD,569325079.249474
Cote d'Ivoire,CIV,1983,Adjusted savings: consumption of fixed capital (current US$),NY.ADJ.DKAP.CD,568104560.365887
Cote d'Ivoire,CIV,1982,Adjusted savings: consumption of fixed capital (current US$),NY.ADJ.DKAP.CD,634513173.461297
Cote d'Ivoire,CIV,1981,Adjusted savings: consumption of fixed capital (current US$),NY.ADJ.DKAP.CD,777605807.208719
Cote d'Ivoire,CIV,1980,Adjusted savings: consumption of fixed capital (current US$),NY.ADJ.DKAP.CD,870887925.100138
Cote d'Ivoire,CIV,1979,Adjusted savings: consumption of fixed capital (current US$),NY.ADJ.DKAP.CD,728738067.631983
Cote d'Ivoire,CIV,1978,Adjusted savings: consumption of fixed capital (current US$),NY.ADJ.DKAP.CD,531720510.677858
Cote d'Ivoire,CIV,1977,Adjusted savings: consumption of fixed capital (current US$),NY.ADJ.DKAP.CD,333752729.764732
Cote d'Ivoire,CIV,1976,Adjusted savings: consumption of fixed capital (current US$),NY.ADJ.DKAP.CD,230181473.237546
Cote d'Ivoire,CIV,1975,Adjusted savings: consumption of fixed capital (current US$),NY.ADJ.DKAP.CD,186632916.871735
Cote d'Ivoire,CIV,1974,Adjusted savings: consumption of fixed capital (current US$),NY.ADJ.DKAP.CD,124630669.037259
Cote d'Ivoire,CIV,1973,Adjusted savings: consumption of fixed capital (current US$),NY.ADJ.DKAP.CD,110758027.93988
Cote d'Ivoire,CIV,1972,Adjusted savings: consumption of fixed capital (current US$),NY.ADJ.DKAP.CD,86230654.2197047
Cote d'Ivoire,CIV,1971,Adjusted savings: consumption of fixed capital (current US$),NY.ADJ.DKAP.CD,68440225.3407916
Cote d'Ivoire,CIV,1970,Adjusted savings: consumption of fixed capital (current US$),NY.ADJ.DKAP.CD,52625318.4278662
Cote d'Ivoire,CIV,2021,Adjusted savings: consumption of fixed capital (% of GNI),NY.ADJ.DKAP.GN.ZS,3.15857207740249
Cote d'Ivoire,CIV,2020,Adjusted savings: consumption of fixed capital (% of GNI),NY.ADJ.DKAP.GN.ZS,3.31610582516436
Cote d'Ivoire,CIV,2019,Adjusted savings: consumption of fixed capital (% of GNI),NY.ADJ.DKAP.GN.ZS,3.46175784989336
Cote d'Ivoire,CIV,2018,Adjusted savings: consumption of fixed capital (% of GNI),NY.ADJ.DKAP.GN.ZS,3.11402650778726
Cote d'Ivoire,CIV,2017,Adjusted savings: consumption of fixed capital (% of GNI),NY.ADJ.DKAP.GN.ZS,3.88247996283683
Cote d'Ivoire,CIV,2016,Adjusted savings: consumption of fixed capital (% of GNI),NY.ADJ.DKAP.GN.ZS,3.91611986304289
Cote d'Ivoire,CIV,2015,Adjusted savings: consumption of fixed capital (% of GNI),NY.ADJ.DKAP.GN.ZS,2.75000481865155
Cote d'Ivoire,CIV,2014,Adjusted savings: consumption of fixed capital (% of GNI),NY.ADJ.DKAP.GN.ZS,2.30621618394666
Cote d'Ivoire,CIV,2013,Adjusted savings: consumption of fixed capital (% of GNI),NY.ADJ.DKAP.GN.ZS,3.60008147474671
Cote d'Ivoire,CIV,2012,Adjusted savings: consumption of fixed capital (% of GNI),NY.ADJ.DKAP.GN.ZS,3.74915598279703
Cote d'Ivoire,CIV,2011,Adjusted savings: consumption of fixed capital (% of GNI),NY.ADJ.DKAP.GN.ZS,4.46078265840863
Cote d'Ivoire,CIV,2010,Adjusted savings: consumption of fixed capital (% of GNI),NY.ADJ.DKAP.GN.ZS,4.05082486514043
Cote d'Ivoire,CIV,2009,Adjusted savings: consumption of fixed capital (% of GNI),NY.ADJ.DKAP.GN.ZS,4.23520973489582
Cote d'Ivoire,CIV,2008,Adjusted savings: consumption of fixed capital (% of GNI),NY.ADJ.DKAP.GN.ZS,4.24513929232265
Cote d'Ivoire,CIV,2007,Adjusted savings: consumption of fixed capital (% of GNI),NY.ADJ.DKAP.GN.ZS,4.61396684555868
Cote d'Ivoire,CIV,2006,Adjusted savings: consumption of fixed capital (% of GNI),NY.ADJ.DKAP.GN.ZS,4.99644088711704
Cote d'Ivoire,CIV,2005,Adjusted savings: consumption of fixed capital (% of GNI),NY.ADJ.DKAP.GN.ZS,5.93608097234937
Cote d'Ivoire,CIV,2004,Adjusted savings: consumption of fixed capital (% of GNI),NY.ADJ.DKAP.GN.ZS,5.93583572149386
Cote d'Ivoire,CIV,2003,Adjusted savings: consumption of fixed capital (% of GNI),NY.ADJ.DKAP.GN.ZS,5.55434085651754
Cote d'Ivoire,CIV,2002,Adjusted savings: consumption of fixed capital (% of GNI),NY.ADJ.DKAP.GN.ZS,6.57202724199571
Cote d'Ivoire,CIV,2001,Adjusted savings: consumption of fixed capital (% of GNI),NY.ADJ.DKAP.GN.ZS,7.21947177948648
Cote d'Ivoire,CIV,2000,Adjusted savings: consumption of fixed capital (% of GNI),NY.ADJ.DKAP.GN.ZS,8.4088373117291
Cote d'Ivoire,CIV,1999,Adjusted savings: consumption of fixed capital (% of GNI),NY.ADJ.DKAP.GN.ZS,7.14801152708531
Cote d'Ivoire,CIV,1998,Adjusted savings: consumption of fixed capital (% of GNI),NY.ADJ.DKAP.GN.ZS,7.09598765302272
Cote d'Ivoire,CIV,1997,Adjusted savings: consumption of fixed capital (% of GNI),NY.ADJ.DKAP.GN.ZS,7.479825874509
Cote d'Ivoire,CIV,1996,Adjusted savings: consumption of fixed capital (% of GNI),NY.ADJ.DKAP.GN.ZS,7.82492594502989
Cote d'Ivoire,CIV,1995,Adjusted savings: consumption of fixed capital (% of GNI),NY.ADJ.DKAP.GN.ZS,5.8780349213611
Cote d'Ivoire,CIV,1994,Adjusted savings: consumption of fixed capital (% of GNI),NY.ADJ.DKAP.GN.ZS,7.11999188448386
Cote d'Ivoire,CIV,1993,Adjusted savings: consumption of fixed capital (% of GNI),NY.ADJ.DKAP.GN.ZS,7.19791009995498
Cote d'Ivoire,CIV,1992,Adjusted savings: consumption of fixed capital (% of GNI),NY.ADJ.DKAP.GN.ZS,7.0634776453926
Cote d'Ivoire,CIV,1991,Adjusted savings: consumption of fixed capital (% of GNI),NY.ADJ.DKAP.GN.ZS,7.69529637813238
Cote d'Ivoire,CIV,1990,Adjusted savings: consumption of fixed capital (% of GNI),NY.ADJ.DKAP.GN.ZS,8.14785341215707
Cote d'Ivoire,CIV,1989,Adjusted savings: consumption of fixed capital (% of GNI),NY.ADJ.DKAP.GN.ZS,7.52132132603669
Cote d'Ivoire,CIV,1988,Adjusted savings: consumption of fixed capital (% of GNI),NY.ADJ.DKAP.GN.ZS,8.04292825374455
Cote d'Ivoire,CIV,1987,Adjusted savings: consumption of fixed capital (% of GNI),NY.ADJ.DKAP.GN.ZS,8.39564593885708
Cote d'Ivoire,CIV,1986,Adjusted savings: consumption of fixed capital (% of GNI),NY.ADJ.DKAP.GN.ZS,8.28653288756973
Cote d'Ivoire,CIV,1985,Adjusted savings: consumption of fixed capital (% of GNI),NY.ADJ.DKAP.GN.ZS,8.64098656559564
Cote d'Ivoire,CIV,1984,Adjusted savings: consumption of fixed capital (% of GNI),NY.ADJ.DKAP.GN.ZS,8.96631456473687
Cote d'Ivoire,CIV,1983,Adjusted savings: consumption of fixed capital (% of GNI),NY.ADJ.DKAP.GN.ZS,9.23729923142196
Cote d'Ivoire,CIV,1982,Adjusted savings: consumption of fixed capital (% of GNI),NY.ADJ.DKAP.GN.ZS,9.03015404299428
Cote d'Ivoire,CIV,1981,Adjusted savings: consumption of fixed capital (% of GNI),NY.ADJ.DKAP.GN.ZS,9.83030513502276
Cote d'Ivoire,CIV,1980,Adjusted savings: consumption of fixed capital (% of GNI),NY.ADJ.DKAP.GN.ZS,8.99629749425777
Cote d'Ivoire,CIV,1979,Adjusted savings: consumption of fixed capital (% of GNI),NY.ADJ.DKAP.GN.ZS,8.39304761938114
Cote d'Ivoire,CIV,1978,Adjusted savings: consumption of fixed capital (% of GNI),NY.ADJ.DKAP.GN.ZS,7.00395364769734
Cote d'Ivoire,CIV,1977,Adjusted savings: consumption of fixed capital (% of GNI),NY.ADJ.DKAP.GN.ZS,5.49761149198675
Cote d'Ivoire,CIV,1976,Adjusted savings: consumption of fixed capital (% of GNI),NY.ADJ.DKAP.GN.ZS,5.11076700851973
Cote d'Ivoire,CIV,1975,Adjusted savings: consumption of fixed capital (% of GNI),NY.ADJ.DKAP.GN.ZS,4.97297725026964
Cote d'Ivoire,CIV,1974,Adjusted savings: consumption of fixed capital (% of GNI),NY.ADJ.DKAP.GN.ZS,4.19144468513041
Cote d'Ivoire,CIV,1973,Adjusted savings: consumption of fixed capital (% of GNI),NY.ADJ.DKAP.GN.ZS,4.60509194654229
Cote d'Ivoire,CIV,1972,Adjusted savings: consumption of fixed capital (% of GNI),NY.ADJ.DKAP.GN.ZS,4.81870070813607
Cote d'Ivoire,CIV,1971,Adjusted savings: consumption of fixed capital (% of GNI),NY.ADJ.DKAP.GN.ZS,4.51079137214682
Cote d'Ivoire,CIV,1970,Adjusted savings: consumption of fixed capital (% of GNI),NY.ADJ.DKAP.GN.ZS,3.70701557970548
Cote d'Ivoire,CIV,2021,Adjusted savings: mineral depletion (current US$),NY.ADJ.DMIN.CD,1282376910.48729
Cote d'Ivoire,CIV,2020,Adjusted savings: mineral depletion (current US$),NY.ADJ.DMIN.CD,325771687.654204
Cote d'Ivoire,CIV,2019,Adjusted savings: mineral depletion (current US$),NY.ADJ.DMIN.CD,262803272.35799
Cote d'Ivoire,CIV,2018,Adjusted savings: mineral depletion (current US$),NY.ADJ.DMIN.CD,203959797.072591
Cote d'Ivoire,CIV,2017,Adjusted savings: mineral depletion (current US$),NY.ADJ.DMIN.CD,158641914.26306
Cote d'Ivoire,CIV,2016,Adjusted savings: mineral depletion (current US$),NY.ADJ.DMIN.CD,206041880.196334
Cote d'Ivoire,CIV,2015,Adjusted savings: mineral depletion (current US$),NY.ADJ.DMIN.CD,127094781.275309
Cote d'Ivoire,CIV,2014,Adjusted savings: mineral depletion (current US$),NY.ADJ.DMIN.CD,131699578.160793
Cote d'Ivoire,CIV,2013,Adjusted savings: mineral depletion (current US$),NY.ADJ.DMIN.CD,121061010.888686
Cote d'Ivoire,CIV,2012,Adjusted savings: mineral depletion (current US$),NY.ADJ.DMIN.CD,147702925.65854
Cote d'Ivoire,CIV,2011,Adjusted savings: mineral depletion (current US$),NY.ADJ.DMIN.CD,183104746.581144
Cote d'Ivoire,CIV,2010,Adjusted savings: mineral depletion (current US$),NY.ADJ.DMIN.CD,24002108.0558091
Cote d'Ivoire,CIV,2009,Adjusted savings: mineral depletion (current US$),NY.ADJ.DMIN.CD,57124768.4057031
Cote d'Ivoire,CIV,2008,Adjusted savings: mineral depletion (current US$),NY.ADJ.DMIN.CD,25443582.907034
Cote d'Ivoire,CIV,2007,Adjusted savings: mineral depletion (current US$),NY.ADJ.DMIN.CD,0
Cote d'Ivoire,CIV,2006,Adjusted savings: mineral depletion (current US$),NY.ADJ.DMIN.CD,1635662.98121202
Cote d'Ivoire,CIV,2005,Adjusted savings: mineral depletion (current US$),NY.ADJ.DMIN.CD,0
Cote d'Ivoire,CIV,2004,Adjusted savings: mineral depletion (current US$),NY.ADJ.DMIN.CD,0
Cote d'Ivoire,CIV,2003,Adjusted savings: mineral depletion (current US$),NY.ADJ.DMIN.CD,1845626.64764744
Cote d'Ivoire,CIV,2002,Adjusted savings: mineral depletion (current US$),NY.ADJ.DMIN.CD,0
Cote d'Ivoire,CIV,2001,Adjusted savings: mineral depletion (current US$),NY.ADJ.DMIN.CD,0
Cote d'Ivoire,CIV,2000,Adjusted savings: mineral depletion (current US$),NY.ADJ.DMIN.CD,0
Cote d'Ivoire,CIV,1999,Adjusted savings: mineral depletion (current US$),NY.ADJ.DMIN.CD,0
Cote d'Ivoire,CIV,1998,Adjusted savings: mineral depletion (current US$),NY.ADJ.DMIN.CD,0
Cote d'Ivoire,CIV,1997,Adjusted savings: mineral depletion (current US$),NY.ADJ.DMIN.CD,4063527.60909624
Cote d'Ivoire,CIV,1996,Adjusted savings: mineral depletion (current US$),NY.ADJ.DMIN.CD,0
Cote d'Ivoire,CIV,1995,Adjusted savings: mineral depletion (current US$),NY.ADJ.DMIN.CD,10660542.1117787
Cote d'Ivoire,CIV,1994,Adjusted savings: mineral depletion (current US$),NY.ADJ.DMIN.CD,3937860.27261206
Cote d'Ivoire,CIV,1993,Adjusted savings: mineral depletion (current US$),NY.ADJ.DMIN.CD,349113.041841056
Cote d'Ivoire,CIV,1992,Adjusted savings: mineral depletion (current US$),NY.ADJ.DMIN.CD,416261.50993203
Cote d'Ivoire,CIV,1991,Adjusted savings: mineral depletion (current US$),NY.ADJ.DMIN.CD,0
Cote d'Ivoire,CIV,1990,Adjusted savings: mineral depletion (current US$),NY.ADJ.DMIN.CD,11992.3392824986
Cote d'Ivoire,CIV,1989,Adjusted savings: mineral depletion (current US$),NY.ADJ.DMIN.CD,7968.78992960602
Cote d'Ivoire,CIV,1988,Adjusted savings: mineral depletion (current US$),NY.ADJ.DMIN.CD,10072.2940146214
Cote d'Ivoire,CIV,1987,Adjusted savings: mineral depletion (current US$),NY.ADJ.DMIN.CD,0
Cote d'Ivoire,CIV,1986,Adjusted savings: mineral depletion (current US$),NY.ADJ.DMIN.CD,0
Cote d'Ivoire,CIV,1985,Adjusted savings: mineral depletion (current US$),NY.ADJ.DMIN.CD,0
Cote d'Ivoire,CIV,1984,Adjusted savings: mineral depletion (current US$),NY.ADJ.DMIN.CD,0
Cote d'Ivoire,CIV,1983,Adjusted savings: mineral depletion (current US$),NY.ADJ.DMIN.CD,0
Cote d'Ivoire,CIV,1982,Adjusted savings: mineral depletion (current US$),NY.ADJ.DMIN.CD,0
Cote d'Ivoire,CIV,1981,Adjusted savings: mineral depletion (current US$),NY.ADJ.DMIN.CD,0
Cote d'Ivoire,CIV,1980,Adjusted savings: mineral depletion (current US$),NY.ADJ.DMIN.CD,0
Cote d'Ivoire,CIV,1979,Adjusted savings: mineral depletion (current US$),NY.ADJ.DMIN.CD,0
Cote d'Ivoire,CIV,1978,Adjusted savings: mineral depletion (current US$),NY.ADJ.DMIN.CD,0
Cote d'Ivoire,CIV,1977,Adjusted savings: mineral depletion (current US$),NY.ADJ.DMIN.CD,0
Cote d'Ivoire,CIV,1976,Adjusted savings: mineral depletion (current US$),NY.ADJ.DMIN.CD,0
Cote d'Ivoire,CIV,1975,Adjusted savings: mineral depletion (current US$),NY.ADJ.DMIN.CD,0
Cote d'Ivoire,CIV,1974,Adjusted savings: mineral depletion (current US$),NY.ADJ.DMIN.CD,0
Cote d'Ivoire,CIV,1973,Adjusted savings: mineral depletion (current US$),NY.ADJ.DMIN.CD,0
Cote d'Ivoire,CIV,1972,Adjusted savings: mineral depletion (current US$),NY.ADJ.DMIN.CD,0
Cote d'Ivoire,CIV,1971,Adjusted savings: mineral depletion (current US$),NY.ADJ.DMIN.CD,0
Cote d'Ivoire,CIV,1970,Adjusted savings: mineral depletion (current US$),NY.ADJ.DMIN.CD,0
Cote d'Ivoire,CIV,2021,Adjusted savings: mineral depletion (% of GNI),NY.ADJ.DMIN.GN.ZS,1.88776517485187
Cote d'Ivoire,CIV,2020,Adjusted savings: mineral depletion (% of GNI),NY.ADJ.DMIN.GN.ZS,0.547495455899473
Cote d'Ivoire,CIV,2019,Adjusted savings: mineral depletion (% of GNI),NY.ADJ.DMIN.GN.ZS,0.461255792625971
Cote d'Ivoire,CIV,2018,Adjusted savings: mineral depletion (% of GNI),NY.ADJ.DMIN.GN.ZS,0.365459387156621
Cote d'Ivoire,CIV,2017,Adjusted savings: mineral depletion (% of GNI),NY.ADJ.DMIN.GN.ZS,0.316954404989956
Cote d'Ivoire,CIV,2016,Adjusted savings: mineral depletion (% of GNI),NY.ADJ.DMIN.GN.ZS,0.4394375791054
Cote d'Ivoire,CIV,2015,Adjusted savings: mineral depletion (% of GNI),NY.ADJ.DMIN.GN.ZS,0.283646953543622
Cote d'Ivoire,CIV,2014,Adjusted savings: mineral depletion (% of GNI),NY.ADJ.DMIN.GN.ZS,0.274753882915241
Cote d'Ivoire,CIV,2013,Adjusted savings: mineral depletion (% of GNI),NY.ADJ.DMIN.GN.ZS,0.405404478799348
Cote d'Ivoire,CIV,2012,Adjusted savings: mineral depletion (% of GNI),NY.ADJ.DMIN.GN.ZS,0.569695117755297
Cote d'Ivoire,CIV,2011,Adjusted savings: mineral depletion (% of GNI),NY.ADJ.DMIN.GN.ZS,0.749652715515067
Cote d'Ivoire,CIV,2010,Adjusted savings: mineral depletion (% of GNI),NY.ADJ.DMIN.GN.ZS,0.100027165582819
Cote d'Ivoire,CIV,2009,Adjusted savings: mineral depletion (% of GNI),NY.ADJ.DMIN.GN.ZS,0.243740195123462
Cote d'Ivoire,CIV,2008,Adjusted savings: mineral depletion (% of GNI),NY.ADJ.DMIN.GN.ZS,0.108633485603264
Cote d'Ivoire,CIV,2007,Adjusted savings: mineral depletion (% of GNI),NY.ADJ.DMIN.GN.ZS,0
Cote d'Ivoire,CIV,2006,Adjusted savings: mineral depletion (% of GNI),NY.ADJ.DMIN.GN.ZS,0.00956166205404392
Cote d'Ivoire,CIV,2005,Adjusted savings: mineral depletion (% of GNI),NY.ADJ.DMIN.GN.ZS,0
Cote d'Ivoire,CIV,2004,Adjusted savings: mineral depletion (% of GNI),NY.ADJ.DMIN.GN.ZS,0
Cote d'Ivoire,CIV,2003,Adjusted savings: mineral depletion (% of GNI),NY.ADJ.DMIN.GN.ZS,0.0141459705385937
Cote d'Ivoire,CIV,2002,Adjusted savings: mineral depletion (% of GNI),NY.ADJ.DMIN.GN.ZS,0
Cote d'Ivoire,CIV,2001,Adjusted savings: mineral depletion (% of GNI),NY.ADJ.DMIN.GN.ZS,0
Cote d'Ivoire,CIV,2000,Adjusted savings: mineral depletion (% of GNI),NY.ADJ.DMIN.GN.ZS,0
Cote d'Ivoire,CIV,1999,Adjusted savings: mineral depletion (% of GNI),NY.ADJ.DMIN.GN.ZS,0
Cote d'Ivoire,CIV,1998,Adjusted savings: mineral depletion (% of GNI),NY.ADJ.DMIN.GN.ZS,0
Cote d'Ivoire,CIV,1997,Adjusted savings: mineral depletion (% of GNI),NY.ADJ.DMIN.GN.ZS,0.0369317631491364
Cote d'Ivoire,CIV,1996,Adjusted savings: mineral depletion (% of GNI),NY.ADJ.DMIN.GN.ZS,0
Cote d'Ivoire,CIV,1995,Adjusted savings: mineral depletion (% of GNI),NY.ADJ.DMIN.GN.ZS,0.106470574978168
Cote d'Ivoire,CIV,1994,Adjusted savings: mineral depletion (% of GNI),NY.ADJ.DMIN.GN.ZS,0.0522302223743902
Cote d'Ivoire,CIV,1993,Adjusted savings: mineral depletion (% of GNI),NY.ADJ.DMIN.GN.ZS,0.00360689205565464
Cote d'Ivoire,CIV,1992,Adjusted savings: mineral depletion (% of GNI),NY.ADJ.DMIN.GN.ZS,0.00424442406251234
Cote d'Ivoire,CIV,1991,Adjusted savings: mineral depletion (% of GNI),NY.ADJ.DMIN.GN.ZS,0
Cote d'Ivoire,CIV,1990,Adjusted savings: mineral depletion (% of GNI),NY.ADJ.DMIN.GN.ZS,0.000130221862318507
Cote d'Ivoire,CIV,1989,Adjusted savings: mineral depletion (% of GNI),NY.ADJ.DMIN.GN.ZS,9.51782114930436e-05
Cote d'Ivoire,CIV,1988,Adjusted savings: mineral depletion (% of GNI),NY.ADJ.DMIN.GN.ZS,0.000108275541731199
Cote d'Ivoire,CIV,1987,Adjusted savings: mineral depletion (% of GNI),NY.ADJ.DMIN.GN.ZS,0
Cote d'Ivoire,CIV,1986,Adjusted savings: mineral depletion (% of GNI),NY.ADJ.DMIN.GN.ZS,0
Cote d'Ivoire,CIV,1985,Adjusted savings: mineral depletion (% of GNI),NY.ADJ.DMIN.GN.ZS,0
Cote d'Ivoire,CIV,1984,Adjusted savings: mineral depletion (% of GNI),NY.ADJ.DMIN.GN.ZS,0
Cote d'Ivoire,CIV,1983,Adjusted savings: mineral depletion (% of GNI),NY.ADJ.DMIN.GN.ZS,0
Cote d'Ivoire,CIV,1982,Adjusted savings: mineral depletion (% of GNI),NY.ADJ.DMIN.GN.ZS,0
Cote d'Ivoire,CIV,1981,Adjusted savings: mineral depletion (% of GNI),NY.ADJ.DMIN.GN.ZS,0
Cote d'Ivoire,CIV,1980,Adjusted savings: mineral depletion (% of GNI),NY.ADJ.DMIN.GN.ZS,0
Cote d'Ivoire,CIV,1979,Adjusted savings: mineral depletion (% of GNI),NY.ADJ.DMIN.GN.ZS,0
Cote d'Ivoire,CIV,1978,Adjusted savings: mineral depletion (% of GNI),NY.ADJ.DMIN.GN.ZS,0
Cote d'Ivoire,CIV,1977,Adjusted savings: mineral depletion (% of GNI),NY.ADJ.DMIN.GN.ZS,0
Cote d'Ivoire,CIV,1976,Adjusted savings: mineral depletion (% of GNI),NY.ADJ.DMIN.GN.ZS,0
Cote d'Ivoire,CIV,1975,Adjusted savings: mineral depletion (% of GNI),NY.ADJ.DMIN.GN.ZS,0
Cote d'Ivoire,CIV,1974,Adjusted savings: mineral depletion (% of GNI),NY.ADJ.DMIN.GN.ZS,0
Cote d'Ivoire,CIV,1973,Adjusted savings: mineral depletion (% of GNI),NY.ADJ.DMIN.GN.ZS,0
Cote d'Ivoire,CIV,1972,Adjusted savings: mineral depletion (% of GNI),NY.ADJ.DMIN.GN.ZS,0
Cote d'Ivoire,CIV,1971,Adjusted savings: mineral depletion (% of GNI),NY.ADJ.DMIN.GN.ZS,0
Cote d'Ivoire,CIV,1970,Adjusted savings: mineral depletion (% of GNI),NY.ADJ.DMIN.GN.ZS,0
Cote d'Ivoire,CIV,2021,Adjusted savings: energy depletion (current US$),NY.ADJ.DNGY.CD,361261371.286345
Cote d'Ivoire,CIV,2020,Adjusted savings: energy depletion (current US$),NY.ADJ.DNGY.CD,178640655.250996
Cote d'Ivoire,CIV,2019,Adjusted savings: energy depletion (current US$),NY.ADJ.DNGY.CD,354857836.591017
Cote d'Ivoire,CIV,2018,Adjusted savings: energy depletion (current US$),NY.ADJ.DNGY.CD,374980484.613438
Cote d'Ivoire,CIV,2017,Adjusted savings: energy depletion (current US$),NY.ADJ.DNGY.CD,280351787.219289
Cote d'Ivoire,CIV,2016,Adjusted savings: energy depletion (current US$),NY.ADJ.DNGY.CD,128352955.504744
Cote d'Ivoire,CIV,2015,Adjusted savings: energy depletion (current US$),NY.ADJ.DNGY.CD,135373979.558099
Cote d'Ivoire,CIV,2014,Adjusted savings: energy depletion (current US$),NY.ADJ.DNGY.CD,230021850.154859
Cote d'Ivoire,CIV,2013,Adjusted savings: energy depletion (current US$),NY.ADJ.DNGY.CD,335222312.253715
Cote d'Ivoire,CIV,2012,Adjusted savings: energy depletion (current US$),NY.ADJ.DNGY.CD,384363993.068056
Cote d'Ivoire,CIV,2011,Adjusted savings: energy depletion (current US$),NY.ADJ.DNGY.CD,570227959.829286
Cote d'Ivoire,CIV,2010,Adjusted savings: energy depletion (current US$),NY.ADJ.DNGY.CD,381054214.716657
Cote d'Ivoire,CIV,2009,Adjusted savings: energy depletion (current US$),NY.ADJ.DNGY.CD,475342829.921594
Cote d'Ivoire,CIV,2008,Adjusted savings: energy depletion (current US$),NY.ADJ.DNGY.CD,968119072.871232
Cote d'Ivoire,CIV,2007,Adjusted savings: energy depletion (current US$),NY.ADJ.DNGY.CD,739282471.049326
Cote d'Ivoire,CIV,2006,Adjusted savings: energy depletion (current US$),NY.ADJ.DNGY.CD,846173690.014204
Cote d'Ivoire,CIV,2005,Adjusted savings: energy depletion (current US$),NY.ADJ.DNGY.CD,450937368.707666
Cote d'Ivoire,CIV,2004,Adjusted savings: energy depletion (current US$),NY.ADJ.DNGY.CD,184746007.592629
Cote d'Ivoire,CIV,2003,Adjusted savings: energy depletion (current US$),NY.ADJ.DNGY.CD,102006190.436263
Cote d'Ivoire,CIV,2002,Adjusted savings: energy depletion (current US$),NY.ADJ.DNGY.CD,72539637.6945725
Cote d'Ivoire,CIV,2001,Adjusted savings: energy depletion (current US$),NY.ADJ.DNGY.CD,32519694.7612542
Cote d'Ivoire,CIV,2000,Adjusted savings: energy depletion (current US$),NY.ADJ.DNGY.CD,46255618.0938995
Cote d'Ivoire,CIV,1999,Adjusted savings: energy depletion (current US$),NY.ADJ.DNGY.CD,28445250.8884578
Cote d'Ivoire,CIV,1998,Adjusted savings: energy depletion (current US$),NY.ADJ.DNGY.CD,18122765.2285643
Cote d'Ivoire,CIV,1997,Adjusted savings: energy depletion (current US$),NY.ADJ.DNGY.CD,49788593.949642
Cote d'Ivoire,CIV,1996,Adjusted savings: energy depletion (current US$),NY.ADJ.DNGY.CD,58601458.5398717
Cote d'Ivoire,CIV,1995,Adjusted savings: energy depletion (current US$),NY.ADJ.DNGY.CD,20881203.1577129
Cote d'Ivoire,CIV,1994,Adjusted savings: energy depletion (current US$),NY.ADJ.DNGY.CD,18415983.5835841
Cote d'Ivoire,CIV,1993,Adjusted savings: energy depletion (current US$),NY.ADJ.DNGY.CD,21368162.0780748
Cote d'Ivoire,CIV,1992,Adjusted savings: energy depletion (current US$),NY.ADJ.DNGY.CD,19166016.542326
Cote d'Ivoire,CIV,1991,Adjusted savings: energy depletion (current US$),NY.ADJ.DNGY.CD,3469505.44703607
Cote d'Ivoire,CIV,1990,Adjusted savings: energy depletion (current US$),NY.ADJ.DNGY.CD,9674852.47168011
Cote d'Ivoire,CIV,1989,Adjusted savings: energy depletion (current US$),NY.ADJ.DNGY.CD,8226928.2702852
Cote d'Ivoire,CIV,1988,Adjusted savings: energy depletion (current US$),NY.ADJ.DNGY.CD,23577631.5122341
Cote d'Ivoire,CIV,1987,Adjusted savings: energy depletion (current US$),NY.ADJ.DNGY.CD,43994047.5400655
Cote d'Ivoire,CIV,1986,Adjusted savings: energy depletion (current US$),NY.ADJ.DNGY.CD,24515416.5963787
Cote d'Ivoire,CIV,1985,Adjusted savings: energy depletion (current US$),NY.ADJ.DNGY.CD,76271690.2668095
Cote d'Ivoire,CIV,1984,Adjusted savings: energy depletion (current US$),NY.ADJ.DNGY.CD,67526113.8762342
Cote d'Ivoire,CIV,1983,Adjusted savings: energy depletion (current US$),NY.ADJ.DNGY.CD,60322588.0283693
Cote d'Ivoire,CIV,1982,Adjusted savings: energy depletion (current US$),NY.ADJ.DNGY.CD,21241827.2055563
Cote d'Ivoire,CIV,1981,Adjusted savings: energy depletion (current US$),NY.ADJ.DNGY.CD,27250319.2233975
Cote d'Ivoire,CIV,1980,Adjusted savings: energy depletion (current US$),NY.ADJ.DNGY.CD,8072997.952334
Cote d'Ivoire,CIV,1979,Adjusted savings: energy depletion (current US$),NY.ADJ.DNGY.CD,0
Cote d'Ivoire,CIV,1978,Adjusted savings: energy depletion (current US$),NY.ADJ.DNGY.CD,0
Cote d'Ivoire,CIV,1977,Adjusted savings: energy depletion (current US$),NY.ADJ.DNGY.CD,0
Cote d'Ivoire,CIV,1976,Adjusted savings: energy depletion (current US$),NY.ADJ.DNGY.CD,0
Cote d'Ivoire,CIV,1975,Adjusted savings: energy depletion (current US$),NY.ADJ.DNGY.CD,0
Cote d'Ivoire,CIV,1974,Adjusted savings: energy depletion (current US$),NY.ADJ.DNGY.CD,0
Cote d'Ivoire,CIV,1973,Adjusted savings: energy depletion (current US$),NY.ADJ.DNGY.CD,0
Cote d'Ivoire,CIV,1972,Adjusted savings: energy depletion (current US$),NY.ADJ.DNGY.CD,0
Cote d'Ivoire,CIV,1971,Adjusted savings: energy depletion (current US$),NY.ADJ.DNGY.CD,0
Cote d'Ivoire,CIV,2021,Adjusted savings: energy depletion (% of GNI),NY.ADJ.DNGY.GN.ZS,0.531806702192145
Cote d'Ivoire,CIV,2020,Adjusted savings: energy depletion (% of GNI),NY.ADJ.DNGY.GN.ZS,0.300225436080994
Cote d'Ivoire,CIV,2019,Adjusted savings: energy depletion (% of GNI),NY.ADJ.DNGY.GN.ZS,0.622824180299255
Cote d'Ivoire,CIV,2018,Adjusted savings: energy depletion (% of GNI),NY.ADJ.DNGY.GN.ZS,0.671897795886442
Cote d'Ivoire,CIV,2017,Adjusted savings: energy depletion (% of GNI),NY.ADJ.DNGY.GN.ZS,0.560121417588387
Cote d'Ivoire,CIV,2016,Adjusted savings: energy depletion (% of GNI),NY.ADJ.DNGY.GN.ZS,0.273745861687354
Cote d'Ivoire,CIV,2015,Adjusted savings: energy depletion (% of GNI),NY.ADJ.DNGY.GN.ZS,0.30212426116501
Cote d'Ivoire,CIV,2014,Adjusted savings: energy depletion (% of GNI),NY.ADJ.DNGY.GN.ZS,0.479875466330153
Cote d'Ivoire,CIV,2013,Adjusted savings: energy depletion (% of GNI),NY.ADJ.DNGY.GN.ZS,1.12257964627512
Cote d'Ivoire,CIV,2012,Adjusted savings: energy depletion (% of GNI),NY.ADJ.DNGY.GN.ZS,1.48250475957409
Cote d'Ivoire,CIV,2011,Adjusted savings: energy depletion (% of GNI),NY.ADJ.DNGY.GN.ZS,2.33458141599407
Cote d'Ivoire,CIV,2010,Adjusted savings: energy depletion (% of GNI),NY.ADJ.DNGY.GN.ZS,1.58801772506266
Cote d'Ivoire,CIV,2009,Adjusted savings: energy depletion (% of GNI),NY.ADJ.DNGY.GN.ZS,2.02819472794678
Cote d'Ivoire,CIV,2008,Adjusted savings: energy depletion (% of GNI),NY.ADJ.DNGY.GN.ZS,4.13346460477968
Cote d'Ivoire,CIV,2007,Adjusted savings: energy depletion (% of GNI),NY.ADJ.DNGY.GN.ZS,3.77932787642667
Cote d'Ivoire,CIV,2006,Adjusted savings: energy depletion (% of GNI),NY.ADJ.DNGY.GN.ZS,4.94651218244474
Cote d'Ivoire,CIV,2005,Adjusted savings: energy depletion (% of GNI),NY.ADJ.DNGY.GN.ZS,2.74302987517689
Cote d'Ivoire,CIV,2004,Adjusted savings: energy depletion (% of GNI),NY.ADJ.DNGY.GN.ZS,1.24916034854166
Cote d'Ivoire,CIV,2003,Adjusted savings: energy depletion (% of GNI),NY.ADJ.DNGY.GN.ZS,0.781835571405989
Cote d'Ivoire,CIV,2002,Adjusted savings: energy depletion (% of GNI),NY.ADJ.DNGY.GN.ZS,0.668094518720068
Cote d'Ivoire,CIV,2001,Adjusted savings: energy depletion (% of GNI),NY.ADJ.DNGY.GN.ZS,0.327805299528533
Cote d'Ivoire,CIV,2000,Adjusted savings: energy depletion (% of GNI),NY.ADJ.DNGY.GN.ZS,0.474939785384091
Cote d'Ivoire,CIV,1999,Adjusted savings: energy depletion (% of GNI),NY.ADJ.DNGY.GN.ZS,0.242240077612382
Cote d'Ivoire,CIV,1998,Adjusted savings: energy depletion (% of GNI),NY.ADJ.DNGY.GN.ZS,0.150761565880804
Cote d'Ivoire,CIV,1997,Adjusted savings: energy depletion (% of GNI),NY.ADJ.DNGY.GN.ZS,0.452508444918789
Cote d'Ivoire,CIV,1996,Adjusted savings: energy depletion (% of GNI),NY.ADJ.DNGY.GN.ZS,0.522141843159794
Cote d'Ivoire,CIV,1995,Adjusted savings: energy depletion (% of GNI),NY.ADJ.DNGY.GN.ZS,0.208547903392381
Cote d'Ivoire,CIV,1994,Adjusted savings: energy depletion (% of GNI),NY.ADJ.DNGY.GN.ZS,0.244262328072827
Cote d'Ivoire,CIV,1993,Adjusted savings: energy depletion (% of GNI),NY.ADJ.DNGY.GN.ZS,0.220767043353362
Cote d'Ivoire,CIV,1992,Adjusted savings: energy depletion (% of GNI),NY.ADJ.DNGY.GN.ZS,0.19542691277904
Cote d'Ivoire,CIV,1991,Adjusted savings: energy depletion (% of GNI),NY.ADJ.DNGY.GN.ZS,0.0380364944069367
Cote d'Ivoire,CIV,1990,Adjusted savings: energy depletion (% of GNI),NY.ADJ.DNGY.GN.ZS,0.105056843109637
Cote d'Ivoire,CIV,1989,Adjusted savings: energy depletion (% of GNI),NY.ADJ.DNGY.GN.ZS,0.0982613829407367
Cote d'Ivoire,CIV,1988,Adjusted savings: energy depletion (% of GNI),NY.ADJ.DNGY.GN.ZS,0.253455749109375
Cote d'Ivoire,CIV,1987,Adjusted savings: energy depletion (% of GNI),NY.ADJ.DNGY.GN.ZS,0.478373984074096
Cote d'Ivoire,CIV,1986,Adjusted savings: energy depletion (% of GNI),NY.ADJ.DNGY.GN.ZS,0.289501080714721
Cote d'Ivoire,CIV,1985,Adjusted savings: energy depletion (% of GNI),NY.ADJ.DNGY.GN.ZS,1.21149934865928
Cote d'Ivoire,CIV,1984,Adjusted savings: energy depletion (% of GNI),NY.ADJ.DNGY.GN.ZS,1.06347041508644
Cote d'Ivoire,CIV,1983,Adjusted savings: energy depletion (% of GNI),NY.ADJ.DNGY.GN.ZS,0.980836689064711
Cote d'Ivoire,CIV,1982,Adjusted savings: energy depletion (% of GNI),NY.ADJ.DNGY.GN.ZS,0.3023057358675
Cote d'Ivoire,CIV,1981,Adjusted savings: energy depletion (% of GNI),NY.ADJ.DNGY.GN.ZS,0.34449196560703
Cote d'Ivoire,CIV,1980,Adjusted savings: energy depletion (% of GNI),NY.ADJ.DNGY.GN.ZS,0.0833943027070671
Cote d'Ivoire,CIV,1979,Adjusted savings: energy depletion (% of GNI),NY.ADJ.DNGY.GN.ZS,0
Cote d'Ivoire,CIV,1978,Adjusted savings: energy depletion (% of GNI),NY.ADJ.DNGY.GN.ZS,0
Cote d'Ivoire,CIV,1977,Adjusted savings: energy depletion (% of GNI),NY.ADJ.DNGY.GN.ZS,0
Cote d'Ivoire,CIV,1976,Adjusted savings: energy depletion (% of GNI),NY.ADJ.DNGY.GN.ZS,0
Cote d'Ivoire,CIV,1975,Adjusted savings: energy depletion (% of GNI),NY.ADJ.DNGY.GN.ZS,0
Cote d'Ivoire,CIV,1974,Adjusted savings: energy depletion (% of GNI),NY.ADJ.DNGY.GN.ZS,0
Cote d'Ivoire,CIV,1973,Adjusted savings: energy depletion (% of GNI),NY.ADJ.DNGY.GN.ZS,0
Cote d'Ivoire,CIV,1972,Adjusted savings: energy depletion (% of GNI),NY.ADJ.DNGY.GN.ZS,0
Cote d'Ivoire,CIV,1971,Adjusted savings: energy depletion (% of GNI),NY.ADJ.DNGY.GN.ZS,0
Cote d'Ivoire,CIV,2021,Adjusted savings: particulate emission damage (current US$),NY.ADJ.DPEM.CD,657134604.644195
Cote d'Ivoire,CIV,2020,Adjusted savings: particulate emission damage (current US$),NY.ADJ.DPEM.CD,625335721.109338
Cote d'Ivoire,CIV,2019,Adjusted savings: particulate emission damage (current US$),NY.ADJ.DPEM.CD,615924195.823272
Cote d'Ivoire,CIV,2018,Adjusted savings: particulate emission damage (current US$),NY.ADJ.DPEM.CD,650864735.828066
Cote d'Ivoire,CIV,2017,Adjusted savings: particulate emission damage (current US$),NY.ADJ.DPEM.CD,609804817.762581
Cote d'Ivoire,CIV,2016,Adjusted savings: particulate emission damage (current US$),NY.ADJ.DPEM.CD,629566303.629506
Cote d'Ivoire,CIV,2015,Adjusted savings: particulate emission damage (current US$),NY.ADJ.DPEM.CD,656351925.193845
Cote d'Ivoire,CIV,2014,Adjusted savings: particulate emission damage (current US$),NY.ADJ.DPEM.CD,754564710.723651
Cote d'Ivoire,CIV,2013,Adjusted savings: particulate emission damage (current US$),NY.ADJ.DPEM.CD,721202983.705971
Cote d'Ivoire,CIV,2012,Adjusted savings: particulate emission damage (current US$),NY.ADJ.DPEM.CD,668107718.361354
Cote d'Ivoire,CIV,2011,Adjusted savings: particulate emission damage (current US$),NY.ADJ.DPEM.CD,731684056.539124
Cote d'Ivoire,CIV,2010,Adjusted savings: particulate emission damage (current US$),NY.ADJ.DPEM.CD,688711716.21817
Cote d'Ivoire,CIV,2009,Adjusted savings: particulate emission damage (current US$),NY.ADJ.DPEM.CD,722894772.223134
Cote d'Ivoire,CIV,2008,Adjusted savings: particulate emission damage (current US$),NY.ADJ.DPEM.CD,767483796.953035
Cote d'Ivoire,CIV,2007,Adjusted savings: particulate emission damage (current US$),NY.ADJ.DPEM.CD,695595153.064172
Cote d'Ivoire,CIV,2006,Adjusted savings: particulate emission damage (current US$),NY.ADJ.DPEM.CD,632151154.907329
Cote d'Ivoire,CIV,2005,Adjusted savings: particulate emission damage (current US$),NY.ADJ.DPEM.CD,625897394.952736
Cote d'Ivoire,CIV,2004,Adjusted savings: particulate emission damage (current US$),NY.ADJ.DPEM.CD,637878512.894843
Cote d'Ivoire,CIV,2003,Adjusted savings: particulate emission damage (current US$),NY.ADJ.DPEM.CD,613577601.614298
Cote d'Ivoire,CIV,2002,Adjusted savings: particulate emission damage (current US$),NY.ADJ.DPEM.CD,514379625.709985
Cote d'Ivoire,CIV,2001,Adjusted savings: particulate emission damage (current US$),NY.ADJ.DPEM.CD,475834910.493403
Cote d'Ivoire,CIV,2000,Adjusted savings: particulate emission damage (current US$),NY.ADJ.DPEM.CD,458055620.909516
Cote d'Ivoire,CIV,1999,Adjusted savings: particulate emission damage (current US$),NY.ADJ.DPEM.CD,512631011.648105
Cote d'Ivoire,CIV,1998,Adjusted savings: particulate emission damage (current US$),NY.ADJ.DPEM.CD,528503306.529263
Cote d'Ivoire,CIV,1997,Adjusted savings: particulate emission damage (current US$),NY.ADJ.DPEM.CD,494321332.381458
Cote d'Ivoire,CIV,1996,Adjusted savings: particulate emission damage (current US$),NY.ADJ.DPEM.CD,537087988.255609
Cote d'Ivoire,CIV,1995,Adjusted savings: particulate emission damage (current US$),NY.ADJ.DPEM.CD,356269387.918354
Cote d'Ivoire,CIV,1994,Adjusted savings: particulate emission damage (current US$),NY.ADJ.DPEM.CD,293928065.852695
Cote d'Ivoire,CIV,1993,Adjusted savings: particulate emission damage (current US$),NY.ADJ.DPEM.CD,393658133.718837
Cote d'Ivoire,CIV,1992,Adjusted savings: particulate emission damage (current US$),NY.ADJ.DPEM.CD,397795585.711394
Cote d'Ivoire,CIV,1991,Adjusted savings: particulate emission damage (current US$),NY.ADJ.DPEM.CD,375848135.03476
Cote d'Ivoire,CIV,1990,Adjusted savings: particulate emission damage (current US$),NY.ADJ.DPEM.CD,390618040.633549
Cote d'Ivoire,CIV,2021,Adjusted savings: particulate emission damage (% of GNI),NY.ADJ.DPEM.GN.ZS,0.967356641945453
Cote d'Ivoire,CIV,2020,Adjusted savings: particulate emission damage (% of GNI),NY.ADJ.DPEM.GN.ZS,1.05094604194824
Cote d'Ivoire,CIV,2019,Adjusted savings: particulate emission damage (% of GNI),NY.ADJ.DPEM.GN.ZS,1.08103145213115
Cote d'Ivoire,CIV,2018,Adjusted savings: particulate emission damage (% of GNI),NY.ADJ.DPEM.GN.ZS,1.16623290909101
Cote d'Ivoire,CIV,2017,Adjusted savings: particulate emission damage (% of GNI),NY.ADJ.DPEM.GN.ZS,1.21834336197841
Cote d'Ivoire,CIV,2016,Adjusted savings: particulate emission damage (% of GNI),NY.ADJ.DPEM.GN.ZS,1.34271290909239
Cote d'Ivoire,CIV,2015,Adjusted savings: particulate emission damage (% of GNI),NY.ADJ.DPEM.GN.ZS,1.46482980784589
Cote d'Ivoire,CIV,2014,Adjusted savings: particulate emission damage (% of GNI),NY.ADJ.DPEM.GN.ZS,1.57418563580379
Cote d'Ivoire,CIV,2013,Adjusted savings: particulate emission damage (% of GNI),NY.ADJ.DPEM.GN.ZS,2.41513694269985
Cote d'Ivoire,CIV,2012,Adjusted savings: particulate emission damage (% of GNI),NY.ADJ.DPEM.GN.ZS,2.57691378547916
Cote d'Ivoire,CIV,2011,Adjusted savings: particulate emission damage (% of GNI),NY.ADJ.DPEM.GN.ZS,2.99560197168652
Cote d'Ivoire,CIV,2010,Adjusted savings: particulate emission damage (% of GNI),NY.ADJ.DPEM.GN.ZS,2.87015960084844
Cote d'Ivoire,CIV,2009,Adjusted savings: particulate emission damage (% of GNI),NY.ADJ.DPEM.GN.ZS,3.08445036632842
Cote d'Ivoire,CIV,2008,Adjusted savings: particulate emission damage (% of GNI),NY.ADJ.DPEM.GN.ZS,3.27683566861123
Cote d'Ivoire,CIV,2007,Adjusted savings: particulate emission damage (% of GNI),NY.ADJ.DPEM.GN.ZS,3.55599145878748
Cote d'Ivoire,CIV,2006,Adjusted savings: particulate emission damage (% of GNI),NY.ADJ.DPEM.GN.ZS,3.69539188679232
Cote d'Ivoire,CIV,2005,Adjusted savings: particulate emission damage (% of GNI),NY.ADJ.DPEM.GN.ZS,3.80730312520129
Cote d'Ivoire,CIV,2004,Adjusted savings: particulate emission damage (% of GNI),NY.ADJ.DPEM.GN.ZS,4.31301631833884
Cote d'Ivoire,CIV,2003,Adjusted savings: particulate emission damage (% of GNI),NY.ADJ.DPEM.GN.ZS,4.70282041421569
Cote d'Ivoire,CIV,2002,Adjusted savings: particulate emission damage (% of GNI),NY.ADJ.DPEM.GN.ZS,4.73746794718047
Cote d'Ivoire,CIV,2001,Adjusted savings: particulate emission damage (% of GNI),NY.ADJ.DPEM.GN.ZS,4.79651505051233
Cote d'Ivoire,CIV,2000,Adjusted savings: particulate emission damage (% of GNI),NY.ADJ.DPEM.GN.ZS,4.70318735871425
Cote d'Ivoire,CIV,1999,Adjusted savings: particulate emission damage (% of GNI),NY.ADJ.DPEM.GN.ZS,4.36557148098628
Cote d'Ivoire,CIV,1998,Adjusted savings: particulate emission damage (% of GNI),NY.ADJ.DPEM.GN.ZS,4.39656890439375
Cote d'Ivoire,CIV,1997,Adjusted savings: particulate emission damage (% of GNI),NY.ADJ.DPEM.GN.ZS,4.49268717313769
Cote d'Ivoire,CIV,1996,Adjusted savings: particulate emission damage (% of GNI),NY.ADJ.DPEM.GN.ZS,4.78548007360541
Cote d'Ivoire,CIV,1995,Adjusted savings: particulate emission damage (% of GNI),NY.ADJ.DPEM.GN.ZS,3.55818739619972
Cote d'Ivoire,CIV,1994,Adjusted savings: particulate emission damage (% of GNI),NY.ADJ.DPEM.GN.ZS,3.89854570217582
Cote d'Ivoire,CIV,1993,Adjusted savings: particulate emission damage (% of GNI),NY.ADJ.DPEM.GN.ZS,4.06711358494807
Cote d'Ivoire,CIV,1992,Adjusted savings: particulate emission damage (% of GNI),NY.ADJ.DPEM.GN.ZS,4.05613566392512
Cote d'Ivoire,CIV,1991,Adjusted savings: particulate emission damage (% of GNI),NY.ADJ.DPEM.GN.ZS,4.12045627376663
Cote d'Ivoire,CIV,1990,Adjusted savings: particulate emission damage (% of GNI),NY.ADJ.DPEM.GN.ZS,4.2416252165865
Cote d'Ivoire,CIV,2020,Adjusted savings: gross savings (% of GNI),NY.ADJ.ICTR.GN.ZS,21.8115492220262
Cote d'Ivoire,CIV,2019,Adjusted savings: gross savings (% of GNI),NY.ADJ.ICTR.GN.ZS,18.035951507118
Cote d'Ivoire,CIV,2018,Adjusted savings: gross savings (% of GNI),NY.ADJ.ICTR.GN.ZS,16.2885780656066
Cote d'Ivoire,CIV,2017,Adjusted savings: gross savings (% of GNI),NY.ADJ.ICTR.GN.ZS,17.9769994423508
Cote d'Ivoire,CIV,2016,Adjusted savings: gross savings (% of GNI),NY.ADJ.ICTR.GN.ZS,20.7733031764807
Cote d'Ivoire,CIV,2015,Adjusted savings: gross savings (% of GNI),NY.ADJ.ICTR.GN.ZS,23.0359710286642
Cote d'Ivoire,CIV,2014,Adjusted savings: gross savings (% of GNI),NY.ADJ.ICTR.GN.ZS,23.2214339008179
Cote d'Ivoire,CIV,2013,Adjusted savings: gross savings (% of GNI),NY.ADJ.ICTR.GN.ZS,-11.9059649412645
Cote d'Ivoire,CIV,2012,Adjusted savings: gross savings (% of GNI),NY.ADJ.ICTR.GN.ZS,-13.8629797175574
Cote d'Ivoire,CIV,2011,Adjusted savings: gross savings (% of GNI),NY.ADJ.ICTR.GN.ZS,-18.7019821714139
Cote d'Ivoire,CIV,2010,Adjusted savings: gross savings (% of GNI),NY.ADJ.ICTR.GN.ZS,-16.5506709152725
Cote d'Ivoire,CIV,2009,Adjusted savings: gross savings (% of GNI),NY.ADJ.ICTR.GN.ZS,-17.6897526964782
Cote d'Ivoire,CIV,2008,Adjusted savings: gross savings (% of GNI),NY.ADJ.ICTR.GN.ZS,-20.3470196928191
Cote d'Ivoire,CIV,2007,Adjusted savings: gross savings (% of GNI),NY.ADJ.ICTR.GN.ZS,-29.2625668296208
Cote d'Ivoire,CIV,2006,Adjusted savings: gross savings (% of GNI),NY.ADJ.ICTR.GN.ZS,-26.9963661465924
Cote d'Ivoire,CIV,2005,Adjusted savings: gross savings (% of GNI),NY.ADJ.ICTR.GN.ZS,-27.4196596125817
Cote d'Ivoire,CIV,2020,Adjusted savings: net national savings (current US$),NY.ADJ.NNAT.CD,11005190535.1609
Cote d'Ivoire,CIV,2019,Adjusted savings: net national savings (current US$),NY.ADJ.NNAT.CD,8303734817.70786
Cote d'Ivoire,CIV,2018,Adjusted savings: net national savings (current US$),NY.ADJ.NNAT.CD,7352605943.88195
Cote d'Ivoire,CIV,2017,Adjusted savings: net national savings (current US$),NY.ADJ.NNAT.CD,7054584241.91628
Cote d'Ivoire,CIV,2016,Adjusted savings: net national savings (current US$),NY.ADJ.NNAT.CD,7903934278.41531
Cote d'Ivoire,CIV,2015,Adjusted savings: net national savings (current US$),NY.ADJ.NNAT.CD,9089610892.02516
Cote d'Ivoire,CIV,2014,Adjusted savings: net national savings (current US$),NY.ADJ.NNAT.CD,10025428289.5898
Cote d'Ivoire,CIV,2013,Adjusted savings: net national savings (current US$),NY.ADJ.NNAT.CD,-4630382129.88834
Cote d'Ivoire,CIV,2012,Adjusted savings: net national savings (current US$),NY.ADJ.NNAT.CD,-4566238833.65441
Cote d'Ivoire,CIV,2011,Adjusted savings: net national savings (current US$),NY.ADJ.NNAT.CD,-5657569293.76193
Cote d'Ivoire,CIV,2010,Adjusted savings: net national savings (current US$),NY.ADJ.NNAT.CD,-4943450361.22567
Cote d'Ivoire,CIV,2009,Adjusted savings: net national savings (current US$),NY.ADJ.NNAT.CD,-5138497573.45755
Cote d'Ivoire,CIV,2008,Adjusted savings: net national savings (current US$),NY.ADJ.NNAT.CD,-5759850496.61902
Cote d'Ivoire,CIV,2007,Adjusted savings: net national savings (current US$),NY.ADJ.NNAT.CD,-6626661762.31623
Cote d'Ivoire,CIV,2006,Adjusted savings: net national savings (current US$),NY.ADJ.NNAT.CD,-5472840373.80995
Cote d'Ivoire,CIV,2005,Adjusted savings: net national savings (current US$),NY.ADJ.NNAT.CD,-5483480157.02685
Cote d'Ivoire,CIV,2020,Adjusted savings: net national savings (% of GNI),NY.ADJ.NNAT.GN.ZS,18.4954433968618
Cote d'Ivoire,CIV,2019,Adjusted savings: net national savings (% of GNI),NY.ADJ.NNAT.GN.ZS,14.5741936572247
Cote d'Ivoire,CIV,2018,Adjusted savings: net national savings (% of GNI),NY.ADJ.NNAT.GN.ZS,13.1745515578194
Cote d'Ivoire,CIV,2017,Adjusted savings: net national savings (% of GNI),NY.ADJ.NNAT.GN.ZS,14.094519479514
Cote d'Ivoire,CIV,2016,Adjusted savings: net national savings (% of GNI),NY.ADJ.NNAT.GN.ZS,16.8571833134379
Cote d'Ivoire,CIV,2015,Adjusted savings: net national savings (% of GNI),NY.ADJ.NNAT.GN.ZS,20.2859662100126
Cote d'Ivoire,CIV,2014,Adjusted savings: net national savings (% of GNI),NY.ADJ.NNAT.GN.ZS,20.9152177168714
Cote d'Ivoire,CIV,2013,Adjusted savings: net national savings (% of GNI),NY.ADJ.NNAT.GN.ZS,-15.5060464160112
Cote d'Ivoire,CIV,2012,Adjusted savings: net national savings (% of GNI),NY.ADJ.NNAT.GN.ZS,-17.6121357003544
Cote d'Ivoire,CIV,2011,Adjusted savings: net national savings (% of GNI),NY.ADJ.NNAT.GN.ZS,-23.1627648298226
Cote d'Ivoire,CIV,2010,Adjusted savings: net national savings (% of GNI),NY.ADJ.NNAT.GN.ZS,-20.6014957804129
Cote d'Ivoire,CIV,2009,Adjusted savings: net national savings (% of GNI),NY.ADJ.NNAT.GN.ZS,-21.924962431374
Cote d'Ivoire,CIV,2008,Adjusted savings: net national savings (% of GNI),NY.ADJ.NNAT.GN.ZS,-24.5921589851418
Cote d'Ivoire,CIV,2007,Adjusted savings: net national savings (% of GNI),NY.ADJ.NNAT.GN.ZS,-33.8765336751795
Cote d'Ivoire,CIV,2006,Adjusted savings: net national savings (% of GNI),NY.ADJ.NNAT.GN.ZS,-31.9928070337095
Cote d'Ivoire,CIV,2005,Adjusted savings: net national savings (% of GNI),NY.ADJ.NNAT.GN.ZS,-33.3557405849311
Cote d'Ivoire,CIV,2020,"Adjusted net savings, including particulate emission damage (current US$)",NY.ADJ.SVNG.CD,11308815800.0185
Cote d'Ivoire,CIV,2019,"Adjusted net savings, including particulate emission damage (current US$)",NY.ADJ.SVNG.CD,8444011701.69949
Cote d'Ivoire,CIV,2018,"Adjusted net savings, including particulate emission damage (current US$)",NY.ADJ.SVNG.CD,7501899154.23588
Cote d'Ivoire,CIV,2017,"Adjusted net savings, including particulate emission damage (current US$)",NY.ADJ.SVNG.CD,7445947882.46671
Cote d'Ivoire,CIV,2016,"Adjusted net savings, including particulate emission damage (current US$)",NY.ADJ.SVNG.CD,8375507308.11203
Cote d'Ivoire,CIV,2015,"Adjusted net savings, including particulate emission damage (current US$)",NY.ADJ.SVNG.CD,9336203152.73147
Cote d'Ivoire,CIV,2014,"Adjusted net savings, including particulate emission damage (current US$)",NY.ADJ.SVNG.CD,10785145858.0663
Cote d'Ivoire,CIV,2013,"Adjusted net savings, including particulate emission damage (current US$)",NY.ADJ.SVNG.CD,-4766639897.76877
Cote d'Ivoire,CIV,2012,"Adjusted net savings, including particulate emission damage (current US$)",NY.ADJ.SVNG.CD,-4930968082.03424
Cote d'Ivoire,CIV,2011,"Adjusted net savings, including particulate emission damage (current US$)",NY.ADJ.SVNG.CD,-6343936736.43501
Cote d'Ivoire,CIV,2010,"Adjusted net savings, including particulate emission damage (current US$)",NY.ADJ.SVNG.CD,-5163656787.05013
Cote d'Ivoire,CIV,2009,"Adjusted net savings, including particulate emission damage (current US$)",NY.ADJ.SVNG.CD,-5577265367.78577
Cote d'Ivoire,CIV,2008,"Adjusted net savings, including particulate emission damage (current US$)",NY.ADJ.SVNG.CD,-6700464661.97869
Cote d'Ivoire,CIV,2007,"Adjusted net savings, including particulate emission damage (current US$)",NY.ADJ.SVNG.CD,-7387687836.7119
Cote d'Ivoire,CIV,2006,"Adjusted net savings, including particulate emission damage (current US$)",NY.ADJ.SVNG.CD,-6401485030.26245
Cote d'Ivoire,CIV,2005,"Adjusted net savings, including particulate emission damage (current US$)",NY.ADJ.SVNG.CD,-6029681232.43359
Cote d'Ivoire,CIV,2020,"Adjusted net savings, including particulate emission damage (% of GNI)",NY.ADJ.SVNG.GN.ZS,19.0057193327568
Cote d'Ivoire,CIV,2019,"Adjusted net savings, including particulate emission damage (% of GNI)",NY.ADJ.SVNG.GN.ZS,14.8203988308974
Cote d'Ivoire,CIV,2018,"Adjusted net savings, including particulate emission damage (% of GNI)",NY.ADJ.SVNG.GN.ZS,13.4420582230823
Cote d'Ivoire,CIV,2017,"Adjusted net savings, including particulate emission damage (% of GNI)",NY.ADJ.SVNG.GN.ZS,14.8764340851313
Cote d'Ivoire,CIV,2016,"Adjusted net savings, including particulate emission damage (% of GNI)",NY.ADJ.SVNG.GN.ZS,17.8629347186564
Cote d'Ivoire,CIV,2015,"Adjusted net savings, including particulate emission damage (% of GNI)",NY.ADJ.SVNG.GN.ZS,20.8363046488921
Cote d'Ivoire,CIV,2014,"Adjusted net savings, including particulate emission damage (% of GNI)",NY.ADJ.SVNG.GN.ZS,22.5001533314941
Cote d'Ivoire,CIV,2013,"Adjusted net savings, including particulate emission damage (% of GNI)",NY.ADJ.SVNG.GN.ZS,-15.9623412128614
Cote d'Ivoire,CIV,2012,"Adjusted net savings, including particulate emission damage (% of GNI)",NY.ADJ.SVNG.GN.ZS,-19.0189085938373
Cote d'Ivoire,CIV,2011,"Adjusted net savings, including particulate emission damage (% of GNI)",NY.ADJ.SVNG.GN.ZS,-25.9728351685125
Cote d'Ivoire,CIV,2010,"Adjusted net savings, including particulate emission damage (% of GNI)",NY.ADJ.SVNG.GN.ZS,-21.5191911997955
Cote d'Ivoire,CIV,2009,"Adjusted net savings, including particulate emission damage (% of GNI)",NY.ADJ.SVNG.GN.ZS,-23.7970986480833
Cote d'Ivoire,CIV,2008,"Adjusted net savings, including particulate emission damage (% of GNI)",NY.ADJ.SVNG.GN.ZS,-28.6081891081076
Cote d'Ivoire,CIV,2007,"Adjusted net savings, including particulate emission damage (% of GNI)",NY.ADJ.SVNG.GN.ZS,-37.7670182602782
Cote d'Ivoire,CIV,2006,"Adjusted net savings, including particulate emission damage (% of GNI)",NY.ADJ.SVNG.GN.ZS,-37.4214231210607
Cote d'Ivoire,CIV,2005,"Adjusted net savings, including particulate emission damage (% of GNI)",NY.ADJ.SVNG.GN.ZS,-36.6782549110075
Cote d'Ivoire,CIV,2020,"Adjusted net savings, excluding particulate emission damage (current US$)",NY.ADJ.SVNX.CD,11934151521.1279
Cote d'Ivoire,CIV,2019,"Adjusted net savings, excluding particulate emission damage (current US$)",NY.ADJ.SVNX.CD,9059935897.52276
Cote d'Ivoire,CIV,2018,"Adjusted net savings, excluding particulate emission damage (current US$)",NY.ADJ.SVNX.CD,8152763890.06394
Cote d'Ivoire,CIV,2017,"Adjusted net savings, excluding particulate emission damage (current US$)",NY.ADJ.SVNX.CD,8055752700.22929
Cote d'Ivoire,CIV,2016,"Adjusted net savings, excluding particulate emission damage (current US$)",NY.ADJ.SVNX.CD,9005073611.74153
Cote d'Ivoire,CIV,2015,"Adjusted net savings, excluding particulate emission damage (current US$)",NY.ADJ.SVNX.CD,9992555077.92531
Cote d'Ivoire,CIV,2014,"Adjusted net savings, excluding particulate emission damage (current US$)",NY.ADJ.SVNX.CD,11539710568.7899
Cote d'Ivoire,CIV,2013,"Adjusted net savings, excluding particulate emission damage (current US$)",NY.ADJ.SVNX.CD,-4045436914.0628
Cote d'Ivoire,CIV,2012,"Adjusted net savings, excluding particulate emission damage (current US$)",NY.ADJ.SVNX.CD,-4262860363.67289
Cote d'Ivoire,CIV,2011,"Adjusted net savings, excluding particulate emission damage (current US$)",NY.ADJ.SVNX.CD,-5612252679.89588
Cote d'Ivoire,CIV,2010,"Adjusted net savings, excluding particulate emission damage (current US$)",NY.ADJ.SVNX.CD,-4474945070.83196
Cote d'Ivoire,CIV,2009,"Adjusted net savings, excluding particulate emission damage (current US$)",NY.ADJ.SVNX.CD,-4854370595.56264
Cote d'Ivoire,CIV,2008,"Adjusted net savings, excluding particulate emission damage (current US$)",NY.ADJ.SVNX.CD,-5932980865.02565
Cote d'Ivoire,CIV,2007,"Adjusted net savings, excluding particulate emission damage (current US$)",NY.ADJ.SVNX.CD,-6692092683.64773
Cote d'Ivoire,CIV,2006,"Adjusted net savings, excluding particulate emission damage (current US$)",NY.ADJ.SVNX.CD,-5769333875.35512
Cote d'Ivoire,CIV,2005,"Adjusted net savings, excluding particulate emission damage (current US$)",NY.ADJ.SVNX.CD,-5403783837.48086
Cote d'Ivoire,CIV,2020,"Adjusted net savings, excluding particulate emission damage (% of GNI)",NY.ADJ.SVNX.GN.ZS,20.056665374705
Cote d'Ivoire,CIV,2019,"Adjusted net savings, excluding particulate emission damage (% of GNI)",NY.ADJ.SVNX.GN.ZS,15.9014302830286
Cote d'Ivoire,CIV,2018,"Adjusted net savings, excluding particulate emission damage (% of GNI)",NY.ADJ.SVNX.GN.ZS,14.6082911321733
Cote d'Ivoire,CIV,2017,"Adjusted net savings, excluding particulate emission damage (% of GNI)",NY.ADJ.SVNX.GN.ZS,16.0947774471097
Cote d'Ivoire,CIV,2016,"Adjusted net savings, excluding particulate emission damage (% of GNI)",NY.ADJ.SVNX.GN.ZS,19.2056476277488
Cote d'Ivoire,CIV,2015,"Adjusted net savings, excluding particulate emission damage (% of GNI)",NY.ADJ.SVNX.GN.ZS,22.301134456738
Cote d'Ivoire,CIV,2014,"Adjusted net savings, excluding particulate emission damage (% of GNI)",NY.ADJ.SVNX.GN.ZS,24.0743389672978
Cote d'Ivoire,CIV,2013,"Adjusted net savings, excluding particulate emission damage (% of GNI)",NY.ADJ.SVNX.GN.ZS,-13.5472042701615
Cote d'Ivoire,CIV,2012,"Adjusted net savings, excluding particulate emission damage (% of GNI)",NY.ADJ.SVNX.GN.ZS,-16.4419948083581
Cote d'Ivoire,CIV,2011,"Adjusted net savings, excluding particulate emission damage (% of GNI)",NY.ADJ.SVNX.GN.ZS,-22.977233196826
Cote d'Ivoire,CIV,2010,"Adjusted net savings, excluding particulate emission damage (% of GNI)",NY.ADJ.SVNX.GN.ZS,-18.6490315989471
Cote d'Ivoire,CIV,2009,"Adjusted net savings, excluding particulate emission damage (% of GNI)",NY.ADJ.SVNX.GN.ZS,-20.7126482817549
Cote d'Ivoire,CIV,2008,"Adjusted net savings, excluding particulate emission damage (% of GNI)",NY.ADJ.SVNX.GN.ZS,-25.3313534394963
Cote d'Ivoire,CIV,2007,"Adjusted net savings, excluding particulate emission damage (% of GNI)",NY.ADJ.SVNX.GN.ZS,-34.2110268014908
Cote d'Ivoire,CIV,2006,"Adjusted net savings, excluding particulate emission damage (% of GNI)",NY.ADJ.SVNX.GN.ZS,-33.7260312342684
Cote d'Ivoire,CIV,2005,"Adjusted net savings, excluding particulate emission damage (% of GNI)",NY.ADJ.SVNX.GN.ZS,-32.8709517858062
Cote d'Ivoire,CIV,2021,Coal rents (% of GDP),NY.GDP.COAL.RT.ZS,0
Cote d'Ivoire,CIV,2020,Coal rents (% of GDP),NY.GDP.COAL.RT.ZS,0
Cote d'Ivoire,CIV,2019,Coal rents (% of GDP),NY.GDP.COAL.RT.ZS,0
Cote d'Ivoire,CIV,2018,Coal rents (% of GDP),NY.GDP.COAL.RT.ZS,0
Cote d'Ivoire,CIV,2017,Coal rents (% of GDP),NY.GDP.COAL.RT.ZS,0
Cote d'Ivoire,CIV,2016,Coal rents (% of GDP),NY.GDP.COAL.RT.ZS,0
Cote d'Ivoire,CIV,2015,Coal rents (% of GDP),NY.GDP.COAL.RT.ZS,0
Cote d'Ivoire,CIV,2014,Coal rents (% of GDP),NY.GDP.COAL.RT.ZS,0
Cote d'Ivoire,CIV,2013,Coal rents (% of GDP),NY.GDP.COAL.RT.ZS,0
Cote d'Ivoire,CIV,2012,Coal rents (% of GDP),NY.GDP.COAL.RT.ZS,0
Cote d'Ivoire,CIV,2011,Coal rents (% of GDP),NY.GDP.COAL.RT.ZS,0
Cote d'Ivoire,CIV,2010,Coal rents (% of GDP),NY.GDP.COAL.RT.ZS,0
Cote d'Ivoire,CIV,2009,Coal rents (% of GDP),NY.GDP.COAL.RT.ZS,0
Cote d'Ivoire,CIV,2008,Coal rents (% of GDP),NY.GDP.COAL.RT.ZS,0
Cote d'Ivoire,CIV,2007,Coal rents (% of GDP),NY.GDP.COAL.RT.ZS,0
Cote d'Ivoire,CIV,2006,Coal rents (% of GDP),NY.GDP.COAL.RT.ZS,0
Cote d'Ivoire,CIV,2005,Coal rents (% of GDP),NY.GDP.COAL.RT.ZS,0
Cote d'Ivoire,CIV,2004,Coal rents (% of GDP),NY.GDP.COAL.RT.ZS,0
Cote d'Ivoire,CIV,2003,Coal rents (% of GDP),NY.GDP.COAL.RT.ZS,0
Cote d'Ivoire,CIV,2002,Coal rents (% of GDP),NY.GDP.COAL.RT.ZS,0
Cote d'Ivoire,CIV,2001,Coal rents (% of GDP),NY.GDP.COAL.RT.ZS,0
Cote d'Ivoire,CIV,2000,Coal rents (% of GDP),NY.GDP.COAL.RT.ZS,0
Cote d'Ivoire,CIV,1999,Coal rents (% of GDP),NY.GDP.COAL.RT.ZS,0
Cote d'Ivoire,CIV,1998,Coal rents (% of GDP),NY.GDP.COAL.RT.ZS,0
Cote d'Ivoire,CIV,1997,Coal rents (% of GDP),NY.GDP.COAL.RT.ZS,0
Cote d'Ivoire,CIV,1996,Coal rents (% of GDP),NY.GDP.COAL.RT.ZS,0
Cote d'Ivoire,CIV,1995,Coal rents (% of GDP),NY.GDP.COAL.RT.ZS,0
Cote d'Ivoire,CIV,1994,Coal rents (% of GDP),NY.GDP.COAL.RT.ZS,0
Cote d'Ivoire,CIV,1993,Coal rents (% of GDP),NY.GDP.COAL.RT.ZS,0
Cote d'Ivoire,CIV,1992,Coal rents (% of GDP),NY.GDP.COAL.RT.ZS,0
Cote d'Ivoire,CIV,1991,Coal rents (% of GDP),NY.GDP.COAL.RT.ZS,0
Cote d'Ivoire,CIV,1990,Coal rents (% of GDP),NY.GDP.COAL.RT.ZS,0
Cote d'Ivoire,CIV,1989,Coal rents (% of GDP),NY.GDP.COAL.RT.ZS,0
Cote d'Ivoire,CIV,1988,Coal rents (% of GDP),NY.GDP.COAL.RT.ZS,0
Cote d'Ivoire,CIV,1987,Coal rents (% of GDP),NY.GDP.COAL.RT.ZS,0
Cote d'Ivoire,CIV,1986,Coal rents (% of GDP),NY.GDP.COAL.RT.ZS,0
Cote d'Ivoire,CIV,1985,Coal rents (% of GDP),NY.GDP.COAL.RT.ZS,0
Cote d'Ivoire,CIV,1984,Coal rents (% of GDP),NY.GDP.COAL.RT.ZS,0
Cote d'Ivoire,CIV,1983,Coal rents (% of GDP),NY.GDP.COAL.RT.ZS,0
Cote d'Ivoire,CIV,1982,Coal rents (% of GDP),NY.GDP.COAL.RT.ZS,0
Cote d'Ivoire,CIV,1981,Coal rents (% of GDP),NY.GDP.COAL.RT.ZS,0
Cote d'Ivoire,CIV,1980,Coal rents (% of GDP),NY.GDP.COAL.RT.ZS,0
Cote d'Ivoire,CIV,1979,Coal rents (% of GDP),NY.GDP.COAL.RT.ZS,0
Cote d'Ivoire,CIV,1978,Coal rents (% of GDP),NY.GDP.COAL.RT.ZS,0
Cote d'Ivoire,CIV,2021,Forest rents (% of GDP),NY.GDP.FRST.RT.ZS,1.2244190059936
Cote d'Ivoire,CIV,2020,Forest rents (% of GDP),NY.GDP.FRST.RT.ZS,1.31857899198966
Cote d'Ivoire,CIV,2019,Forest rents (% of GDP),NY.GDP.FRST.RT.ZS,1.30790324801116
Cote d'Ivoire,CIV,2018,Forest rents (% of GDP),NY.GDP.FRST.RT.ZS,1.47066903768452
Cote d'Ivoire,CIV,2017,Forest rents (% of GDP),NY.GDP.FRST.RT.ZS,1.98953607572324
Cote d'Ivoire,CIV,2016,Forest rents (% of GDP),NY.GDP.FRST.RT.ZS,2.10759701676303
Cote d'Ivoire,CIV,2015,Forest rents (% of GDP),NY.GDP.FRST.RT.ZS,2.08311829430822
Cote d'Ivoire,CIV,2014,Forest rents (% of GDP),NY.GDP.FRST.RT.ZS,2.0564736172434
Cote d'Ivoire,CIV,2013,Forest rents (% of GDP),NY.GDP.FRST.RT.ZS,2.14475507972274
Cote d'Ivoire,CIV,2012,Forest rents (% of GDP),NY.GDP.FRST.RT.ZS,2.42796236799746
Cote d'Ivoire,CIV,2011,Forest rents (% of GDP),NY.GDP.FRST.RT.ZS,2.12923468361246
Cote d'Ivoire,CIV,2010,Forest rents (% of GDP),NY.GDP.FRST.RT.ZS,1.97683794132654
Cote d'Ivoire,CIV,2009,Forest rents (% of GDP),NY.GDP.FRST.RT.ZS,1.83447616244734
Cote d'Ivoire,CIV,2008,Forest rents (% of GDP),NY.GDP.FRST.RT.ZS,1.90768602761435
Cote d'Ivoire,CIV,2007,Forest rents (% of GDP),NY.GDP.FRST.RT.ZS,1.77953766108715
Cote d'Ivoire,CIV,2006,Forest rents (% of GDP),NY.GDP.FRST.RT.ZS,1.47922268374704
Cote d'Ivoire,CIV,2005,Forest rents (% of GDP),NY.GDP.FRST.RT.ZS,1.45857095914574
Cote d'Ivoire,CIV,2004,Forest rents (% of GDP),NY.GDP.FRST.RT.ZS,1.45103886446991
Cote d'Ivoire,CIV,2003,Forest rents (% of GDP),NY.GDP.FRST.RT.ZS,1.92749978907432
Cote d'Ivoire,CIV,2002,Forest rents (% of GDP),NY.GDP.FRST.RT.ZS,1.81782276899122
Cote d'Ivoire,CIV,2001,Forest rents (% of GDP),NY.GDP.FRST.RT.ZS,1.86945333668158
Cote d'Ivoire,CIV,2000,Forest rents (% of GDP),NY.GDP.FRST.RT.ZS,2.33761600477411
Cote d'Ivoire,CIV,1999,Forest rents (% of GDP),NY.GDP.FRST.RT.ZS,1.95882111256975
Cote d'Ivoire,CIV,1998,Forest rents (% of GDP),NY.GDP.FRST.RT.ZS,2.3111831517153
Cote d'Ivoire,CIV,1997,Forest rents (% of GDP),NY.GDP.FRST.RT.ZS,2.40731988555317
Cote d'Ivoire,CIV,1996,Forest rents (% of GDP),NY.GDP.FRST.RT.ZS,2.67075979517167
Cote d'Ivoire,CIV,1995,Forest rents (% of GDP),NY.GDP.FRST.RT.ZS,4.79845231371173
Cote d'Ivoire,CIV,1994,Forest rents (% of GDP),NY.GDP.FRST.RT.ZS,4.97078950867356
Cote d'Ivoire,CIV,1993,Forest rents (% of GDP),NY.GDP.FRST.RT.ZS,3.12604382681375
Cote d'Ivoire,CIV,1992,Forest rents (% of GDP),NY.GDP.FRST.RT.ZS,3.2188728678227
Cote d'Ivoire,CIV,1991,Forest rents (% of GDP),NY.GDP.FRST.RT.ZS,3.43635961836602
Cote d'Ivoire,CIV,1990,Forest rents (% of GDP),NY.GDP.FRST.RT.ZS,3.97715725220701
Cote d'Ivoire,CIV,1989,Forest rents (% of GDP),NY.GDP.FRST.RT.ZS,2.83295870368807
Cote d'Ivoire,CIV,1988,Forest rents (% of GDP),NY.GDP.FRST.RT.ZS,2.52900616996132
Cote d'Ivoire,CIV,1987,Forest rents (% of GDP),NY.GDP.FRST.RT.ZS,2.75717141829197
Cote d'Ivoire,CIV,1986,Forest rents (% of GDP),NY.GDP.FRST.RT.ZS,3.23672077585922
Cote d'Ivoire,CIV,1985,Forest rents (% of GDP),NY.GDP.FRST.RT.ZS,3.24820989236042
Cote d'Ivoire,CIV,1984,Forest rents (% of GDP),NY.GDP.FRST.RT.ZS,4.02828187962135
Cote d'Ivoire,CIV,1983,Forest rents (% of GDP),NY.GDP.FRST.RT.ZS,4.6508254927197
Cote d'Ivoire,CIV,1982,Forest rents (% of GDP),NY.GDP.FRST.RT.ZS,5.17023104068879
Cote d'Ivoire,CIV,1981,Forest rents (% of GDP),NY.GDP.FRST.RT.ZS,4.14147747862383
Cote d'Ivoire,CIV,1980,Forest rents (% of GDP),NY.GDP.FRST.RT.ZS,4.81186623351826
Cote d'Ivoire,CIV,1979,Forest rents (% of GDP),NY.GDP.FRST.RT.ZS,4.7895015532176
Cote d'Ivoire,CIV,1978,Forest rents (% of GDP),NY.GDP.FRST.RT.ZS,4.33407992517679
Cote d'Ivoire,CIV,1977,Forest rents (% of GDP),NY.GDP.FRST.RT.ZS,5.2925209975451
Cote d'Ivoire,CIV,1976,Forest rents (% of GDP),NY.GDP.FRST.RT.ZS,5.84187720102765
Cote d'Ivoire,CIV,1975,Forest rents (% of GDP),NY.GDP.FRST.RT.ZS,5.73987904350225
Cote d'Ivoire,CIV,1974,Forest rents (% of GDP),NY.GDP.FRST.RT.ZS,6.97736372517021
Cote d'Ivoire,CIV,1973,Forest rents (% of GDP),NY.GDP.FRST.RT.ZS,7.46318789264459
Cote d'Ivoire,CIV,1972,Forest rents (% of GDP),NY.GDP.FRST.RT.ZS,6.24912983609408
Cote d'Ivoire,CIV,1971,Forest rents (% of GDP),NY.GDP.FRST.RT.ZS,5.64893582443539
Cote d'Ivoire,CIV,1970,Forest rents (% of GDP),NY.GDP.FRST.RT.ZS,5.88211960748263
Cote d'Ivoire,CIV,2021,Mineral rents (% of GDP),NY.GDP.MINR.RT.ZS,2.50107699952363
Cote d'Ivoire,CIV,2020,Mineral rents (% of GDP),NY.GDP.MINR.RT.ZS,0.724356662445554
Cote d'Ivoire,CIV,2019,Mineral rents (% of GDP),NY.GDP.MINR.RT.ZS,0.574500241538047
Cote d'Ivoire,CIV,2018,Mineral rents (% of GDP),NY.GDP.MINR.RT.ZS,0.455348393491403
Cote d'Ivoire,CIV,2017,Mineral rents (% of GDP),NY.GDP.MINR.RT.ZS,0.400849571195147
Cote d'Ivoire,CIV,2016,Mineral rents (% of GDP),NY.GDP.MINR.RT.ZS,0.559881099662443
Cote d'Ivoire,CIV,2015,Mineral rents (% of GDP),NY.GDP.MINR.RT.ZS,0.361552777361383
Cote d'Ivoire,CIV,2014,Mineral rents (% of GDP),NY.GDP.MINR.RT.ZS,0.351420911174992
Cote d'Ivoire,CIV,2013,Mineral rents (% of GDP),NY.GDP.MINR.RT.ZS,0.368977123492966
Cote d'Ivoire,CIV,2012,Mineral rents (% of GDP),NY.GDP.MINR.RT.ZS,0.530274437341492
Cote d'Ivoire,CIV,2011,Mineral rents (% of GDP),NY.GDP.MINR.RT.ZS,0.654511620365384
Cote d'Ivoire,CIV,2010,Mineral rents (% of GDP),NY.GDP.MINR.RT.ZS,0.0937491381749339
Cote d'Ivoire,CIV,2009,Mineral rents (% of GDP),NY.GDP.MINR.RT.ZS,0.240205141462773
Cote d'Ivoire,CIV,2008,Mineral rents (% of GDP),NY.GDP.MINR.RT.ZS,0.110068813260895
Cote d'Ivoire,CIV,2007,Mineral rents (% of GDP),NY.GDP.MINR.RT.ZS,0
Cote d'Ivoire,CIV,2006,Mineral rents (% of GDP),NY.GDP.MINR.RT.ZS,0.00907627499073501
Cote d'Ivoire,CIV,2005,Mineral rents (% of GDP),NY.GDP.MINR.RT.ZS,0
Cote d'Ivoire,CIV,2004,Mineral rents (% of GDP),NY.GDP.MINR.RT.ZS,0
Cote d'Ivoire,CIV,2003,Mineral rents (% of GDP),NY.GDP.MINR.RT.ZS,0.0123903278170218
Cote d'Ivoire,CIV,2002,Mineral rents (% of GDP),NY.GDP.MINR.RT.ZS,0
Cote d'Ivoire,CIV,2001,Mineral rents (% of GDP),NY.GDP.MINR.RT.ZS,0
Cote d'Ivoire,CIV,2000,Mineral rents (% of GDP),NY.GDP.MINR.RT.ZS,0
Cote d'Ivoire,CIV,1999,Mineral rents (% of GDP),NY.GDP.MINR.RT.ZS,0
Cote d'Ivoire,CIV,1998,Mineral rents (% of GDP),NY.GDP.MINR.RT.ZS,0
Cote d'Ivoire,CIV,1997,Mineral rents (% of GDP),NY.GDP.MINR.RT.ZS,0.0287402582201248
Cote d'Ivoire,CIV,1996,Mineral rents (% of GDP),NY.GDP.MINR.RT.ZS,0
Cote d'Ivoire,CIV,1995,Mineral rents (% of GDP),NY.GDP.MINR.RT.ZS,0.128619001646594
Cote d'Ivoire,CIV,1994,Mineral rents (% of GDP),NY.GDP.MINR.RT.ZS,0.0654345154290398
Cote d'Ivoire,CIV,1993,Mineral rents (% of GDP),NY.GDP.MINR.RT.ZS,0.0302548152341097
Cote d'Ivoire,CIV,1992,Mineral rents (% of GDP),NY.GDP.MINR.RT.ZS,0.027459715250273
Cote d'Ivoire,CIV,1991,Mineral rents (% of GDP),NY.GDP.MINR.RT.ZS,0
Cote d'Ivoire,CIV,1990,Mineral rents (% of GDP),NY.GDP.MINR.RT.ZS,0.000578576008430695
Cote d'Ivoire,CIV,1989,Mineral rents (% of GDP),NY.GDP.MINR.RT.ZS,0.000452448894464279
Cote d'Ivoire,CIV,1988,Mineral rents (% of GDP),NY.GDP.MINR.RT.ZS,0.000300183379616858
Cote d'Ivoire,CIV,1987,Mineral rents (% of GDP),NY.GDP.MINR.RT.ZS,0
Cote d'Ivoire,CIV,1986,Mineral rents (% of GDP),NY.GDP.MINR.RT.ZS,0
Cote d'Ivoire,CIV,1985,Mineral rents (% of GDP),NY.GDP.MINR.RT.ZS,0
Cote d'Ivoire,CIV,1984,Mineral rents (% of GDP),NY.GDP.MINR.RT.ZS,0
Cote d'Ivoire,CIV,1983,Mineral rents (% of GDP),NY.GDP.MINR.RT.ZS,0
Cote d'Ivoire,CIV,1982,Mineral rents (% of GDP),NY.GDP.MINR.RT.ZS,0
Cote d'Ivoire,CIV,1981,Mineral rents (% of GDP),NY.GDP.MINR.RT.ZS,0
Cote d'Ivoire,CIV,1980,Mineral rents (% of GDP),NY.GDP.MINR.RT.ZS,0
Cote d'Ivoire,CIV,1979,Mineral rents (% of GDP),NY.GDP.MINR.RT.ZS,0
Cote d'Ivoire,CIV,1978,Mineral rents (% of GDP),NY.GDP.MINR.RT.ZS,0
Cote d'Ivoire,CIV,1977,Mineral rents (% of GDP),NY.GDP.MINR.RT.ZS,0
Cote d'Ivoire,CIV,1976,Mineral rents (% of GDP),NY.GDP.MINR.RT.ZS,0
Cote d'Ivoire,CIV,1975,Mineral rents (% of GDP),NY.GDP.MINR.RT.ZS,0
Cote d'Ivoire,CIV,1974,Mineral rents (% of GDP),NY.GDP.MINR.RT.ZS,0
Cote d'Ivoire,CIV,1973,Mineral rents (% of GDP),NY.GDP.MINR.RT.ZS,0
Cote d'Ivoire,CIV,1972,Mineral rents (% of GDP),NY.GDP.MINR.RT.ZS,0
Cote d'Ivoire,CIV,1971,Mineral rents (% of GDP),NY.GDP.MINR.RT.ZS,0
Cote d'Ivoire,CIV,1970,Mineral rents (% of GDP),NY.GDP.MINR.RT.ZS,0
Cote d'Ivoire,CIV,2021,Natural gas rents (% of GDP),NY.GDP.NGAS.RT.ZS,0.309353155239366
Cote d'Ivoire,CIV,2020,Natural gas rents (% of GDP),NY.GDP.NGAS.RT.ZS,0.177485744990039
Cote d'Ivoire,CIV,2019,Natural gas rents (% of GDP),NY.GDP.NGAS.RT.ZS,0.218403089389861
Cote d'Ivoire,CIV,2018,Natural gas rents (% of GDP),NY.GDP.NGAS.RT.ZS,0.253454611297185
Cote d'Ivoire,CIV,2017,Natural gas rents (% of GDP),NY.GDP.NGAS.RT.ZS,0.186969561218541
Cote d'Ivoire,CIV,2016,Natural gas rents (% of GDP),NY.GDP.NGAS.RT.ZS,0.178681873738581
Cote d'Ivoire,CIV,2015,Natural gas rents (% of GDP),NY.GDP.NGAS.RT.ZS,0.261322774444977
Cote d'Ivoire,CIV,2014,Natural gas rents (% of GDP),NY.GDP.NGAS.RT.ZS,0.319671081972001
Cote d'Ivoire,CIV,2013,Natural gas rents (% of GDP),NY.GDP.NGAS.RT.ZS,0.320411424987291
Cote d'Ivoire,CIV,2012,Natural gas rents (% of GDP),NY.GDP.NGAS.RT.ZS,0.393227820298858
Cote d'Ivoire,CIV,2011,Natural gas rents (% of GDP),NY.GDP.NGAS.RT.ZS,0.362965532638359
Cote d'Ivoire,CIV,2010,Natural gas rents (% of GDP),NY.GDP.NGAS.RT.ZS,0.283475786785777
Cote d'Ivoire,CIV,2009,Natural gas rents (% of GDP),NY.GDP.NGAS.RT.ZS,0.245314581949486
Cote d'Ivoire,CIV,2008,Natural gas rents (% of GDP),NY.GDP.NGAS.RT.ZS,0.307395693178292
Cote d'Ivoire,CIV,2007,Natural gas rents (% of GDP),NY.GDP.NGAS.RT.ZS,0.274487306472778
Cote d'Ivoire,CIV,2006,Natural gas rents (% of GDP),NY.GDP.NGAS.RT.ZS,0.407012042239876
Cote d'Ivoire,CIV,2005,Natural gas rents (% of GDP),NY.GDP.NGAS.RT.ZS,0.126214192619765
Cote d'Ivoire,CIV,2004,Natural gas rents (% of GDP),NY.GDP.NGAS.RT.ZS,0.173819970816715
Cote d'Ivoire,CIV,2003,Natural gas rents (% of GDP),NY.GDP.NGAS.RT.ZS,0.161409274386099
Cote d'Ivoire,CIV,2002,Natural gas rents (% of GDP),NY.GDP.NGAS.RT.ZS,0.191211922520124
Cote d'Ivoire,CIV,2001,Natural gas rents (% of GDP),NY.GDP.NGAS.RT.ZS,0.268183612174263
Cote d'Ivoire,CIV,2000,Natural gas rents (% of GDP),NY.GDP.NGAS.RT.ZS,0.21648578432124
Cote d'Ivoire,CIV,1999,Natural gas rents (% of GDP),NY.GDP.NGAS.RT.ZS,0.108854679545715
Cote d'Ivoire,CIV,1998,Natural gas rents (% of GDP),NY.GDP.NGAS.RT.ZS,0.0549598172907061
Cote d'Ivoire,CIV,1997,Natural gas rents (% of GDP),NY.GDP.NGAS.RT.ZS,0.0411475004385256
Cote d'Ivoire,CIV,1996,Natural gas rents (% of GDP),NY.GDP.NGAS.RT.ZS,0.0579435908857458
Cote d'Ivoire,CIV,1995,Natural gas rents (% of GDP),NY.GDP.NGAS.RT.ZS,0.00697783111204245
Cote d'Ivoire,CIV,2021,Oil rents (% of GDP),NY.GDP.PETR.RT.ZS,0.70017290136454
Cote d'Ivoire,CIV,2020,Oil rents (% of GDP),NY.GDP.PETR.RT.ZS,0.371217181360166
Cote d'Ivoire,CIV,2019,Oil rents (% of GDP),NY.GDP.PETR.RT.ZS,0.857465003549306
Cote d'Ivoire,CIV,2018,Oil rents (% of GDP),NY.GDP.PETR.RT.ZS,0.930497052970617
Cote d'Ivoire,CIV,2017,Oil rents (% of GDP),NY.GDP.PETR.RT.ZS,0.811412807702894
Cote d'Ivoire,CIV,2016,Oil rents (% of GDP),NY.GDP.PETR.RT.ZS,0.384370728252087
Cote d'Ivoire,CIV,2015,Oil rents (% of GDP),NY.GDP.PETR.RT.ZS,0.366602851194199
Cote d'Ivoire,CIV,2014,Oil rents (% of GDP),NY.GDP.PETR.RT.ZS,0.691789500523942
Cote d'Ivoire,CIV,2013,Oil rents (% of GDP),NY.GDP.PETR.RT.ZS,1.32089224861062
Cote d'Ivoire,CIV,2012,Oil rents (% of GDP),NY.GDP.PETR.RT.ZS,2.01610713884301
Cote d'Ivoire,CIV,2011,Oil rents (% of GDP),NY.GDP.PETR.RT.ZS,2.38568766510419
Cote d'Ivoire,CIV,2010,Oil rents (% of GDP),NY.GDP.PETR.RT.ZS,1.97607516845206
Cote d'Ivoire,CIV,2009,Oil rents (% of GDP),NY.GDP.PETR.RT.ZS,1.55323608726763
Cote d'Ivoire,CIV,2008,Oil rents (% of GDP),NY.GDP.PETR.RT.ZS,3.23685198449427
Cote d'Ivoire,CIV,2007,Oil rents (% of GDP),NY.GDP.PETR.RT.ZS,2.92984750032697
Cote d'Ivoire,CIV,2006,Oil rents (% of GDP),NY.GDP.PETR.RT.ZS,3.70627347527892
Cote d'Ivoire,CIV,2005,Oil rents (% of GDP),NY.GDP.PETR.RT.ZS,2.12719162540331
Cote d'Ivoire,CIV,2004,Oil rents (% of GDP),NY.GDP.PETR.RT.ZS,0.868358242832743
Cote d'Ivoire,CIV,2003,Oil rents (% of GDP),NY.GDP.PETR.RT.ZS,0.547536157690114
Cote d'Ivoire,CIV,2002,Oil rents (% of GDP),NY.GDP.PETR.RT.ZS,0.449871788392484
Cote d'Ivoire,CIV,2001,Oil rents (% of GDP),NY.GDP.PETR.RT.ZS,0.184450908626382
Cote d'Ivoire,CIV,2000,Oil rents (% of GDP),NY.GDP.PETR.RT.ZS,0.308013121439312
Cote d'Ivoire,CIV,1999,Oil rents (% of GDP),NY.GDP.PETR.RT.ZS,0.162964832198363
Cote d'Ivoire,CIV,1998,Oil rents (% of GDP),NY.GDP.PETR.RT.ZS,0.101604151054954
Cote d'Ivoire,CIV,1997,Oil rents (% of GDP),NY.GDP.PETR.RT.ZS,0.319862757443427
Cote d'Ivoire,CIV,1996,Oil rents (% of GDP),NY.GDP.PETR.RT.ZS,0.380359773738748
Cote d'Ivoire,CIV,1995,Oil rents (% of GDP),NY.GDP.PETR.RT.ZS,0.230815868459038
Cote d'Ivoire,CIV,1994,Oil rents (% of GDP),NY.GDP.PETR.RT.ZS,0.263283893930115
Cote d'Ivoire,CIV,1993,Oil rents (% of GDP),NY.GDP.PETR.RT.ZS,0.231249910568653
Cote d'Ivoire,CIV,1992,Oil rents (% of GDP),NY.GDP.PETR.RT.ZS,0.21395748137054
Cote d'Ivoire,CIV,1991,Oil rents (% of GDP),NY.GDP.PETR.RT.ZS,0.0411260342677253
Cote d'Ivoire,CIV,1990,Oil rents (% of GDP),NY.GDP.PETR.RT.ZS,0.111829077867099
Cote d'Ivoire,CIV,1989,Oil rents (% of GDP),NY.GDP.PETR.RT.ZS,0.104980258706609
Cote d'Ivoire,CIV,1988,Oil rents (% of GDP),NY.GDP.PETR.RT.ZS,0.284584624376772
Cote d'Ivoire,CIV,1987,Oil rents (% of GDP),NY.GDP.PETR.RT.ZS,0.535702692063633
Cote d'Ivoire,CIV,1986,Oil rents (% of GDP),NY.GDP.PETR.RT.ZS,0.326483420224798
Cote d'Ivoire,CIV,1985,Oil rents (% of GDP),NY.GDP.PETR.RT.ZS,1.32980271732637
Cote d'Ivoire,CIV,1984,Oil rents (% of GDP),NY.GDP.PETR.RT.ZS,1.23720996916911
Cote d'Ivoire,CIV,1983,Oil rents (% of GDP),NY.GDP.PETR.RT.ZS,1.08325619955352
Cote d'Ivoire,CIV,1982,Oil rents (% of GDP),NY.GDP.PETR.RT.ZS,0.344693538381303
Cote d'Ivoire,CIV,1981,Oil rents (% of GDP),NY.GDP.PETR.RT.ZS,0.406239015865524
Cote d'Ivoire,CIV,1980,Oil rents (% of GDP),NY.GDP.PETR.RT.ZS,0.11162471818467
Cote d'Ivoire,CIV,1979,Oil rents (% of GDP),NY.GDP.PETR.RT.ZS,0
Cote d'Ivoire,CIV,1978,Oil rents (% of GDP),NY.GDP.PETR.RT.ZS,0
Cote d'Ivoire,CIV,1977,Oil rents (% of GDP),NY.GDP.PETR.RT.ZS,0
Cote d'Ivoire,CIV,1976,Oil rents (% of GDP),NY.GDP.PETR.RT.ZS,0
Cote d'Ivoire,CIV,1975,Oil rents (% of GDP),NY.GDP.PETR.RT.ZS,0
Cote d'Ivoire,CIV,1974,Oil rents (% of GDP),NY.GDP.PETR.RT.ZS,0
Cote d'Ivoire,CIV,1973,Oil rents (% of GDP),NY.GDP.PETR.RT.ZS,0
Cote d'Ivoire,CIV,1972,Oil rents (% of GDP),NY.GDP.PETR.RT.ZS,0
Cote d'Ivoire,CIV,1971,Oil rents (% of GDP),NY.GDP.PETR.RT.ZS,0
Cote d'Ivoire,CIV,2021,Total natural resources rents (% of GDP),NY.GDP.TOTL.RT.ZS,4.73502206212113
Cote d'Ivoire,CIV,2020,Total natural resources rents (% of GDP),NY.GDP.TOTL.RT.ZS,2.59163858078542
Cote d'Ivoire,CIV,2019,Total natural resources rents (% of GDP),NY.GDP.TOTL.RT.ZS,2.95827158248838
Cote d'Ivoire,CIV,2018,Total natural resources rents (% of GDP),NY.GDP.TOTL.RT.ZS,3.10996909544373
Cote d'Ivoire,CIV,2017,Total natural resources rents (% of GDP),NY.GDP.TOTL.RT.ZS,3.38876801583982
Cote d'Ivoire,CIV,2016,Total natural resources rents (% of GDP),NY.GDP.TOTL.RT.ZS,3.23053071841614
Cote d'Ivoire,CIV,2015,Total natural resources rents (% of GDP),NY.GDP.TOTL.RT.ZS,3.07259669730878
Cote d'Ivoire,CIV,2014,Total natural resources rents (% of GDP),NY.GDP.TOTL.RT.ZS,3.41935511091434
Cote d'Ivoire,CIV,2013,Total natural resources rents (% of GDP),NY.GDP.TOTL.RT.ZS,4.15503587681362
Cote d'Ivoire,CIV,2012,Total natural resources rents (% of GDP),NY.GDP.TOTL.RT.ZS,5.36757176448081
Cote d'Ivoire,CIV,2011,Total natural resources rents (% of GDP),NY.GDP.TOTL.RT.ZS,5.53239950172039
Cote d'Ivoire,CIV,2010,Total natural resources rents (% of GDP),NY.GDP.TOTL.RT.ZS,4.33013803473931
Cote d'Ivoire,CIV,2009,Total natural resources rents (% of GDP),NY.GDP.TOTL.RT.ZS,3.87323197312723
Cote d'Ivoire,CIV,2008,Total natural resources rents (% of GDP),NY.GDP.TOTL.RT.ZS,5.56200251854781
Cote d'Ivoire,CIV,2007,Total natural resources rents (% of GDP),NY.GDP.TOTL.RT.ZS,4.9838724678869
Cote d'Ivoire,CIV,2006,Total natural resources rents (% of GDP),NY.GDP.TOTL.RT.ZS,5.60158447625658
Cote d'Ivoire,CIV,2005,Total natural resources rents (% of GDP),NY.GDP.TOTL.RT.ZS,3.71197677716882
Cote d'Ivoire,CIV,2004,Total natural resources rents (% of GDP),NY.GDP.TOTL.RT.ZS,2.49321707811937
Cote d'Ivoire,CIV,2003,Total natural resources rents (% of GDP),NY.GDP.TOTL.RT.ZS,2.64883554896755
Cote d'Ivoire,CIV,2002,Total natural resources rents (% of GDP),NY.GDP.TOTL.RT.ZS,2.45890647990383
Cote d'Ivoire,CIV,2001,Total natural resources rents (% of GDP),NY.GDP.TOTL.RT.ZS,2.32208785748223
Cote d'Ivoire,CIV,2000,Total natural resources rents (% of GDP),NY.GDP.TOTL.RT.ZS,2.86211491053466
Cote d'Ivoire,CIV,1999,Total natural resources rents (% of GDP),NY.GDP.TOTL.RT.ZS,2.23064062431383
Cote d'Ivoire,CIV,1998,Total natural resources rents (% of GDP),NY.GDP.TOTL.RT.ZS,2.46774712006096
Cote d'Ivoire,CIV,1997,Total natural resources rents (% of GDP),NY.GDP.TOTL.RT.ZS,2.79707040165525
Cote d'Ivoire,CIV,1996,Total natural resources rents (% of GDP),NY.GDP.TOTL.RT.ZS,3.10906315979616
Cote d'Ivoire,CIV,1995,Total natural resources rents (% of GDP),NY.GDP.TOTL.RT.ZS,5.16486501492941
Cote d'Ivoire,CIV,1994,Total natural resources rents (% of GDP),NY.GDP.TOTL.RT.ZS,5.29950791803271
Cote d'Ivoire,CIV,1993,Total natural resources rents (% of GDP),NY.GDP.TOTL.RT.ZS,3.38754855261651
Cote d'Ivoire,CIV,1992,Total natural resources rents (% of GDP),NY.GDP.TOTL.RT.ZS,3.46029006444351
Cote d'Ivoire,CIV,1991,Total natural resources rents (% of GDP),NY.GDP.TOTL.RT.ZS,3.47748565263375
Cote d'Ivoire,CIV,1990,Total natural resources rents (% of GDP),NY.GDP.TOTL.RT.ZS,4.08956490608254
Cote d'Ivoire,CIV,1989,Total natural resources rents (% of GDP),NY.GDP.TOTL.RT.ZS,2.93839141128914
Cote d'Ivoire,CIV,1988,Total natural resources rents (% of GDP),NY.GDP.TOTL.RT.ZS,2.81389097771771
Cote d'Ivoire,CIV,1987,Total natural resources rents (% of GDP),NY.GDP.TOTL.RT.ZS,3.29287411035561
Cote d'Ivoire,CIV,1986,Total natural resources rents (% of GDP),NY.GDP.TOTL.RT.ZS,3.56320419608402
Cote d'Ivoire,CIV,1985,Total natural resources rents (% of GDP),NY.GDP.TOTL.RT.ZS,4.57801260968679
Cote d'Ivoire,CIV,1984,Total natural resources rents (% of GDP),NY.GDP.TOTL.RT.ZS,5.26549184879047
Cote d'Ivoire,CIV,1983,Total natural resources rents (% of GDP),NY.GDP.TOTL.RT.ZS,5.73408169227322
Cote d'Ivoire,CIV,1982,Total natural resources rents (% of GDP),NY.GDP.TOTL.RT.ZS,5.51492457907009
Cote d'Ivoire,CIV,1981,Total natural resources rents (% of GDP),NY.GDP.TOTL.RT.ZS,4.54771649448935
Cote d'Ivoire,CIV,1980,Total natural resources rents (% of GDP),NY.GDP.TOTL.RT.ZS,4.92349095170293
Cote d'Ivoire,CIV,1979,Total natural resources rents (% of GDP),NY.GDP.TOTL.RT.ZS,4.7895015532176
Cote d'Ivoire,CIV,1978,Total natural resources rents (% of GDP),NY.GDP.TOTL.RT.ZS,4.33407992517679
Cote d'Ivoire,CIV,1977,Total natural resources rents (% of GDP),NY.GDP.TOTL.RT.ZS,5.2925209975451
Cote d'Ivoire,CIV,1976,Total natural resources rents (% of GDP),NY.GDP.TOTL.RT.ZS,5.84187720102765
Cote d'Ivoire,CIV,1975,Total natural resources rents (% of GDP),NY.GDP.TOTL.RT.ZS,5.73987904350225
Cote d'Ivoire,CIV,1974,Total natural resources rents (% of GDP),NY.GDP.TOTL.RT.ZS,6.97736372517021
Cote d'Ivoire,CIV,1973,Total natural resources rents (% of GDP),NY.GDP.TOTL.RT.ZS,7.46318789264459
Cote d'Ivoire,CIV,1972,Total natural resources rents (% of GDP),NY.GDP.TOTL.RT.ZS,6.24912983609408
Cote d'Ivoire,CIV,1971,Total natural resources rents (% of GDP),NY.GDP.TOTL.RT.ZS,5.64893582443539
Cote d'Ivoire,CIV,1970,Total natural resources rents (% of GDP),NY.GDP.TOTL.RT.ZS,5.88211960748263
Cote d'Ivoire,CIV,2022,"People using at least basic drinking water services, rural (% of rural population)",SH.H2O.BASW.RU.ZS,58.0474399634035
Cote d'Ivoire,CIV,2021,"People using at least basic drinking water services, rural (% of rural population)",SH.H2O.BASW.RU.ZS,57.9470957088428
Cote d'Ivoire,CIV,2020,"People using at least basic drinking water services, rural (% of rural population)",SH.H2O.BASW.RU.ZS,57.8467514542821
Cote d'Ivoire,CIV,2019,"People using at least basic drinking water services, rural (% of rural population)",SH.H2O.BASW.RU.ZS,57.7169051002081
Cote d'Ivoire,CIV,2018,"People using at least basic drinking water services, rural (% of rural population)",SH.H2O.BASW.RU.ZS,57.587161276017
Cote d'Ivoire,CIV,2017,"People using at least basic drinking water services, rural (% of rural population)",SH.H2O.BASW.RU.ZS,57.4575199817088
Cote d'Ivoire,CIV,2016,"People using at least basic drinking water services, rural (% of rural population)",SH.H2O.BASW.RU.ZS,57.3279812172835
Cote d'Ivoire,CIV,2015,"People using at least basic drinking water services, rural (% of rural population)",SH.H2O.BASW.RU.ZS,57.1985449827411
Cote d'Ivoire,CIV,2014,"People using at least basic drinking water services, rural (% of rural population)",SH.H2O.BASW.RU.ZS,57.0692112780816
Cote d'Ivoire,CIV,2013,"People using at least basic drinking water services, rural (% of rural population)",SH.H2O.BASW.RU.ZS,56.9399801033049
Cote d'Ivoire,CIV,2012,"People using at least basic drinking water services, rural (% of rural population)",SH.H2O.BASW.RU.ZS,56.8108514584112
Cote d'Ivoire,CIV,2011,"People using at least basic drinking water services, rural (% of rural population)",SH.H2O.BASW.RU.ZS,56.6818253434003
Cote d'Ivoire,CIV,2010,"People using at least basic drinking water services, rural (% of rural population)",SH.H2O.BASW.RU.ZS,56.5529017582723
Cote d'Ivoire,CIV,2009,"People using at least basic drinking water services, rural (% of rural population)",SH.H2O.BASW.RU.ZS,56.4240807030272
Cote d'Ivoire,CIV,2008,"People using at least basic drinking water services, rural (% of rural population)",SH.H2O.BASW.RU.ZS,56.2953621776649
Cote d'Ivoire,CIV,2007,"People using at least basic drinking water services, rural (% of rural population)",SH.H2O.BASW.RU.ZS,56.1667461821856
Cote d'Ivoire,CIV,2006,"People using at least basic drinking water services, rural (% of rural population)",SH.H2O.BASW.RU.ZS,56.0382327165892
Cote d'Ivoire,CIV,2005,"People using at least basic drinking water services, rural (% of rural population)",SH.H2O.BASW.RU.ZS,55.9098217808756
Cote d'Ivoire,CIV,2004,"People using at least basic drinking water services, rural (% of rural population)",SH.H2O.BASW.RU.ZS,55.7815133750449
Cote d'Ivoire,CIV,2003,"People using at least basic drinking water services, rural (% of rural population)",SH.H2O.BASW.RU.ZS,55.6533074990971
Cote d'Ivoire,CIV,2002,"People using at least basic drinking water services, rural (% of rural population)",SH.H2O.BASW.RU.ZS,55.5252041530322
Cote d'Ivoire,CIV,2001,"People using at least basic drinking water services, rural (% of rural population)",SH.H2O.BASW.RU.ZS,55.3972033368502
Cote d'Ivoire,CIV,2000,"People using at least basic drinking water services, rural (% of rural population)",SH.H2O.BASW.RU.ZS,55.269305050551
Cote d'Ivoire,CIV,2022,"People using at least basic drinking water services, urban (% of urban population)",SH.H2O.BASW.UR.ZS,86.1583487556531
Cote d'Ivoire,CIV,2021,"People using at least basic drinking water services, urban (% of urban population)",SH.H2O.BASW.UR.ZS,86.2935353414906
Cote d'Ivoire,CIV,2020,"People using at least basic drinking water services, urban (% of urban population)",SH.H2O.BASW.UR.ZS,86.4287219273281
Cote d'Ivoire,CIV,2019,"People using at least basic drinking water services, urban (% of urban population)",SH.H2O.BASW.UR.ZS,86.6482913849231
Cote d'Ivoire,CIV,2018,"People using at least basic drinking water services, urban (% of urban population)",SH.H2O.BASW.UR.ZS,86.8681244034531
Cote d'Ivoire,CIV,2017,"People using at least basic drinking water services, urban (% of urban population)",SH.H2O.BASW.UR.ZS,87.0882209829183
Cote d'Ivoire,CIV,2016,"People using at least basic drinking water services, urban (% of urban population)",SH.H2O.BASW.UR.ZS,87.3085811233185
Cote d'Ivoire,CIV,2015,"People using at least basic drinking water services, urban (% of urban population)",SH.H2O.BASW.UR.ZS,87.5292048246537
Cote d'Ivoire,CIV,2014,"People using at least basic drinking water services, urban (% of urban population)",SH.H2O.BASW.UR.ZS,87.7500920869242
Cote d'Ivoire,CIV,2013,"People using at least basic drinking water services, urban (% of urban population)",SH.H2O.BASW.UR.ZS,87.9712429101296
Cote d'Ivoire,CIV,2012,"People using at least basic drinking water services, urban (% of urban population)",SH.H2O.BASW.UR.ZS,88.1926572942701
Cote d'Ivoire,CIV,2011,"People using at least basic drinking water services, urban (% of urban population)",SH.H2O.BASW.UR.ZS,88.4143352393458
Cote d'Ivoire,CIV,2010,"People using at least basic drinking water services, urban (% of urban population)",SH.H2O.BASW.UR.ZS,88.6362767453565
Cote d'Ivoire,CIV,2009,"People using at least basic drinking water services, urban (% of urban population)",SH.H2O.BASW.UR.ZS,88.8584818123023
Cote d'Ivoire,CIV,2008,"People using at least basic drinking water services, urban (% of urban population)",SH.H2O.BASW.UR.ZS,89.0809504401832
Cote d'Ivoire,CIV,2007,"People using at least basic drinking water services, urban (% of urban population)",SH.H2O.BASW.UR.ZS,89.3036826289991
Cote d'Ivoire,CIV,2006,"People using at least basic drinking water services, urban (% of urban population)",SH.H2O.BASW.UR.ZS,89.5266783787501
Cote d'Ivoire,CIV,2005,"People using at least basic drinking water services, urban (% of urban population)",SH.H2O.BASW.UR.ZS,89.7499376894363
Cote d'Ivoire,CIV,2004,"People using at least basic drinking water services, urban (% of urban population)",SH.H2O.BASW.UR.ZS,89.9734605610575
Cote d'Ivoire,CIV,2003,"People using at least basic drinking water services, urban (% of urban population)",SH.H2O.BASW.UR.ZS,90.1972469936138
Cote d'Ivoire,CIV,2002,"People using at least basic drinking water services, urban (% of urban population)",SH.H2O.BASW.UR.ZS,90.4212969871052
Cote d'Ivoire,CIV,2001,"People using at least basic drinking water services, urban (% of urban population)",SH.H2O.BASW.UR.ZS,90.6456105415316
Cote d'Ivoire,CIV,2000,"People using at least basic drinking water services, urban (% of urban population)",SH.H2O.BASW.UR.ZS,90.8701876568931
Cote d'Ivoire,CIV,2022,People using at least basic drinking water services (% of population),SH.H2O.BASW.ZS,72.8509256505983
Cote d'Ivoire,CIV,2021,People using at least basic drinking water services (% of population),SH.H2O.BASW.ZS,72.738267015564
Cote d'Ivoire,CIV,2020,People using at least basic drinking water services (% of population),SH.H2O.BASW.ZS,72.6253447367345
Cote d'Ivoire,CIV,2019,People using at least basic drinking water services (% of population),SH.H2O.BASW.ZS,72.541058171011
Cote d'Ivoire,CIV,2018,People using at least basic drinking water services (% of population),SH.H2O.BASW.ZS,72.4557428748714
Cote d'Ivoire,CIV,2017,People using at least basic drinking water services (% of population),SH.H2O.BASW.ZS,72.3694658949988
Cote d'Ivoire,CIV,2016,People using at least basic drinking water services (% of population),SH.H2O.BASW.ZS,72.2826047701817
Cote d'Ivoire,CIV,2015,People using at least basic drinking water services (% of population),SH.H2O.BASW.ZS,72.1952372438825
Cote d'Ivoire,CIV,2014,People using at least basic drinking water services (% of population),SH.H2O.BASW.ZS,72.1071370058076
Cote d'Ivoire,CIV,2013,People using at least basic drinking water services (% of population),SH.H2O.BASW.ZS,72.0190003098845
Cote d'Ivoire,CIV,2012,People using at least basic drinking water services (% of population),SH.H2O.BASW.ZS,71.928094480601
Cote d'Ivoire,CIV,2011,People using at least basic drinking water services (% of population),SH.H2O.BASW.ZS,71.8344159722769
Cote d'Ivoire,CIV,2010,People using at least basic drinking water services (% of population),SH.H2O.BASW.ZS,71.7379636235924
Cote d'Ivoire,CIV,2009,People using at least basic drinking water services (% of population),SH.H2O.BASW.ZS,71.6390606663563
Cote d'Ivoire,CIV,2008,People using at least basic drinking water services (% of population),SH.H2O.BASW.ZS,71.5377104551999
Cote d'Ivoire,CIV,2007,People using at least basic drinking water services (% of population),SH.H2O.BASW.ZS,71.4332608666322
Cote d'Ivoire,CIV,2006,People using at least basic drinking water services (% of population),SH.H2O.BASW.ZS,71.326376049963
Cote d'Ivoire,CIV,2005,People using at least basic drinking water services (% of population),SH.H2O.BASW.ZS,71.217059799243
Cote d'Ivoire,CIV,2004,People using at least basic drinking water services (% of population),SH.H2O.BASW.ZS,71.1053199610773
Cote d'Ivoire,CIV,2003,People using at least basic drinking water services (% of population),SH.H2O.BASW.ZS,70.9904699748775
Cote d'Ivoire,CIV,2002,People using at least basic drinking water services (% of population),SH.H2O.BASW.ZS,70.8735531188732
Cote d'Ivoire,CIV,2001,People using at least basic drinking water services (% of population),SH.H2O.BASW.ZS,70.7542299686215
Cote d'Ivoire,CIV,2000,People using at least basic drinking water services (% of population),SH.H2O.BASW.ZS,70.6328654119712
Cote d'Ivoire,CIV,2022,"People using safely managed drinking water services, rural (% of rural population)",SH.H2O.SMDW.RU.ZS,27.3362789994805
Cote d'Ivoire,CIV,2021,"People using safely managed drinking water services, rural (% of rural population)",SH.H2O.SMDW.RU.ZS,27.289023882969
Cote d'Ivoire,CIV,2020,"People using safely managed drinking water services, rural (% of rural population)",SH.H2O.SMDW.RU.ZS,27.2417687664575
Cote d'Ivoire,CIV,2019,"People using safely managed drinking water services, rural (% of rural population)",SH.H2O.SMDW.RU.ZS,27.1945136499459
Cote d'Ivoire,CIV,2018,"People using safely managed drinking water services, rural (% of rural population)",SH.H2O.SMDW.RU.ZS,26.5343618884737
Cote d'Ivoire,CIV,2017,"People using safely managed drinking water services, rural (% of rural population)",SH.H2O.SMDW.RU.ZS,25.7729819322361
Cote d'Ivoire,CIV,2016,"People using safely managed drinking water services, rural (% of rural population)",SH.H2O.SMDW.RU.ZS,25.0140961799206
Cote d'Ivoire,CIV,2015,"People using safely managed drinking water services, rural (% of rural population)",SH.H2O.SMDW.RU.ZS,24.2577046315277
Cote d'Ivoire,CIV,2014,"People using safely managed drinking water services, rural (% of rural population)",SH.H2O.SMDW.RU.ZS,23.5038072870568
Cote d'Ivoire,CIV,2013,"People using safely managed drinking water services, rural (% of rural population)",SH.H2O.SMDW.RU.ZS,22.7524041465082
Cote d'Ivoire,CIV,2012,"People using safely managed drinking water services, rural (% of rural population)",SH.H2O.SMDW.RU.ZS,20.0044576293417
Cote d'Ivoire,CIV,2011,"People using safely managed drinking water services, rural (% of rural population)",SH.H2O.SMDW.RU.ZS,14.8366680143524
Cote d'Ivoire,CIV,2010,"People using safely managed drinking water services, rural (% of rural population)",SH.H2O.SMDW.RU.ZS,14.8105233202669
Cote d'Ivoire,CIV,2009,"People using safely managed drinking water services, rural (% of rural population)",SH.H2O.SMDW.RU.ZS,14.7843786261814
Cote d'Ivoire,CIV,2008,"People using safely managed drinking water services, rural (% of rural population)",SH.H2O.SMDW.RU.ZS,14.7582339320958
Cote d'Ivoire,CIV,2007,"People using safely managed drinking water services, rural (% of rural population)",SH.H2O.SMDW.RU.ZS,14.7320892380103
Cote d'Ivoire,CIV,2006,"People using safely managed drinking water services, rural (% of rural population)",SH.H2O.SMDW.RU.ZS,14.7059445439248
Cote d'Ivoire,CIV,2005,"People using safely managed drinking water services, rural (% of rural population)",SH.H2O.SMDW.RU.ZS,14.6797998498393
Cote d'Ivoire,CIV,2004,"People using safely managed drinking water services, rural (% of rural population)",SH.H2O.SMDW.RU.ZS,14.6536551557538
Cote d'Ivoire,CIV,2003,"People using safely managed drinking water services, rural (% of rural population)",SH.H2O.SMDW.RU.ZS,14.6275104616682
Cote d'Ivoire,CIV,2002,"People using safely managed drinking water services, rural (% of rural population)",SH.H2O.SMDW.RU.ZS,14.6013657675827
Cote d'Ivoire,CIV,2001,"People using safely managed drinking water services, rural (% of rural population)",SH.H2O.SMDW.RU.ZS,13.9301143658678
Cote d'Ivoire,CIV,2000,"People using safely managed drinking water services, rural (% of rural population)",SH.H2O.SMDW.RU.ZS,13.2111358763095
Cote d'Ivoire,CIV,2022,"People using safely managed drinking water services, urban (% of urban population)",SH.H2O.SMDW.UR.ZS,58.7748696767648
Cote d'Ivoire,CIV,2021,"People using safely managed drinking water services, urban (% of urban population)",SH.H2O.SMDW.UR.ZS,58.8670902691903
Cote d'Ivoire,CIV,2020,"People using safely managed drinking water services, urban (% of urban population)",SH.H2O.SMDW.UR.ZS,58.9593108616158
Cote d'Ivoire,CIV,2019,"People using safely managed drinking water services, urban (% of urban population)",SH.H2O.SMDW.UR.ZS,56.3852299273095
Cote d'Ivoire,CIV,2018,"People using safely managed drinking water services, urban (% of urban population)",SH.H2O.SMDW.UR.ZS,53.8028210834529
Cote d'Ivoire,CIV,2017,"People using safely managed drinking water services, urban (% of urban population)",SH.H2O.SMDW.UR.ZS,51.212084330046
Cote d'Ivoire,CIV,2016,"People using safely managed drinking water services, urban (% of urban population)",SH.H2O.SMDW.UR.ZS,48.6130196670886
Cote d'Ivoire,CIV,2015,"People using safely managed drinking water services, urban (% of urban population)",SH.H2O.SMDW.UR.ZS,46.0056270945809
Cote d'Ivoire,CIV,2014,"People using safely managed drinking water services, urban (% of urban population)",SH.H2O.SMDW.UR.ZS,43.3899066125229
Cote d'Ivoire,CIV,2013,"People using safely managed drinking water services, urban (% of urban population)",SH.H2O.SMDW.UR.ZS,40.7658582209144
Cote d'Ivoire,CIV,2012,"People using safely managed drinking water services, urban (% of urban population)",SH.H2O.SMDW.UR.ZS,38.1334819197556
Cote d'Ivoire,CIV,2011,"People using safely managed drinking water services, urban (% of urban population)",SH.H2O.SMDW.UR.ZS,35.4927777090464
Cote d'Ivoire,CIV,2010,"People using safely managed drinking water services, urban (% of urban population)",SH.H2O.SMDW.UR.ZS,35.5475227084952
Cote d'Ivoire,CIV,2009,"People using safely managed drinking water services, urban (% of urban population)",SH.H2O.SMDW.UR.ZS,35.602267707944
Cote d'Ivoire,CIV,2008,"People using safely managed drinking water services, urban (% of urban population)",SH.H2O.SMDW.UR.ZS,35.6570127073928
Cote d'Ivoire,CIV,2007,"People using safely managed drinking water services, urban (% of urban population)",SH.H2O.SMDW.UR.ZS,35.7117577068416
Cote d'Ivoire,CIV,2006,"People using safely managed drinking water services, urban (% of urban population)",SH.H2O.SMDW.UR.ZS,35.7665027062903
Cote d'Ivoire,CIV,2005,"People using safely managed drinking water services, urban (% of urban population)",SH.H2O.SMDW.UR.ZS,35.8212477057391
Cote d'Ivoire,CIV,2004,"People using safely managed drinking water services, urban (% of urban population)",SH.H2O.SMDW.UR.ZS,35.8759927051879
Cote d'Ivoire,CIV,2003,"People using safely managed drinking water services, urban (% of urban population)",SH.H2O.SMDW.UR.ZS,35.9307377046367
Cote d'Ivoire,CIV,2002,"People using safely managed drinking water services, urban (% of urban population)",SH.H2O.SMDW.UR.ZS,35.9854827040855
Cote d'Ivoire,CIV,2001,"People using safely managed drinking water services, urban (% of urban population)",SH.H2O.SMDW.UR.ZS,36.0402277035343
Cote d'Ivoire,CIV,2000,"People using safely managed drinking water services, urban (% of urban population)",SH.H2O.SMDW.UR.ZS,36.0949727029831
Cote d'Ivoire,CIV,2022,People using safely managed drinking water services (% of population),SH.H2O.SMDW.ZS,43.8921552555398
Cote d'Ivoire,CIV,2021,People using safely managed drinking water services (% of population),SH.H2O.SMDW.ZS,43.7664578960464
Cote d'Ivoire,CIV,2020,People using safely managed drinking water services (% of population),SH.H2O.SMDW.ZS,43.6416406173766
Cote d'Ivoire,CIV,2019,People using safely managed drinking water services (% of population),SH.H2O.SMDW.ZS,42.1515450758296
Cote d'Ivoire,CIV,2018,People using safely managed drinking water services (% of population),SH.H2O.SMDW.ZS,40.3810137249807
Cote d'Ivoire,CIV,2017,People using safely managed drinking water services (% of population),SH.H2O.SMDW.ZS,38.5754643830321
Cote d'Ivoire,CIV,2016,People using safely managed drinking water services (% of population),SH.H2O.SMDW.ZS,36.7854755505636
Cote d'Ivoire,CIV,2015,People using safely managed drinking water services (% of population),SH.H2O.SMDW.ZS,35.0107478443883
Cote d'Ivoire,CIV,2014,People using safely managed drinking water services (% of population),SH.H2O.SMDW.ZS,33.2507794211575
Cote d'Ivoire,CIV,2013,People using safely managed drinking water services (% of population),SH.H2O.SMDW.ZS,31.5056813067325
Cote d'Ivoire,CIV,2012,People using safely managed drinking water services (% of population),SH.H2O.SMDW.ZS,28.7375709803376
Cote d'Ivoire,CIV,2011,People using safely managed drinking water services (% of population),SH.H2O.SMDW.ZS,24.700166779064
Cote d'Ivoire,CIV,2010,People using safely managed drinking water services (% of population),SH.H2O.SMDW.ZS,24.6253454515468
Cote d'Ivoire,CIV,2009,People using safely managed drinking water services (% of population),SH.H2O.SMDW.ZS,24.5500512161242
Cote d'Ivoire,CIV,2008,People using safely managed drinking water services (% of population),SH.H2O.SMDW.ZS,24.4742852236951
Cote d'Ivoire,CIV,2007,People using safely managed drinking water services (% of population),SH.H2O.SMDW.ZS,24.3976310262985
Cote d'Ivoire,CIV,2006,People using safely managed drinking water services (% of population),SH.H2O.SMDW.ZS,24.3205097542301
Cote d'Ivoire,CIV,2005,People using safely managed drinking water services (% of population),SH.H2O.SMDW.ZS,24.2429225324484
Cote d'Ivoire,CIV,2004,People using safely managed drinking water services (% of population),SH.H2O.SMDW.ZS,24.164870833197
Cote d'Ivoire,CIV,2003,People using safely managed drinking water services (% of population),SH.H2O.SMDW.ZS,24.0859299166158
Cote d'Ivoire,CIV,2002,People using safely managed drinking water services (% of population),SH.H2O.SMDW.ZS,24.0067422283943
Cote d'Ivoire,CIV,2001,People using safely managed drinking water services (% of population),SH.H2O.SMDW.ZS,23.563048593215
Cote d'Ivoire,CIV,2000,People using safely managed drinking water services (% of population),SH.H2O.SMDW.ZS,23.086655423663
Cote d'Ivoire,CIV,2019,"Mortality rate attributed to household and ambient air pollution, age-standardized (per 100,000 population)",SH.STA.AIRP.P5,186.5
Cote d'Ivoire,CIV,2022,"People using at least basic sanitation services, rural (% of rural population)",SH.STA.BASS.RU.ZS,21.6975777453932
Cote d'Ivoire,CIV,2021,"People using at least basic sanitation services, rural (% of rural population)",SH.STA.BASS.RU.ZS,21.1134434593476
Cote d'Ivoire,CIV,2020,"People using at least basic sanitation services, rural (% of rural population)",SH.STA.BASS.RU.ZS,20.5293091733023
Cote d'Ivoire,CIV,2019,"People using at least basic sanitation services, rural (% of rural population)",SH.STA.BASS.RU.ZS,19.7299464318575
Cote d'Ivoire,CIV,2018,"People using at least basic sanitation services, rural (% of rural population)",SH.STA.BASS.RU.ZS,18.9431904808612
Cote d'Ivoire,CIV,2017,"People using at least basic sanitation services, rural (% of rural population)",SH.STA.BASS.RU.ZS,18.1690413203135
Cote d'Ivoire,CIV,2016,"People using at least basic sanitation services, rural (% of rural population)",SH.STA.BASS.RU.ZS,17.4074989502144
Cote d'Ivoire,CIV,2015,"People using at least basic sanitation services, rural (% of rural population)",SH.STA.BASS.RU.ZS,16.6585633705637
Cote d'Ivoire,CIV,2014,"People using at least basic sanitation services, rural (% of rural population)",SH.STA.BASS.RU.ZS,15.9222345813615
Cote d'Ivoire,CIV,2013,"People using at least basic sanitation services, rural (% of rural population)",SH.STA.BASS.RU.ZS,15.1985125826078
Cote d'Ivoire,CIV,2012,"People using at least basic sanitation services, rural (% of rural population)",SH.STA.BASS.RU.ZS,14.4873973743026
Cote d'Ivoire,CIV,2011,"People using at least basic sanitation services, rural (% of rural population)",SH.STA.BASS.RU.ZS,13.7888889564461
Cote d'Ivoire,CIV,2010,"People using at least basic sanitation services, rural (% of rural population)",SH.STA.BASS.RU.ZS,13.102987329038
Cote d'Ivoire,CIV,2009,"People using at least basic sanitation services, rural (% of rural population)",SH.STA.BASS.RU.ZS,12.4296924920783
Cote d'Ivoire,CIV,2008,"People using at least basic sanitation services, rural (% of rural population)",SH.STA.BASS.RU.ZS,11.7690044455672
Cote d'Ivoire,CIV,2007,"People using at least basic sanitation services, rural (% of rural population)",SH.STA.BASS.RU.ZS,11.1209231895047
Cote d'Ivoire,CIV,2006,"People using at least basic sanitation services, rural (% of rural population)",SH.STA.BASS.RU.ZS,10.4854487238907
Cote d'Ivoire,CIV,2005,"People using at least basic sanitation services, rural (% of rural population)",SH.STA.BASS.RU.ZS,9.86258104872507
Cote d'Ivoire,CIV,2004,"People using at least basic sanitation services, rural (% of rural population)",SH.STA.BASS.RU.ZS,9.252320164008
Cote d'Ivoire,CIV,2003,"People using at least basic sanitation services, rural (% of rural population)",SH.STA.BASS.RU.ZS,8.76904020155076
Cote d'Ivoire,CIV,2002,"People using at least basic sanitation services, rural (% of rural population)",SH.STA.BASS.RU.ZS,8.28576023909332
Cote d'Ivoire,CIV,2001,"People using at least basic sanitation services, rural (% of rural population)",SH.STA.BASS.RU.ZS,7.80248027663589
Cote d'Ivoire,CIV,2000,"People using at least basic sanitation services, rural (% of rural population)",SH.STA.BASS.RU.ZS,7.31920031417845
Cote d'Ivoire,CIV,2022,"People using at least basic sanitation services, urban (% of urban population)",SH.STA.BASS.UR.ZS,50.6839361029383
Cote d'Ivoire,CIV,2021,"People using at least basic sanitation services, urban (% of urban population)",SH.STA.BASS.UR.ZS,50.2004412649299
Cote d'Ivoire,CIV,2020,"People using at least basic sanitation services, urban (% of urban population)",SH.STA.BASS.UR.ZS,49.7169464269214
Cote d'Ivoire,CIV,2019,"People using at least basic sanitation services, urban (% of urban population)",SH.STA.BASS.UR.ZS,49.0982413773816
Cote d'Ivoire,CIV,2018,"People using at least basic sanitation services, urban (% of urban population)",SH.STA.BASS.UR.ZS,48.48219197912
Cote d'Ivoire,CIV,2017,"People using at least basic sanitation services, urban (% of urban population)",SH.STA.BASS.UR.ZS,47.8687982321365
Cote d'Ivoire,CIV,2016,"People using at least basic sanitation services, urban (% of urban population)",SH.STA.BASS.UR.ZS,47.2580601364313
Cote d'Ivoire,CIV,2015,"People using at least basic sanitation services, urban (% of urban population)",SH.STA.BASS.UR.ZS,46.6499776920043
Cote d'Ivoire,CIV,2014,"People using at least basic sanitation services, urban (% of urban population)",SH.STA.BASS.UR.ZS,46.0445508988556
Cote d'Ivoire,CIV,2013,"People using at least basic sanitation services, urban (% of urban population)",SH.STA.BASS.UR.ZS,45.441779756985
Cote d'Ivoire,CIV,2012,"People using at least basic sanitation services, urban (% of urban population)",SH.STA.BASS.UR.ZS,44.8416642663926
Cote d'Ivoire,CIV,2011,"People using at least basic sanitation services, urban (% of urban population)",SH.STA.BASS.UR.ZS,44.2442044270785
Cote d'Ivoire,CIV,2010,"People using at least basic sanitation services, urban (% of urban population)",SH.STA.BASS.UR.ZS,43.6494002390425
Cote d'Ivoire,CIV,2009,"People using at least basic sanitation services, urban (% of urban population)",SH.STA.BASS.UR.ZS,43.0572517022849
Cote d'Ivoire,CIV,2008,"People using at least basic sanitation services, urban (% of urban population)",SH.STA.BASS.UR.ZS,42.4677588168053
Cote d'Ivoire,CIV,2007,"People using at least basic sanitation services, urban (% of urban population)",SH.STA.BASS.UR.ZS,41.8809215826041
Cote d'Ivoire,CIV,2006,"People using at least basic sanitation services, urban (% of urban population)",SH.STA.BASS.UR.ZS,41.296739999681
Cote d'Ivoire,CIV,2005,"People using at least basic sanitation services, urban (% of urban population)",SH.STA.BASS.UR.ZS,40.715214068036
Cote d'Ivoire,CIV,2004,"People using at least basic sanitation services, urban (% of urban population)",SH.STA.BASS.UR.ZS,40.1363437876694
Cote d'Ivoire,CIV,2003,"People using at least basic sanitation services, urban (% of urban population)",SH.STA.BASS.UR.ZS,39.6740941598867
Cote d'Ivoire,CIV,2002,"People using at least basic sanitation services, urban (% of urban population)",SH.STA.BASS.UR.ZS,39.2118445321041
Cote d'Ivoire,CIV,2001,"People using at least basic sanitation services, urban (% of urban population)",SH.STA.BASS.UR.ZS,38.7495949043214
Cote d'Ivoire,CIV,2000,"People using at least basic sanitation services, urban (% of urban population)",SH.STA.BASS.UR.ZS,38.2873452765387
Cote d'Ivoire,CIV,2022,People using at least basic sanitation services (% of population),SH.STA.BASS.ZS,36.9620839390068
Cote d'Ivoire,CIV,2021,People using at least basic sanitation services (% of population),SH.STA.BASS.ZS,36.2910379646523
Cote d'Ivoire,CIV,2020,People using at least basic sanitation services (% of population),SH.STA.BASS.ZS,35.6210684573158
Cote d'Ivoire,CIV,2019,People using at least basic sanitation services (% of population),SH.STA.BASS.ZS,34.7779674572536
Cote d'Ivoire,CIV,2018,People using at least basic sanitation services (% of population),SH.STA.BASS.ZS,33.9428009638578
Cote d'Ivoire,CIV,2017,People using at least basic sanitation services (% of population),SH.STA.BASS.ZS,33.115740904564
Cote d'Ivoire,CIV,2016,People using at least basic sanitation services (% of population),SH.STA.BASS.ZS,32.2972577718512
Cote d'Ivoire,CIV,2015,People using at least basic sanitation services (% of population),SH.STA.BASS.ZS,31.4875187108368
Cote d'Ivoire,CIV,2014,People using at least basic sanitation services (% of population),SH.STA.BASS.ZS,30.6863860760485
Cote d'Ivoire,CIV,2013,People using at least basic sanitation services (% of population),SH.STA.BASS.ZS,29.894622861839
Cote d'Ivoire,CIV,2012,People using at least basic sanitation services (% of population),SH.STA.BASS.ZS,29.1096545103652
Cote d'Ivoire,CIV,2011,People using at least basic sanitation services (% of population),SH.STA.BASS.ZS,28.3316063644831
Cote d'Ivoire,CIV,2010,People using at least basic sanitation services (% of population),SH.STA.BASS.ZS,27.5606050351637
Cote d'Ivoire,CIV,2009,People using at least basic sanitation services (% of population),SH.STA.BASS.ZS,26.7970814130263
Cote d'Ivoire,CIV,2008,People using at least basic sanitation services (% of population),SH.STA.BASS.ZS,26.0411623083941
Cote d'Ivoire,CIV,2007,People using at least basic sanitation services (% of population),SH.STA.BASS.ZS,25.2923605973269
Cote d'Ivoire,CIV,2006,People using at least basic sanitation services (% of population),SH.STA.BASS.ZS,24.5514184482042
Cote d'Ivoire,CIV,2005,People using at least basic sanitation services (% of population),SH.STA.BASS.ZS,23.818461396621
Cote d'Ivoire,CIV,2004,People using at least basic sanitation services (% of population),SH.STA.BASS.ZS,23.0936137803389
Cote d'Ivoire,CIV,2003,People using at least basic sanitation services (% of population),SH.STA.BASS.ZS,22.4905747331287
Cote d'Ivoire,CIV,2002,People using at least basic sanitation services (% of population),SH.STA.BASS.ZS,21.8879803598737
Cote d'Ivoire,CIV,2001,People using at least basic sanitation services (% of population),SH.STA.BASS.ZS,21.2855190678722
Cote d'Ivoire,CIV,2000,People using at least basic sanitation services (% of population),SH.STA.BASS.ZS,20.683503003502
Cote d'Ivoire,CIV,2022,"People with basic handwashing facilities including soap and water, rural (% of rural population)",SH.STA.HYGN.RU.ZS,11.1403245687483
Cote d'Ivoire,CIV,2021,"People with basic handwashing facilities including soap and water, rural (% of rural population)",SH.STA.HYGN.RU.ZS,11.1403245687483
Cote d'Ivoire,CIV,2020,"People with basic handwashing facilities including soap and water, rural (% of rural population)",SH.STA.HYGN.RU.ZS,11.1403245687483
Cote d'Ivoire,CIV,2019,"People with basic handwashing facilities including soap and water, rural (% of rural population)",SH.STA.HYGN.RU.ZS,10.7171575661883
Cote d'Ivoire,CIV,2018,"People with basic handwashing facilities including soap and water, rural (% of rural population)",SH.STA.HYGN.RU.ZS,10.2939905636284
Cote d'Ivoire,CIV,2017,"People with basic handwashing facilities including soap and water, rural (% of rural population)",SH.STA.HYGN.RU.ZS,9.87082356106851
Cote d'Ivoire,CIV,2016,"People with basic handwashing facilities including soap and water, rural (% of rural population)",SH.STA.HYGN.RU.ZS,9.44765655850858
Cote d'Ivoire,CIV,2015,"People with basic handwashing facilities including soap and water, rural (% of rural population)",SH.STA.HYGN.RU.ZS,9.02448955594866
Cote d'Ivoire,CIV,2014,"People with basic handwashing facilities including soap and water, rural (% of rural population)",SH.STA.HYGN.RU.ZS,8.60132255338874
Cote d'Ivoire,CIV,2013,"People with basic handwashing facilities including soap and water, rural (% of rural population)",SH.STA.HYGN.RU.ZS,8.17815555082882
Cote d'Ivoire,CIV,2012,"People with basic handwashing facilities including soap and water, rural (% of rural population)",SH.STA.HYGN.RU.ZS,7.7549885482689
Cote d'Ivoire,CIV,2011,"People with basic handwashing facilities including soap and water, rural (% of rural population)",SH.STA.HYGN.RU.ZS,7.33182154570898
Cote d'Ivoire,CIV,2010,"People with basic handwashing facilities including soap and water, rural (% of rural population)",SH.STA.HYGN.RU.ZS,6.90865454314905
Cote d'Ivoire,CIV,2009,"People with basic handwashing facilities including soap and water, rural (% of rural population)",SH.STA.HYGN.RU.ZS,6.90865454314905
Cote d'Ivoire,CIV,2008,"People with basic handwashing facilities including soap and water, rural (% of rural population)",SH.STA.HYGN.RU.ZS,6.90865454314905
Cote d'Ivoire,CIV,2007,"People with basic handwashing facilities including soap and water, rural (% of rural population)",SH.STA.HYGN.RU.ZS,6.90865454314905
Cote d'Ivoire,CIV,2006,"People with basic handwashing facilities including soap and water, rural (% of rural population)",SH.STA.HYGN.RU.ZS,6.90865454314905
Cote d'Ivoire,CIV,2022,"People with basic handwashing facilities including soap and water, urban (% of urban population)",SH.STA.HYGN.UR.ZS,31.4107989889978
Cote d'Ivoire,CIV,2021,"People with basic handwashing facilities including soap and water, urban (% of urban population)",SH.STA.HYGN.UR.ZS,31.4107989889978
Cote d'Ivoire,CIV,2020,"People with basic handwashing facilities including soap and water, urban (% of urban population)",SH.STA.HYGN.UR.ZS,31.4107989889978
Cote d'Ivoire,CIV,2019,"People with basic handwashing facilities including soap and water, urban (% of urban population)",SH.STA.HYGN.UR.ZS,30.6830524352422
Cote d'Ivoire,CIV,2018,"People with basic handwashing facilities including soap and water, urban (% of urban population)",SH.STA.HYGN.UR.ZS,29.9553058814868
Cote d'Ivoire,CIV,2017,"People with basic handwashing facilities including soap and water, urban (% of urban population)",SH.STA.HYGN.UR.ZS,29.2275593277311
Cote d'Ivoire,CIV,2016,"People with basic handwashing facilities including soap and water, urban (% of urban population)",SH.STA.HYGN.UR.ZS,28.4998127739755
Cote d'Ivoire,CIV,2015,"People with basic handwashing facilities including soap and water, urban (% of urban population)",SH.STA.HYGN.UR.ZS,27.7720662202198
Cote d'Ivoire,CIV,2014,"People with basic handwashing facilities including soap and water, urban (% of urban population)",SH.STA.HYGN.UR.ZS,27.0443196664642
Cote d'Ivoire,CIV,2013,"People with basic handwashing facilities including soap and water, urban (% of urban population)",SH.STA.HYGN.UR.ZS,26.3165731127085
Cote d'Ivoire,CIV,2012,"People with basic handwashing facilities including soap and water, urban (% of urban population)",SH.STA.HYGN.UR.ZS,25.5888265589529
Cote d'Ivoire,CIV,2011,"People with basic handwashing facilities including soap and water, urban (% of urban population)",SH.STA.HYGN.UR.ZS,24.8610800051972
Cote d'Ivoire,CIV,2010,"People with basic handwashing facilities including soap and water, urban (% of urban population)",SH.STA.HYGN.UR.ZS,24.1333334514416
Cote d'Ivoire,CIV,2009,"People with basic handwashing facilities including soap and water, urban (% of urban population)",SH.STA.HYGN.UR.ZS,24.1333334514416
Cote d'Ivoire,CIV,2008,"People with basic handwashing facilities including soap and water, urban (% of urban population)",SH.STA.HYGN.UR.ZS,24.1333334514416
Cote d'Ivoire,CIV,2007,"People with basic handwashing facilities including soap and water, urban (% of urban population)",SH.STA.HYGN.UR.ZS,24.1333334514416
Cote d'Ivoire,CIV,2006,"People with basic handwashing facilities including soap and water, urban (% of urban population)",SH.STA.HYGN.UR.ZS,24.1333334514416
Cote d'Ivoire,CIV,2022,People with basic handwashing facilities including soap and water (% of population),SH.STA.HYGN.ZS,21.8149591175645
Cote d'Ivoire,CIV,2021,People with basic handwashing facilities including soap and water (% of population),SH.STA.HYGN.ZS,21.717457456385
Cote d'Ivoire,CIV,2020,People with basic handwashing facilities including soap and water (% of population),SH.STA.HYGN.ZS,21.6213757662953
Cote d'Ivoire,CIV,2019,People with basic handwashing facilities including soap and water (% of population),SH.STA.HYGN.ZS,20.9474827178564
Cote d'Ivoire,CIV,2018,People with basic handwashing facilities including soap and water (% of population),SH.STA.HYGN.ZS,20.2778104505103
Cote d'Ivoire,CIV,2017,People with basic handwashing facilities including soap and water (% of population),SH.STA.HYGN.ZS,19.6122943811278
Cote d'Ivoire,CIV,2016,People with basic handwashing facilities including soap and water (% of population),SH.STA.HYGN.ZS,18.9510628484818
Cote d'Ivoire,CIV,2015,People with basic handwashing facilities including soap and water (% of population),SH.STA.HYGN.ZS,18.2940416264475
Cote d'Ivoire,CIV,2014,People with basic handwashing facilities including soap and water (% of population),SH.STA.HYGN.ZS,17.6409727912114
Cote d'Ivoire,CIV,2013,People with basic handwashing facilities including soap and water (% of population),SH.STA.HYGN.ZS,16.9921564911148
Cote d'Ivoire,CIV,2012,People with basic handwashing facilities including soap and water (% of population),SH.STA.HYGN.ZS,16.3459048148957
Cote d'Ivoire,CIV,2011,People with basic handwashing facilities including soap and water (% of population),SH.STA.HYGN.ZS,15.7022175884365
Cote d'Ivoire,CIV,2010,People with basic handwashing facilities including soap and water (% of population),SH.STA.HYGN.ZS,15.0610953389298
Cote d'Ivoire,CIV,2009,People with basic handwashing facilities including soap and water (% of population),SH.STA.HYGN.ZS,14.9887519198698
Cote d'Ivoire,CIV,2008,People with basic handwashing facilities including soap and water (% of population),SH.STA.HYGN.ZS,14.9165799997996
Cote d'Ivoire,CIV,2007,People with basic handwashing facilities including soap and water (% of population),SH.STA.HYGN.ZS,14.8442355231319
Cote d'Ivoire,CIV,2006,People with basic handwashing facilities including soap and water (% of population),SH.STA.HYGN.ZS,14.7720643973061
Cote d'Ivoire,CIV,2022,"People practicing open defecation, rural (% of rural population)",SH.STA.ODFC.RU.ZS,37.5658668701922
Cote d'Ivoire,CIV,2021,"People practicing open defecation, rural (% of rural population)",SH.STA.ODFC.RU.ZS,38.5822933695908
Cote d'Ivoire,CIV,2020,"People practicing open defecation, rural (% of rural population)",SH.STA.ODFC.RU.ZS,39.5987198689895
Cote d'Ivoire,CIV,2019,"People practicing open defecation, rural (% of rural population)",SH.STA.ODFC.RU.ZS,40.6151463683887
Cote d'Ivoire,CIV,2018,"People practicing open defecation, rural (% of rural population)",SH.STA.ODFC.RU.ZS,41.6315728677873
Cote d'Ivoire,CIV,2017,"People practicing open defecation, rural (% of rural population)",SH.STA.ODFC.RU.ZS,42.647999367186
Cote d'Ivoire,CIV,2016,"People practicing open defecation, rural (% of rural population)",SH.STA.ODFC.RU.ZS,43.6644258665847
Cote d'Ivoire,CIV,2015,"People practicing open defecation, rural (% of rural population)",SH.STA.ODFC.RU.ZS,44.6808523659838
Cote d'Ivoire,CIV,2014,"People practicing open defecation, rural (% of rural population)",SH.STA.ODFC.RU.ZS,45.6972788653825
Cote d'Ivoire,CIV,2013,"People practicing open defecation, rural (% of rural population)",SH.STA.ODFC.RU.ZS,46.7137053647812
Cote d'Ivoire,CIV,2012,"People practicing open defecation, rural (% of rural population)",SH.STA.ODFC.RU.ZS,47.7301318641801
Cote d'Ivoire,CIV,2011,"People practicing open defecation, rural (% of rural population)",SH.STA.ODFC.RU.ZS,48.7465583635787
Cote d'Ivoire,CIV,2010,"People practicing open defecation, rural (% of rural population)",SH.STA.ODFC.RU.ZS,49.7629848629774
Cote d'Ivoire,CIV,2009,"People practicing open defecation, rural (% of rural population)",SH.STA.ODFC.RU.ZS,50.7794113623763
Cote d'Ivoire,CIV,2008,"People practicing open defecation, rural (% of rural population)",SH.STA.ODFC.RU.ZS,51.795837861775
Cote d'Ivoire,CIV,2007,"People practicing open defecation, rural (% of rural population)",SH.STA.ODFC.RU.ZS,52.8122643611739
Cote d'Ivoire,CIV,2006,"People practicing open defecation, rural (% of rural population)",SH.STA.ODFC.RU.ZS,53.8286908605726
Cote d'Ivoire,CIV,2005,"People practicing open defecation, rural (% of rural population)",SH.STA.ODFC.RU.ZS,54.8451173599715
Cote d'Ivoire,CIV,2004,"People practicing open defecation, rural (% of rural population)",SH.STA.ODFC.RU.ZS,55.8615438593702
Cote d'Ivoire,CIV,2003,"People practicing open defecation, rural (% of rural population)",SH.STA.ODFC.RU.ZS,56.8779703587691
Cote d'Ivoire,CIV,2002,"People practicing open defecation, rural (% of rural population)",SH.STA.ODFC.RU.ZS,57.8943968581677
Cote d'Ivoire,CIV,2001,"People practicing open defecation, rural (% of rural population)",SH.STA.ODFC.RU.ZS,58.9108233575666
Cote d'Ivoire,CIV,2000,"People practicing open defecation, rural (% of rural population)",SH.STA.ODFC.RU.ZS,59.9272498569653
Cote d'Ivoire,CIV,2022,"People practicing open defecation, urban (% of urban population)",SH.STA.ODFC.UR.ZS,6.49524045027912
Cote d'Ivoire,CIV,2021,"People practicing open defecation, urban (% of urban population)",SH.STA.ODFC.UR.ZS,6.47615033395306
Cote d'Ivoire,CIV,2020,"People practicing open defecation, urban (% of urban population)",SH.STA.ODFC.UR.ZS,6.45706021762699
Cote d'Ivoire,CIV,2019,"People practicing open defecation, urban (% of urban population)",SH.STA.ODFC.UR.ZS,6.43797010130093
Cote d'Ivoire,CIV,2018,"People practicing open defecation, urban (% of urban population)",SH.STA.ODFC.UR.ZS,6.41887998497486
Cote d'Ivoire,CIV,2017,"People practicing open defecation, urban (% of urban population)",SH.STA.ODFC.UR.ZS,6.3997898686488
Cote d'Ivoire,CIV,2016,"People practicing open defecation, urban (% of urban population)",SH.STA.ODFC.UR.ZS,6.38069975232274
Cote d'Ivoire,CIV,2015,"People practicing open defecation, urban (% of urban population)",SH.STA.ODFC.UR.ZS,6.36160963599667
Cote d'Ivoire,CIV,2014,"People practicing open defecation, urban (% of urban population)",SH.STA.ODFC.UR.ZS,6.34251951967061
Cote d'Ivoire,CIV,2013,"People practicing open defecation, urban (% of urban population)",SH.STA.ODFC.UR.ZS,6.32342940334455
Cote d'Ivoire,CIV,2012,"People practicing open defecation, urban (% of urban population)",SH.STA.ODFC.UR.ZS,6.30433928701849
Cote d'Ivoire,CIV,2011,"People practicing open defecation, urban (% of urban population)",SH.STA.ODFC.UR.ZS,6.28524917069242
Cote d'Ivoire,CIV,2010,"People practicing open defecation, urban (% of urban population)",SH.STA.ODFC.UR.ZS,6.26615905436636
Cote d'Ivoire,CIV,2009,"People practicing open defecation, urban (% of urban population)",SH.STA.ODFC.UR.ZS,6.24706893804029
Cote d'Ivoire,CIV,2008,"People practicing open defecation, urban (% of urban population)",SH.STA.ODFC.UR.ZS,6.22797882171423
Cote d'Ivoire,CIV,2007,"People practicing open defecation, urban (% of urban population)",SH.STA.ODFC.UR.ZS,6.20888870538817
Cote d'Ivoire,CIV,2006,"People practicing open defecation, urban (% of urban population)",SH.STA.ODFC.UR.ZS,6.18979858906211
Cote d'Ivoire,CIV,2005,"People practicing open defecation, urban (% of urban population)",SH.STA.ODFC.UR.ZS,6.17070847273604
Cote d'Ivoire,CIV,2004,"People practicing open defecation, urban (% of urban population)",SH.STA.ODFC.UR.ZS,6.15161835640998
Cote d'Ivoire,CIV,2003,"People practicing open defecation, urban (% of urban population)",SH.STA.ODFC.UR.ZS,6.13252824008391
Cote d'Ivoire,CIV,2002,"People practicing open defecation, urban (% of urban population)",SH.STA.ODFC.UR.ZS,6.11343812375785
Cote d'Ivoire,CIV,2001,"People practicing open defecation, urban (% of urban population)",SH.STA.ODFC.UR.ZS,6.09434800743178
Cote d'Ivoire,CIV,2000,"People practicing open defecation, urban (% of urban population)",SH.STA.ODFC.UR.ZS,6.07525789110572
Cote d'Ivoire,CIV,2022,People practicing open defecation (% of population),SH.STA.ODFC.ZS,21.2037642540185
Cote d'Ivoire,CIV,2021,People practicing open defecation (% of population),SH.STA.ODFC.ZS,21.8293090346005
Cote d'Ivoire,CIV,2020,People practicing open defecation (% of population),SH.STA.ODFC.ZS,22.462493914492
Cote d'Ivoire,CIV,2019,People practicing open defecation (% of population),SH.STA.ODFC.ZS,23.1031020488252
Cote d'Ivoire,CIV,2018,People practicing open defecation (% of population),SH.STA.ODFC.ZS,23.7509191698201
Cote d'Ivoire,CIV,2017,People practicing open defecation (% of population),SH.STA.ODFC.ZS,24.4057245733129
Cote d'Ivoire,CIV,2016,People practicing open defecation (% of population),SH.STA.ODFC.ZS,25.0669301384266
Cote d'Ivoire,CIV,2015,People practicing open defecation (% of population),SH.STA.ODFC.ZS,25.7342860140087
Cote d'Ivoire,CIV,2014,People practicing open defecation (% of population),SH.STA.ODFC.ZS,26.4079370327557
Cote d'Ivoire,CIV,2013,People practicing open defecation (% of population),SH.STA.ODFC.ZS,27.0868580282489
Cote d'Ivoire,CIV,2012,People practicing open defecation (% of population),SH.STA.ODFC.ZS,27.7744992250609
Cote d'Ivoire,CIV,2011,People practicing open defecation (% of population),SH.STA.ODFC.ZS,28.4708592015476
Cote d'Ivoire,CIV,2010,People practicing open defecation (% of population),SH.STA.ODFC.ZS,29.1759365049034
Cote d'Ivoire,CIV,2009,People practicing open defecation (% of population),SH.STA.ODFC.ZS,29.8892905443829
Cote d'Ivoire,CIV,2008,People practicing open defecation (% of population),SH.STA.ODFC.ZS,30.6108853112598
Cote d'Ivoire,CIV,2007,People practicing open defecation (% of population),SH.STA.ODFC.ZS,31.341622616291
Cote d'Ivoire,CIV,2006,People practicing open defecation (% of population),SH.STA.ODFC.ZS,32.0805839609968
Cote d'Ivoire,CIV,2005,People practicing open defecation (% of population),SH.STA.ODFC.ZS,32.8277341466507
Cote d'Ivoire,CIV,2004,People practicing open defecation (% of population),SH.STA.ODFC.ZS,33.5830465633579
Cote d'Ivoire,CIV,2003,People practicing open defecation (% of population),SH.STA.ODFC.ZS,34.3475008840115
Cote d'Ivoire,CIV,2002,People practicing open defecation (% of population),SH.STA.ODFC.ZS,35.1195768864859
Cote d'Ivoire,CIV,2001,People practicing open defecation (% of population),SH.STA.ODFC.ZS,35.8997426604576
Cote d'Ivoire,CIV,2000,People practicing open defecation (% of population),SH.STA.ODFC.ZS,36.6874228543201
Cote d'Ivoire,CIV,2021,"Mortality rate attributed to unintentional poisoning (per 100,000 population)",SH.STA.POIS.P5,0.97
Cote d'Ivoire,CIV,2020,"Mortality rate attributed to unintentional poisoning (per 100,000 population)",SH.STA.POIS.P5,0.97
Cote d'Ivoire,CIV,2019,"Mortality rate attributed to unintentional poisoning (per 100,000 population)",SH.STA.POIS.P5,1.03
Cote d'Ivoire,CIV,2018,"Mortality rate attributed to unintentional poisoning (per 100,000 population)",SH.STA.POIS.P5,1.05
Cote d'Ivoire,CIV,2017,"Mortality rate attributed to unintentional poisoning (per 100,000 population)",SH.STA.POIS.P5,1.04
Cote d'Ivoire,CIV,2016,"Mortality rate attributed to unintentional poisoning (per 100,000 population)",SH.STA.POIS.P5,1.07
Cote d'Ivoire,CIV,2015,"Mortality rate attributed to unintentional poisoning (per 100,000 population)",SH.STA.POIS.P5,1.07
Cote d'Ivoire,CIV,2014,"Mortality rate attributed to unintentional poisoning (per 100,000 population)",SH.STA.POIS.P5,1.05
Cote d'Ivoire,CIV,2013,"Mortality rate attributed to unintentional poisoning (per 100,000 population)",SH.STA.POIS.P5,1.19
Cote d'Ivoire,CIV,2012,"Mortality rate attributed to unintentional poisoning (per 100,000 population)",SH.STA.POIS.P5,1.18
Cote d'Ivoire,CIV,2011,"Mortality rate attributed to unintentional poisoning (per 100,000 population)",SH.STA.POIS.P5,0.94
Cote d'Ivoire,CIV,2010,"Mortality rate attributed to unintentional poisoning (per 100,000 population)",SH.STA.POIS.P5,0.9
Cote d'Ivoire,CIV,2009,"Mortality rate attributed to unintentional poisoning (per 100,000 population)",SH.STA.POIS.P5,0.82
Cote d'Ivoire,CIV,2008,"Mortality rate attributed to unintentional poisoning (per 100,000 population)",SH.STA.POIS.P5,0.8
Cote d'Ivoire,CIV,2007,"Mortality rate attributed to unintentional poisoning (per 100,000 population)",SH.STA.POIS.P5,0.74
Cote d'Ivoire,CIV,2006,"Mortality rate attributed to unintentional poisoning (per 100,000 population)",SH.STA.POIS.P5,0.84
Cote d'Ivoire,CIV,2005,"Mortality rate attributed to unintentional poisoning (per 100,000 population)",SH.STA.POIS.P5,0.84
Cote d'Ivoire,CIV,2004,"Mortality rate attributed to unintentional poisoning (per 100,000 population)",SH.STA.POIS.P5,0.74
Cote d'Ivoire,CIV,2003,"Mortality rate attributed to unintentional poisoning (per 100,000 population)",SH.STA.POIS.P5,0.72
Cote d'Ivoire,CIV,2002,"Mortality rate attributed to unintentional poisoning (per 100,000 population)",SH.STA.POIS.P5,0.73
Cote d'Ivoire,CIV,2001,"Mortality rate attributed to unintentional poisoning (per 100,000 population)",SH.STA.POIS.P5,0.76
Cote d'Ivoire,CIV,2000,"Mortality rate attributed to unintentional poisoning (per 100,000 population)",SH.STA.POIS.P5,0.77
Cote d'Ivoire,CIV,2021,"Mortality rate attributed to unintentional poisoning, female (per 100,000 female population)",SH.STA.POIS.P5.FE,0.63
Cote d'Ivoire,CIV,2020,"Mortality rate attributed to unintentional poisoning, female (per 100,000 female population)",SH.STA.POIS.P5.FE,0.61
Cote d'Ivoire,CIV,2019,"Mortality rate attributed to unintentional poisoning, female (per 100,000 female population)",SH.STA.POIS.P5.FE,0.66
Cote d'Ivoire,CIV,2018,"Mortality rate attributed to unintentional poisoning, female (per 100,000 female population)",SH.STA.POIS.P5.FE,0.67
Cote d'Ivoire,CIV,2017,"Mortality rate attributed to unintentional poisoning, female (per 100,000 female population)",SH.STA.POIS.P5.FE,0.65
Cote d'Ivoire,CIV,2016,"Mortality rate attributed to unintentional poisoning, female (per 100,000 female population)",SH.STA.POIS.P5.FE,0.66
Cote d'Ivoire,CIV,2015,"Mortality rate attributed to unintentional poisoning, female (per 100,000 female population)",SH.STA.POIS.P5.FE,0.65
Cote d'Ivoire,CIV,2014,"Mortality rate attributed to unintentional poisoning, female (per 100,000 female population)",SH.STA.POIS.P5.FE,0.6
Cote d'Ivoire,CIV,2013,"Mortality rate attributed to unintentional poisoning, female (per 100,000 female population)",SH.STA.POIS.P5.FE,0.72
Cote d'Ivoire,CIV,2012,"Mortality rate attributed to unintentional poisoning, female (per 100,000 female population)",SH.STA.POIS.P5.FE,0.72
Cote d'Ivoire,CIV,2011,"Mortality rate attributed to unintentional poisoning, female (per 100,000 female population)",SH.STA.POIS.P5.FE,0.58
Cote d'Ivoire,CIV,2010,"Mortality rate attributed to unintentional poisoning, female (per 100,000 female population)",SH.STA.POIS.P5.FE,0.56
Cote d'Ivoire,CIV,2009,"Mortality rate attributed to unintentional poisoning, female (per 100,000 female population)",SH.STA.POIS.P5.FE,0.48
Cote d'Ivoire,CIV,2008,"Mortality rate attributed to unintentional poisoning, female (per 100,000 female population)",SH.STA.POIS.P5.FE,0.48
Cote d'Ivoire,CIV,2007,"Mortality rate attributed to unintentional poisoning, female (per 100,000 female population)",SH.STA.POIS.P5.FE,0.45
Cote d'Ivoire,CIV,2006,"Mortality rate attributed to unintentional poisoning, female (per 100,000 female population)",SH.STA.POIS.P5.FE,0.55
Cote d'Ivoire,CIV,2005,"Mortality rate attributed to unintentional poisoning, female (per 100,000 female population)",SH.STA.POIS.P5.FE,0.57
Cote d'Ivoire,CIV,2004,"Mortality rate attributed to unintentional poisoning, female (per 100,000 female population)",SH.STA.POIS.P5.FE,0.48
Cote d'Ivoire,CIV,2003,"Mortality rate attributed to unintentional poisoning, female (per 100,000 female population)",SH.STA.POIS.P5.FE,0.41
Cote d'Ivoire,CIV,2002,"Mortality rate attributed to unintentional poisoning, female (per 100,000 female population)",SH.STA.POIS.P5.FE,0.4
Cote d'Ivoire,CIV,2001,"Mortality rate attributed to unintentional poisoning, female (per 100,000 female population)",SH.STA.POIS.P5.FE,0.44
Cote d'Ivoire,CIV,2000,"Mortality rate attributed to unintentional poisoning, female (per 100,000 female population)",SH.STA.POIS.P5.FE,0.43
Cote d'Ivoire,CIV,2021,"Mortality rate attributed to unintentional poisoning, male (per 100,000 male population)",SH.STA.POIS.P5.MA,1.3
Cote d'Ivoire,CIV,2020,"Mortality rate attributed to unintentional poisoning, male (per 100,000 male population)",SH.STA.POIS.P5.MA,1.31
Cote d'Ivoire,CIV,2019,"Mortality rate attributed to unintentional poisoning, male (per 100,000 male population)",SH.STA.POIS.P5.MA,1.38
Cote d'Ivoire,CIV,2018,"Mortality rate attributed to unintentional poisoning, male (per 100,000 male population)",SH.STA.POIS.P5.MA,1.42
Cote d'Ivoire,CIV,2017,"Mortality rate attributed to unintentional poisoning, male (per 100,000 male population)",SH.STA.POIS.P5.MA,1.41
Cote d'Ivoire,CIV,2016,"Mortality rate attributed to unintentional poisoning, male (per 100,000 male population)",SH.STA.POIS.P5.MA,1.46
Cote d'Ivoire,CIV,2015,"Mortality rate attributed to unintentional poisoning, male (per 100,000 male population)",SH.STA.POIS.P5.MA,1.47
Cote d'Ivoire,CIV,2014,"Mortality rate attributed to unintentional poisoning, male (per 100,000 male population)",SH.STA.POIS.P5.MA,1.46
Cote d'Ivoire,CIV,2013,"Mortality rate attributed to unintentional poisoning, male (per 100,000 male population)",SH.STA.POIS.P5.MA,1.64
Cote d'Ivoire,CIV,2012,"Mortality rate attributed to unintentional poisoning, male (per 100,000 male population)",SH.STA.POIS.P5.MA,1.61
Cote d'Ivoire,CIV,2011,"Mortality rate attributed to unintentional poisoning, male (per 100,000 male population)",SH.STA.POIS.P5.MA,1.29
Cote d'Ivoire,CIV,2010,"Mortality rate attributed to unintentional poisoning, male (per 100,000 male population)",SH.STA.POIS.P5.MA,1.23
Cote d'Ivoire,CIV,2009,"Mortality rate attributed to unintentional poisoning, male (per 100,000 male population)",SH.STA.POIS.P5.MA,1.14
Cote d'Ivoire,CIV,2008,"Mortality rate attributed to unintentional poisoning, male (per 100,000 male population)",SH.STA.POIS.P5.MA,1.12
Cote d'Ivoire,CIV,2007,"Mortality rate attributed to unintentional poisoning, male (per 100,000 male population)",SH.STA.POIS.P5.MA,1.03
Cote d'Ivoire,CIV,2006,"Mortality rate attributed to unintentional poisoning, male (per 100,000 male population)",SH.STA.POIS.P5.MA,1.13
Cote d'Ivoire,CIV,2005,"Mortality rate attributed to unintentional poisoning, male (per 100,000 male population)",SH.STA.POIS.P5.MA,1.1
Cote d'Ivoire,CIV,2004,"Mortality rate attributed to unintentional poisoning, male (per 100,000 male population)",SH.STA.POIS.P5.MA,1
Cote d'Ivoire,CIV,2003,"Mortality rate attributed to unintentional poisoning, male (per 100,000 male population)",SH.STA.POIS.P5.MA,1.03
Cote d'Ivoire,CIV,2002,"Mortality rate attributed to unintentional poisoning, male (per 100,000 male population)",SH.STA.POIS.P5.MA,1.06
Cote d'Ivoire,CIV,2001,"Mortality rate attributed to unintentional poisoning, male (per 100,000 male population)",SH.STA.POIS.P5.MA,1.08
Cote d'Ivoire,CIV,2000,"Mortality rate attributed to unintentional poisoning, male (per 100,000 male population)",SH.STA.POIS.P5.MA,1.1
Cote d'Ivoire,CIV,2022,"People using safely managed sanitation services, rural (% of rural population)",SH.STA.SMSS.RU.ZS,14.1058944860192
Cote d'Ivoire,CIV,2021,"People using safely managed sanitation services, rural (% of rural population)",SH.STA.SMSS.RU.ZS,13.7175581680913
Cote d'Ivoire,CIV,2020,"People using safely managed sanitation services, rural (% of rural population)",SH.STA.SMSS.RU.ZS,13.3292218501636
Cote d'Ivoire,CIV,2019,"People using safely managed sanitation services, rural (% of rural population)",SH.STA.SMSS.RU.ZS,12.8012403889695
Cote d'Ivoire,CIV,2018,"People using safely managed sanitation services, rural (% of rural population)",SH.STA.SMSS.RU.ZS,12.2816400050389
Cote d'Ivoire,CIV,2017,"People using safely managed sanitation services, rural (% of rural population)",SH.STA.SMSS.RU.ZS,11.770420698372
Cote d'Ivoire,CIV,2016,"People using safely managed sanitation services, rural (% of rural population)",SH.STA.SMSS.RU.ZS,11.2675824689688
Cote d'Ivoire,CIV,2015,"People using safely managed sanitation services, rural (% of rural population)",SH.STA.SMSS.RU.ZS,10.7731253168291
Cote d'Ivoire,CIV,2014,"People using safely managed sanitation services, rural (% of rural population)",SH.STA.SMSS.RU.ZS,10.2870492419529
Cote d'Ivoire,CIV,2013,"People using safely managed sanitation services, rural (% of rural population)",SH.STA.SMSS.RU.ZS,9.8093542443404
Cote d'Ivoire,CIV,2012,"People using safely managed sanitation services, rural (% of rural population)",SH.STA.SMSS.RU.ZS,9.34004032399146
Cote d'Ivoire,CIV,2011,"People using safely managed sanitation services, rural (% of rural population)",SH.STA.SMSS.RU.ZS,8.87910748090627
Cote d'Ivoire,CIV,2010,"People using safely managed sanitation services, rural (% of rural population)",SH.STA.SMSS.RU.ZS,8.42655571508453
Cote d'Ivoire,CIV,2009,"People using safely managed sanitation services, rural (% of rural population)",SH.STA.SMSS.RU.ZS,7.98238502652639
Cote d'Ivoire,CIV,2008,"People using safely managed sanitation services, rural (% of rural population)",SH.STA.SMSS.RU.ZS,7.5465954152318
Cote d'Ivoire,CIV,2007,"People using safely managed sanitation services, rural (% of rural population)",SH.STA.SMSS.RU.ZS,7.119186881201
Cote d'Ivoire,CIV,2006,"People using safely managed sanitation services, rural (% of rural population)",SH.STA.SMSS.RU.ZS,6.70015942443365
Cote d'Ivoire,CIV,2005,"People using safely managed sanitation services, rural (% of rural population)",SH.STA.SMSS.RU.ZS,6.2895130449299
Cote d'Ivoire,CIV,2004,"People using safely managed sanitation services, rural (% of rural population)",SH.STA.SMSS.RU.ZS,5.88724774268974
Cote d'Ivoire,CIV,2003,"People using safely managed sanitation services, rural (% of rural population)",SH.STA.SMSS.RU.ZS,5.54704244051185
Cote d'Ivoire,CIV,2002,"People using safely managed sanitation services, rural (% of rural population)",SH.STA.SMSS.RU.ZS,5.20683713833382
Cote d'Ivoire,CIV,2001,"People using safely managed sanitation services, rural (% of rural population)",SH.STA.SMSS.RU.ZS,4.86663183615579
Cote d'Ivoire,CIV,2000,"People using safely managed sanitation services, rural (% of rural population)",SH.STA.SMSS.RU.ZS,4.52642653397776
Cote d'Ivoire,CIV,2022,"People using safely managed sanitation services, urban (% of urban population)",SH.STA.SMSS.UR.ZS,20.0691535309155
Cote d'Ivoire,CIV,2021,"People using safely managed sanitation services, urban (% of urban population)",SH.STA.SMSS.UR.ZS,19.9510032212108
Cote d'Ivoire,CIV,2020,"People using safely managed sanitation services, urban (% of urban population)",SH.STA.SMSS.UR.ZS,19.832852911506
Cote d'Ivoire,CIV,2019,"People using safely managed sanitation services, urban (% of urban population)",SH.STA.SMSS.UR.ZS,19.6605599605068
Cote d'Ivoire,CIV,2018,"People using safely managed sanitation services, urban (% of urban population)",SH.STA.SMSS.UR.ZS,19.488915963739
Cote d'Ivoire,CIV,2017,"People using safely managed sanitation services, urban (% of urban population)",SH.STA.SMSS.UR.ZS,19.3179209212025
Cote d'Ivoire,CIV,2016,"People using safely managed sanitation services, urban (% of urban population)",SH.STA.SMSS.UR.ZS,19.1475748328976
Cote d'Ivoire,CIV,2015,"People using safely managed sanitation services, urban (% of urban population)",SH.STA.SMSS.UR.ZS,18.9778776988239
Cote d'Ivoire,CIV,2014,"People using safely managed sanitation services, urban (% of urban population)",SH.STA.SMSS.UR.ZS,18.8088295189818
Cote d'Ivoire,CIV,2013,"People using safely managed sanitation services, urban (% of urban population)",SH.STA.SMSS.UR.ZS,18.640430293371
Cote d'Ivoire,CIV,2012,"People using safely managed sanitation services, urban (% of urban population)",SH.STA.SMSS.UR.ZS,18.4726800219916
Cote d'Ivoire,CIV,2011,"People using safely managed sanitation services, urban (% of urban population)",SH.STA.SMSS.UR.ZS,18.3055787048436
Cote d'Ivoire,CIV,2010,"People using safely managed sanitation services, urban (% of urban population)",SH.STA.SMSS.UR.ZS,18.1391263419271
Cote d'Ivoire,CIV,2009,"People using safely managed sanitation services, urban (% of urban population)",SH.STA.SMSS.UR.ZS,17.9733229332419
Cote d'Ivoire,CIV,2008,"People using safely managed sanitation services, urban (% of urban population)",SH.STA.SMSS.UR.ZS,17.8081684787882
Cote d'Ivoire,CIV,2007,"People using safely managed sanitation services, urban (% of urban population)",SH.STA.SMSS.UR.ZS,17.6436629785658
Cote d'Ivoire,CIV,2006,"People using safely managed sanitation services, urban (% of urban population)",SH.STA.SMSS.UR.ZS,17.4798064325749
Cote d'Ivoire,CIV,2005,"People using safely managed sanitation services, urban (% of urban population)",SH.STA.SMSS.UR.ZS,17.3165988408153
Cote d'Ivoire,CIV,2004,"People using safely managed sanitation services, urban (% of urban population)",SH.STA.SMSS.UR.ZS,17.1540402032872
Cote d'Ivoire,CIV,2003,"People using safely managed sanitation services, urban (% of urban population)",SH.STA.SMSS.UR.ZS,16.9233438495816
Cote d'Ivoire,CIV,2002,"People using safely managed sanitation services, urban (% of urban population)",SH.STA.SMSS.UR.ZS,16.692647495876
Cote d'Ivoire,CIV,2001,"People using safely managed sanitation services, urban (% of urban population)",SH.STA.SMSS.UR.ZS,16.4619511421705
Cote d'Ivoire,CIV,2000,"People using safely managed sanitation services, urban (% of urban population)",SH.STA.SMSS.UR.ZS,16.2312547884649
Cote d'Ivoire,CIV,2022,People using safely managed sanitation services (% of population),SH.STA.SMSS.ZS,17.2462063328749
Cote d'Ivoire,CIV,2021,People using safely managed sanitation services (% of population),SH.STA.SMSS.ZS,16.9701696011372
Cote d'Ivoire,CIV,2020,People using safely managed sanitation services (% of population),SH.STA.SMSS.ZS,16.6919892427155
Cote d'Ivoire,CIV,2019,People using safely managed sanitation services (% of population),SH.STA.SMSS.ZS,16.3158871640333
Cote d'Ivoire,CIV,2018,People using safely managed sanitation services (% of population),SH.STA.SMSS.ZS,15.941422971177
Cote d'Ivoire,CIV,2017,People using safely managed sanitation services (% of population),SH.STA.SMSS.ZS,15.5687755324345
Cote d'Ivoire,CIV,2016,People using safely managed sanitation services (% of population),SH.STA.SMSS.ZS,15.1982015840218
Cote d'Ivoire,CIV,2015,People using safely managed sanitation services (% of population),SH.STA.SMSS.ZS,14.8298832613884
Cote d'Ivoire,CIV,2014,People using safely managed sanitation services (% of population),SH.STA.SMSS.ZS,14.4639143714892
Cote d'Ivoire,CIV,2013,People using safely managed sanitation services (% of population),SH.STA.SMSS.ZS,14.1006387706605
Cote d'Ivoire,CIV,2012,People using safely managed sanitation services (% of population),SH.STA.SMSS.ZS,13.7394154062349
Cote d'Ivoire,CIV,2011,People using safely managed sanitation services (% of population),SH.STA.SMSS.ZS,13.3803416810233
Cote d'Ivoire,CIV,2010,People using safely managed sanitation services (% of population),SH.STA.SMSS.ZS,13.0235155424856
Cote d'Ivoire,CIV,2009,People using safely managed sanitation services (% of population),SH.STA.SMSS.ZS,12.66913442274
Cote d'Ivoire,CIV,2008,People using safely managed sanitation services (% of population),SH.STA.SMSS.ZS,12.3173033765807
Cote d'Ivoire,CIV,2007,People using safely managed sanitation services (% of population),SH.STA.SMSS.ZS,11.9679176366147
Cote d'Ivoire,CIV,2006,People using safely managed sanitation services (% of population),SH.STA.SMSS.ZS,11.6212834814289
Cote d'Ivoire,CIV,2005,People using safely managed sanitation services (% of population),SH.STA.SMSS.ZS,11.2775051282803
Cote d'Ivoire,CIV,2004,People using safely managed sanitation services (% of population),SH.STA.SMSS.ZS,10.9366864363534
Cote d'Ivoire,CIV,2003,People using safely managed sanitation services (% of population),SH.STA.SMSS.ZS,10.5980063244405
Cote d'Ivoire,CIV,2002,People using safely managed sanitation services (% of population),SH.STA.SMSS.ZS,10.258641277738
Cote d'Ivoire,CIV,2001,People using safely managed sanitation services (% of population),SH.STA.SMSS.ZS,9.9184805397675
Cote d'Ivoire,CIV,2000,People using safely managed sanitation services (% of population),SH.STA.SMSS.ZS,9.57764505727547
Cote d'Ivoire,CIV,2019,"Mortality rate attributed to unsafe water, unsafe sanitation and lack of hygiene (per 100,000 population)",SH.STA.WASH.P5,47
Cote d'Ivoire,CIV,2005,Energy related methane emissions (% of total),EN.ATM.METH.IN.ZS,11.2271540469974
Cote d'Ivoire,CIV,2000,Energy related methane emissions (% of total),EN.ATM.METH.IN.ZS,11.3232389730086
Cote d'Ivoire,CIV,1995,Energy related methane emissions (% of total),EN.ATM.METH.IN.ZS,20.2360876897133
Cote d'Ivoire,CIV,1990,Energy related methane emissions (% of total),EN.ATM.METH.IN.ZS,18.8539741219963
Cote d'Ivoire,CIV,2010,Nitrous oxide emissions in industrial and energy processes (% of total nitrous oxide emissions),EN.ATM.NOXE.IN.ZS,2.37664423526542
Cote d'Ivoire,CIV,2008,Nitrous oxide emissions in industrial and energy processes (% of total nitrous oxide emissions),EN.ATM.NOXE.IN.ZS,2.81795257426526
Cote d'Ivoire,CIV,2005,Nitrous oxide emissions in industrial and energy processes (% of total nitrous oxide emissions),EN.ATM.NOXE.IN.ZS,3.09988365406475
Cote d'Ivoire,CIV,2000,Nitrous oxide emissions in industrial and energy processes (% of total nitrous oxide emissions),EN.ATM.NOXE.IN.ZS,2.53911562614568
Cote d'Ivoire,CIV,1990,Nitrous oxide emissions in industrial and energy processes (% of total nitrous oxide emissions),EN.ATM.NOXE.IN.ZS,2.25255972696246
